date,EURUSD,GBPUSD,USDJPY,VIX,EURUSD_ret,GBPUSD_ret,USDJPY_ret,VIX_ret,EURUSD_vol5,EURUSD_vol22,GBPUSD_vol5,GBPUSD_vol22,USDJPY_vol5,USDJPY_vol22
2015-02-03,1.1341726779937744,1.5028102397918701,117.57499694824219,17.329999923706055,0.002887982175268975,-0.003914989719067638,0.00333106896954224,-0.11437917977067641,0.006936025928944918,0.008730904449759358,0.004618302113555211,0.005724160293853571,0.006186803833236075,0.007568328563130001
2015-02-04,1.145737886428833,1.5142109394073486,117.64600372314453,18.329999923706055,0.010145404662095805,0.0075576227035705525,0.0006037452171068831,0.05609995836427453,0.006796538606637988,0.008912347735934514,0.004937366005180527,0.004552873169952277,0.005618854715129621,0.007474570995540353
2015-02-05,1.131874680519104,1.5180034637451172,117.28800201416016,16.850000381469727,-0.012173604340968083,0.0025014895460248546,-0.003047681283642973,-0.08418837825184554,0.00845078767089951,0.009170020929400717,0.004880162587672643,0.0045842915307074345,0.005745791697957693,0.007309076296864148
2015-02-06,1.147196888923645,1.5325905084609985,117.53500366210938,17.290000915527344,0.013446211575507286,0.009563485686080593,0.002103726918352517,0.025777673208937757,0.010212009125396371,0.009742362169440532,0.0054250110230601506,0.004702468498936046,0.004988957664540195,0.007227583515816997
2015-02-09,1.1314393281936646,1.523902416229248,118.97000122070312,18.549999237060547,-0.013830915005197415,-0.005685022570220058,0.012135178021942384,0.07034139527817063,0.012564990997242696,0.01008396867777404,0.006752620803487045,0.004860720060589365,0.005627559381684338,0.007626236363469469
2015-02-10,1.1326953172683716,1.5216069221496582,118.56300354003906,17.229999542236328,0.001109465116006892,-0.0015074618129456742,-0.0034268760197880208,-0.07381772395262162,0.012491115009737541,0.010101158850361398,0.006295350417212813,0.0048643890554861,0.006306337402120669,0.007593478625564447
2015-02-11,1.1321951150894165,1.526205062866211,119.35800170898438,16.959999084472656,-0.00044170100234545756,0.00301734111405007,0.006682899871790986,-0.015794447589819655,0.011106759936993978,0.009943048730184768,0.00567811784123566,0.004696774341068508,0.00662639818479876,0.007170896097831993
2015-02-12,1.131196141242981,1.5242739915847778,120.16999816894531,15.34000015258789,-0.000882723133711319,-0.001266077560222393,0.006779997084971622,-0.10039377049602104,0.009672488166876629,0.009943068911773873,0.0057740987930255845,0.00469686626135296,0.0058353834005456465,0.0072972537338655205
2015-02-13,1.140393853187561,1.5391956567764282,118.91600036621094,14.6899995803833,0.008098083044709882,0.00974175357483308,-0.010490027100090563,-0.043296844265169485,0.00793730319630475,0.01015509383901506,0.005841704992170407,0.005116008945310319,0.009115731586238513,0.007605370531544143
2015-02-16,1.1400039196014404,1.5400489568710327,118.56999969482422,14.6899995803833,-0.0003419873449920823,0.0005542269117983215,-0.002913863689738149,0.0,0.0037592342507738203,0.010147460366132175,0.004636034652760325,0.005054143663339447,0.007393168318073483,0.007593337908164267
2015-02-17,1.1334012746810913,1.5356265306472778,118.49199676513672,15.800000190734863,-0.005808611242167605,-0.002875745044922254,-0.0006580804487212683,0.07284299048374784,0.005008306300018161,0.009889670369771796,0.004933631035250268,0.005032448385280002,0.007237438656209561,0.007174458092955773
2015-02-18,1.1404719352722168,1.5353436470031738,119.20800018310547,15.449999809265137,0.006219065644784293,-0.00018423079908939908,0.006024447561720465,-0.02240096110629207,0.005663060556557407,0.009946358932823383,0.004949437524808577,0.00498794763250286,0.007087143188730834,0.006821046712981546
2015-02-19,1.1400039196014404,1.543900728225708,118.68900299072266,15.289999961853027,-0.00041045440261669463,0.005557924092732086,-0.00436321608790872,-0.010409973552381732,0.0056180449249697995,0.00991775943548928,0.0050414873414693345,0.005006917865305565,0.005990415130672311,0.006901109843914228
2015-02-20,1.1366735696792603,1.5419963598251343,118.98799896240234,14.300000190734863,-0.0029256250068887004,-0.0012342398906944642,0.0025159870492120883,-0.06693946684211022,0.0044476396493543045,0.009896948831654038,0.0031766298422931088,0.004989896228642232,0.00419857755521884,0.006712938035928732
2015-02-23,1.1381484270095825,1.5389113426208496,119.07599639892578,14.5600004196167,0.0012966795108525343,-0.002002668390825422,0.000739275507811551,0.018018520984404013,0.004535834587547959,0.009798400123610808,0.0033398797574417842,0.005022269279310495,0.0038410478645703053,0.006539058581534374
2015-02-24,1.1332985162734985,1.5452368259429932,118.90299987792969,13.6899995803833,-0.0042703336043747155,0.00410193793926128,-0.0014538808397001313,-0.06161246293934012,0.0041024387474436815,0.008467794769021153,0.0033726863196873002,0.0045988563688513185,0.003934595710988627,0.006354795119187683
2015-02-25,1.1339025497436523,1.545905590057373,118.89199829101562,13.84000015258789,0.0005328450956548737,0.0004326970645883435,-9.253001119973386e-05,0.010897352565632288,0.002358724088664916,0.007243291450451711,0.003318044642542029,0.00457068558085622,0.0025800956853768253,0.005781198084897743
2015-02-26,1.1363636255264282,1.552891492843628,118.8219985961914,13.90999984741211,0.0021680953305266886,0.004508791272339703,-0.0005889404727036284,0.0050450337510371925,0.002802458551462001,0.006896102040067497,0.003005545661426969,0.0045117653483392126,0.0015079009461427598,0.005402753554170995
2015-02-27,1.1205360889434814,1.5418059825897217,119.37699890136719,13.34000015258789,-0.014026140340517966,-0.007164227040981513,0.0046599802295107405,-0.041840943039847,0.006722031980157236,0.0071674304165530375,0.004813421371453089,0.004683855682990869,0.0023769997786553566,0.005286713639722976
2015-03-02,1.1161960363388062,1.5406184196472168,119.82599639892578,13.039999961853027,-0.0038807132980833957,-0.0007705382817503445,0.0037541170780049935,-0.022745498352724706,0.006307694128819065,0.007039076275580508,0.0047174244260298,0.004623416765719502,0.0027565133197623485,0.005304129023352156
2015-03-03,1.1179054975509644,1.5359095335006714,120.2040023803711,13.859999656677246,0.0015303346959355403,-0.0030611714864378055,0.003149658758185506,0.06098541541786991,0.006740080573359652,0.0069568417627503525,0.004314968291725259,0.004571774948658768,0.0023664184886878154,0.005226517343688672
2015-03-04,1.118217945098877,1.5366648435592651,119.63700103759766,14.229999542236328,0.0002794546526248074,0.0004916464053383264,-0.004728152325824291,0.02634541094184929,0.006710252786697259,0.00694858078816303,0.004320658577289425,0.004571897862314594,0.003893175951896788,0.004913673987987759
2015-03-05,1.1082050800323486,1.52650785446167,119.6510009765625,14.039999961853027,-0.008994636203198564,-0.00663170335062276,0.0001170132966381702,-0.013441984052200456,0.0065037943048209725,0.007131082461593847,0.0034199195288690115,0.004739897465475994,0.0038219923097879867,0.004886957079923305
2015-03-06,1.1032048463821411,1.5247621536254883,120.04499816894531,15.199999809265137,-0.004522220970351142,-0.0011442455253221756,0.0032874770428476525,0.0793850194232402,0.004190409698072143,0.0067073408334712955,0.00277407001692363,0.004498285275184086,0.0035694128735675626,0.0049153535103799665
2015-03-09,1.0845986604690552,1.5057746171951294,120.73899841308594,15.0600004196167,-0.017009420131539596,-0.012530971458750234,0.005764520697188937,-0.009253165069142574,0.007552599208497058,0.007132043896321177,0.005178324268954905,0.005232279478672792,0.00402503043177391,0.004935848803629532
2015-03-10,1.0833414793014526,1.5104827880859375,121.40799713134766,16.690000534057617,-0.001159793377558223,0.003121865333111542,0.005525572753111252,0.10276751943766035,0.006978940564903885,0.006257881868839971,0.006256353052829985,0.00481354612191602,0.00438954222351585,0.005015062555156733
2015-03-11,1.0708701610565186,1.508204698562622,121.03800201416016,16.8700008392334,-0.011578674390493175,-0.0015093248081228924,-0.003052188163355892,0.01072717663256296,0.006158683386380529,0.006081392203295846,0.0060092048162273546,0.0046866402215209975,0.003767944663113812,0.004496024279424792
2015-03-12,1.0548745393753052,1.4932951927185059,121.41100311279297,15.420000076293945,-0.015049712776884282,-0.009934785283756811,0.003076947193270591,-0.089871573222055,0.0068041636195670455,0.006579984191893757,0.0065627917471441895,0.0051014616985236,0.0035604427231799465,0.004419174086830484
2015-03-13,1.0626314878463745,1.4894028902053833,121.31800079345703,16.0,0.007326527593731302,-0.0026099220332334292,-0.000766305817519532,0.036923349156871114,0.010296683837343786,0.006935849550585012,0.00641204395208036,0.005038815775759893,0.0039012167012325324,0.004251551994303863
2015-03-16,1.0481630563735962,1.4755791425704956,121.34300231933594,15.609999656677246,-0.013709205487791821,-0.009324743049003466,0.00020606134192688248,-0.024677009706211055,0.009617633341719629,0.007289824573701293,0.005532135886279005,0.005334955417327983,0.0033527937037667013,0.004032211859147695
2015-03-17,1.0572947263717651,1.4825797080993652,121.36699676513672,15.65999984741211,0.008674338979073777,0.00473306468725382,0.0001977211154832597,0.0031979682852878465,0.011821260364680425,0.007334251977210349,0.006074741627880358,0.004924539512985748,0.002203940742639423,0.0032130796425726294
2015-03-18,1.0598047971725464,1.47520911693573,121.27999877929688,13.970000267028809,0.0023712366367233243,-0.004983862510861051,-0.0007170745252582305,-0.11419748843554198,0.011482638099193173,0.0074112192228241594,0.005954876057711722,0.0049451396787516255,0.001569450427339362,0.003120831416319751
2015-03-19,1.0849988460540771,1.496199607849121,120.06400299072266,14.069999694824219,0.0234941858924157,0.014128544421745333,-0.010076952975788938,0.007132657053160405,0.013378151412059305,0.009327326450816957,0.009217699918256925,0.006008878564718995,0.00441118553366411,0.003909456840441461
2015-03-20,1.066894292831421,1.4761673212051392,120.76200103759766,13.020000457763672,-0.016827025546640437,-0.013479217354758405,0.0057967162158948475,-0.07755817749755382,0.016588619165421033,0.009650735534825709,0.011175433203953923,0.006548075771817811,0.005734164052774803,0.003894681083919455
2015-03-23,1.0826611518859863,1.494321584701538,120.0270004272461,13.40999984741211,0.014670142016394026,0.012223233348263331,-0.0061049540360776245,0.02951401397599996,0.015177906549981536,0.010355600373788316,0.011684300472611568,0.007039809280078933,0.0061071441073910675,0.004015950686771045
2015-03-24,1.094499111175537,1.4951928853988647,119.75,13.619999885559082,0.010874785980817097,0.0005829045021937952,-0.0023104847419008123,0.015538606404026779,0.015289057249069647,0.010730022508921938,0.011635479740635403,0.0070535215226521794,0.0059642586863881955,0.004032918092419591
2015-03-25,1.0902034044265747,1.4833933115005493,119.79100036621094,15.4399995803833,-0.0039325375004806,-0.007922977441881699,0.0003423244166857068,0.12542222510043294,0.01600092066434251,0.010717959310857892,0.012121305283775561,0.007189198608527572,0.0060694281631519945,0.0040317008819999904
2015-03-26,1.0960465669631958,1.4877409934997559,119.51799774169922,15.800000190734863,0.005345387331017505,0.0029266163398116232,-0.0022815919593507767,0.02304843468536551,0.012650438868000694,0.01081472680944411,0.009954228436056443,0.007148515038644502,0.004398252935229826,0.00405238364430747
2015-03-27,1.0886367559432983,1.4858399629592896,119.18299865722656,15.069999694824219,-0.006783444864340464,-0.0012786137840498852,-0.002806853004094718,-0.04730395971689352,0.009248330064731884,0.010861010859577906,0.0073176072107829365,0.0071332288373113185,0.0023002579428884166,0.004103808057703242
2015-03-30,1.0884946584701538,1.4885826110839844,119.25,14.510000228881836,-0.00013053642274932147,0.0018441555183989597,0.0005620140241858155,-0.03786790971768249,0.00711610705434943,0.010831514500628895,0.004293975588718193,0.0070430348208134355,0.0016139646858937433,0.004101794394041886
2015-03-31,1.0830246210098267,1.4809110164642334,120.01300048828125,15.289999961853027,-0.005037992599711713,-0.00516694941938084,0.00637794454786669,0.052360934775902146,0.00482796342044404,0.01051959334758509,0.004600226915439307,0.0069848830761064665,0.0036480379323901193,0.004206492250422515
2015-04-01,1.073814034461975,1.482953429222107,120.02200317382812,15.109999656677246,-0.008540873017487882,0.001378209508964898,7.501143927959264e-05,-0.011842263882984972,0.005635692165445055,0.010615292326756023,0.003247309716564543,0.007015384217705193,0.00365176152831101,0.004132682000854106
2015-04-02,1.0769942998886108,1.4836794137954712,119.5739974975586,14.670000076293945,0.002957276753665615,0.0004894333921806219,-0.003739680104300908,-0.029552156207520802,0.00478555866689291,0.010640680162436009,0.002845058945105663,0.007024234395802485,0.00396293475778241,0.004149534486882089
2015-04-03,1.087074637413025,1.4830634593963623,119.6969985961914,14.670000076293945,0.009316163877554637,-0.0004152394961661011,0.0010281322138980785,0.0,0.0069546552619633864,0.010891969385289099,0.0028155831586073317,0.007014197152879898,0.0036172516458163723,0.004032822231259399
2015-04-06,1.100134253501892,1.4930721521377563,118.822998046875,14.739999771118164,0.011941951539813292,0.006725990868477215,-0.007328563418893665,0.004760273877682206,0.008857868587871373,0.011098859855390142,0.004255408023286659,0.007136231223056172,0.005168664518692049,0.004326278644171938
2015-04-07,1.0934817790985107,1.4890702962875366,119.47699737548828,14.779999732971191,-0.0060653229178221696,-0.00268388135148914,0.005488887814887184,0.0027100262199033945,0.009074881890546246,0.011131428124414191,0.0034898305172649654,0.00714518841141465,0.0048702239734032616,0.004437611212272152
2015-04-08,1.0824151039123535,1.4823819398880005,120.29000091552734,13.979999542236328,-0.010172146205242448,-0.004501750096123276,0.006781639355794947,-0.055647193391672574,0.009561352559351873,0.01073404080848046,0.004274639787605146,0.006724962875565897,0.005997367666944497,0.004507626934471291
2015-04-09,1.078527569770813,1.487851619720459,120.09400177001953,13.09000015258789,-0.0035980022818393863,0.003683000616264424,-0.001630717408414711,-0.06577911248284371,0.009775001965650334,0.010758154951778646,0.004606184304381462,0.006741239427716845,0.005695977033045557,0.004331877063353054
2015-04-10,1.0669056177139282,1.4714971780776978,120.55000305175781,12.579999923706055,-0.010834236933770044,-0.011052842537566441,0.003789845733898718,-0.03974034637104448,0.009260823971322281,0.010721778127218024,0.0070031705079622265,0.0070945335724987135,0.005847294925777794,0.004384801393295821
2015-04-13,1.0609854459762573,1.4640644788742065,120.20899963378906,13.9399995803833,-0.00556437038889904,-0.005063913455251235,-0.002832738482832888,0.1026541300231562,0.0031211991466878176,0.010276334600735092,0.0052881458552947605,0.0068790778809244965,0.004308926844895248,0.004356467821766658
2015-04-14,1.0572947263717651,1.4667917490005493,120.05899810791016,13.670000076293945,-0.0034846413494175107,0.0018610745130279306,-0.0012486185990400979,-0.01955871891376825,0.003549421920059599,0.010180497654015732,0.005908779478485008,0.00689214299314959,0.004119268252620584,0.0043593361352172386
2015-04-15,1.0647132396697998,1.4771921634674072,119.45700073242188,12.84000015258789,0.006992003460704671,0.007065566962127626,-0.005026792749049225,-0.06263834617137357,0.006479589287371541,0.009825707639276983,0.007285240326128453,0.006800170954154413,0.003248710938054262,0.004462003285291085
2015-04-16,1.0676802396774292,1.4828435182571411,119.14299774169922,12.600000381469727,0.002782790278670431,0.0038184415757239864,-0.0026320467226025757,-0.018868465912800163,0.007012158993495344,0.009677534083835591,0.007305840863028739,0.006772916084872993,0.003297767656520564,0.004475295911621504
2015-04-17,1.0755579471588135,1.4921809434890747,119.04399871826172,13.890000343322754,0.007351252890400624,0.006277229658221371,-0.0008312714850907811,0.09747233725070595,0.00593148796297247,0.009782427180236159,0.004848860191450234,0.006803145724667075,0.0016479094000116097,0.004475211966729079
2015-04-20,1.0810226202011108,1.4968267679214478,118.81800079345703,13.300000190734863,0.0050679161456982395,0.0031086090249024556,-0.0019002446231329898,-0.043405131914837844,0.004429777391060201,0.008430679408567709,0.0021839101285888265,0.006125380855882776,0.00165560877171385,0.003984717607500185
2015-04-21,1.0747487545013428,1.490979552268982,119.19499969482422,13.25,-0.005820546172887794,-0.003914057666871937,0.0031678876017287513,-0.003766497136443946,0.005399484483503287,0.007688892951402278,0.004341292199543259,0.005420567068309356,0.0030042037347541503,0.0038238838126921407
2015-04-22,1.074171543121338,1.4935628175735474,119.63300323486328,12.710000038146973,-0.0005372106117897189,0.0017310968514124157,0.0036679453475681736,-0.041608464229533175,0.005147620425181837,0.00699048566117411,0.003797045087726231,0.0047566603466387605,0.0029276881207370453,0.0037193811648389493
2015-04-23,1.0725815296173096,1.5037593841552734,119.94999694824219,12.479999542236328,-0.0014813196868964213,0.006803810354875742,0.0026462136137726444,-0.0182617619411985,0.0052889248563733225,0.0065259754718859165,0.004313872342013433,0.004974326402800371,0.0025337615833459994,0.003732346706749891
2015-04-24,1.0815019607543945,1.5052080154418945,119.57099914550781,12.289999961853027,0.008282392182623336,0.0009628761007763046,-0.0031646337917557075,-0.015341405787459452,0.005580517897511131,0.006772385285076127,0.0038758103392333345,0.0046268982211596765,0.003170778421517994,0.0037947918679561814
2015-04-27,1.086897373199463,1.517657995223999,118.927001953125,13.119999885559082,0.004976411397304738,0.008237249110423624,-0.005400454130364946,0.065351854319272,0.0055643881802747205,0.006758013826695719,0.004878112179800461,0.004882081250697251,0.004168435876917897,0.003936430856922885
2015-04-28,1.0877959728240967,1.5223711729049683,119.1259994506836,12.40999984741211,0.0008264150689745702,0.0031007475235243546,0.0016718759497904732,-0.05563518787235546,0.004105105426057569,0.00660778899560279,0.0031959593630586274,0.00487808822235384,0.003948550054328207,0.003912303752737472
2015-04-29,1.096912145614624,1.533483624458313,118.822998046875,13.390000343322754,0.008345486175603142,0.007272924450499831,-0.0025467774251567454,0.07600559842235986,0.004419042671253169,0.006844811168505506,0.0030994220427827137,0.005051536301767704,0.003399721492442904,0.0039462112991956125
2015-04-30,1.1114321947097778,1.542686104774475,118.97000122070312,14.550000190734863,0.013150357104829433,0.005983094938348959,0.0012363963027303814,0.08308282138311034,0.004566790186118595,0.00724948669638629,0.0030189380002762687,0.004924208437871931,0.0030220003383277265,0.003683919082443325
2015-05-01,1.1214659214019775,1.5354615449905396,119.4520034790039,12.699999809265137,0.008987238741826697,-0.004694104293761439,0.004043275414603482,-0.13598902828037443,0.004622328768814627,0.007092106120338677,0.005219987571149533,0.005118703482322677,0.0037458184644203947,0.0038033319856493083
2015-05-04,1.1185932159423828,1.5146695375442505,120.13600158691406,12.850000381469727,-0.0025648492814611475,-0.013633728484678222,0.005709801423658591,0.01174186258153601,0.006429617987399753,0.007153092908065086,0.008738472945737987,0.006061080741624655,0.0031344424002649235,0.003918328785673554
2015-05-05,1.1149141788482666,1.5122873783111572,120.0999984741211,14.3100004196167,-0.0032944063047326937,-0.0015739634167928516,-0.0002997312064250296,0.10761478186408995,0.007408010710725437,0.007019638356506779,0.008518364185451918,0.006078424692395623,0.003308811117397175,0.003915402937819066
2015-05-06,1.1186307668685913,1.517427682876587,119.9219970703125,15.149999618530273,0.003327975519527869,0.0033932626625521704,-0.0014832093703503575,0.05704188388417954,0.0071646321309967054,0.006617711907527333,0.007673741156857545,0.0059664725655554215,0.0029923354029318876,0.003566316207590375
2015-05-07,1.1341469287872314,1.5242043733596802,119.39700317382812,15.130000114440918,0.013775355917792378,0.004455964147367872,-0.004387405413667684,-0.0013209714117521246,0.007368457413673704,0.006985297229750568,0.00729224743433364,0.005965804897422903,0.004120733897215652,0.0035189596829735678
2015-05-08,1.1246949434280396,1.5407133102416992,119.70899963378906,12.859999656677246,-0.008368926256090859,0.010772946127707775,0.002609693051352366,-0.16255784325158099,0.008465415614410627,0.00684910424685954,0.009130312061099913,0.006172942272365908,0.003873875235937102,0.0032353650452762745
2015-05-11,1.1194071769714355,1.5434004068374634,119.77999877929688,13.850000381469727,-0.004712598588704311,0.0017425409840237799,0.0005929219969040718,0.07416356806376284,0.00871536939153335,0.006894455527086275,0.00453656161815938,0.006157916938539816,0.0025951707084471195,0.003223910940862025
2015-05-12,1.114441990852356,1.557705283164978,120.13099670410156,13.859999656677246,-0.00444541589227636,0.009225727349858255,0.002926069932985591,0.0007217088147076654,0.00884320639454541,0.006462795698816949,0.0038877328720149677,0.0056610710715122225,0.003047944218003683,0.0031789867615918945
2015-05-13,1.1221455335617065,1.567103385925293,119.83499908447266,13.760000228881836,0.006888684738586101,0.006015172186598048,-0.00246699761587649,-0.00724111985194358,0.009317394532569063,0.006314063975648337,0.003630346631083658,0.005436294355237828,0.0031997659966357802,0.003165261228017567
2015-05-14,1.1350480318069458,1.574009895324707,119.16000366210938,12.739999771118164,0.011432461064799745,0.0043974985368869495,-0.005648630384427392,-0.07701921696064191,0.008515254336802974,0.006435236344754938,0.003638429805656905,0.005435853629473133,0.003637562834984046,0.003370869459944431
2015-05-15,1.1404979228973389,1.5772124528884888,119.19100189208984,12.380000114440918,0.0047899727089588595,0.002032581844427279,0.0002601057216701505,-0.028664355677943884,0.007143729198918265,0.006390835391158663,0.003088833954011384,0.005371244334177649,0.0032868335863366076,0.0032053446729122187
2015-05-18,1.144505262374878,1.574604868888855,119.33000183105469,12.729999542236328,0.0035075168488019185,-0.001654654650543969,0.0011655154265682076,0.027879100109408386,0.005805881641821444,0.006390852960415667,0.004104051366529417,0.00545653433391544,0.00335959910849458,0.0031645638917571777
2015-05-19,1.1326183080673218,1.5663670301437378,119.9000015258789,12.850000381469727,-0.010440419164911752,-0.005245419505936615,0.004765295033704711,0.009382464417714065,0.008216706653270893,0.006937343823240054,0.004575865651806945,0.005649359530992264,0.003917471036719155,0.00331015129237818
2015-05-20,1.1146656274795532,1.5516144037246704,120.6520004272461,12.880000114440918,-0.01597756493461942,-0.009463004717240412,0.006252297590317627,0.0023318885337834856,0.011415851416085693,0.00792532815235752,0.005557365756600164,0.006165858735373603,0.004634088250378617,0.0034999873151689157
2015-05-21,1.1100751161575317,1.5542914867401123,121.21199798583984,12.109999656677246,-0.004126789020246717,0.0017238665772979912,0.0046306896681605645,-0.06164420034672275,0.00891029613727998,0.007859872830071286,0.004876434269636075,0.00604016757458702,0.0025673427009458407,0.003562514502558149
2015-05-22,1.1111851930618286,1.5663915872573853,121.03900146484375,12.130000114440918,0.000999501942301675,0.007754815768925075,-0.0014282422016502453,0.0016502031758452804,0.008047112365281727,0.007848004433896641,0.006584653873991217,0.006167789010443489,0.0031343973504142685,0.0035301515528386664
2015-05-25,1.0992997884750366,1.5475084781646729,121.57099914550781,12.130000114440918,-0.010753766006082483,-0.01212841784805406,0.004385627402142835,0.0,0.006579424918990569,0.008256347424540676,0.008170207239527138,0.006779980924140633,0.002969931802514657,0.0035985945719165234
2015-05-26,1.0971167087554932,1.5472211837768555,121.5999984741211,14.0600004196167,-0.0019878565301065165,-0.00018566687240940431,0.00023850976501823206,0.14765218383673945,0.006893247450426679,0.00812123770132944,0.008208839292977992,0.0067871471730988646,0.003248923569057899,0.0035004093717867697
2015-05-27,1.08888578414917,1.5398591756820679,122.98600006103516,13.270000457763672,-0.007530607610023686,-0.004769569427387469,0.011333571268645872,-0.0578280333869863,0.0046050792164622914,0.008240949849611162,0.007440153704271819,0.006715763939597852,0.004944726991176394,0.0038930258706186853
2015-05-28,1.0900014638900757,1.5350136756896973,123.73999786376953,13.3100004196167,0.0010240822139052667,-0.0031516776383777095,0.006112044586613055,0.003009781093195853,0.005285599310716817,0.008241906578190199,0.007224945808477745,0.006739815485816132,0.005047846653337441,0.004014186888444351
2015-05-29,1.0960345268249512,1.531909704208374,123.81999969482422,13.84000015258789,0.005519651348569679,-0.0020241604739615264,0.0006463227874342836,0.03904729728121657,0.006521619422633335,0.008128393117553211,0.004604755222362004,0.0065762565032612555,0.004536277506238009,0.00390862833167726
2015-06-01,1.0957943201065063,1.5288883447647095,124.19300079345703,13.970000267028809,-0.00021918382883109443,-0.0019742304958749323,0.003007917965009111,0.009349231168656014,0.004748282417218536,0.0075766082494350935,0.00168845098673584,0.006446369650714836,0.0045897696395549425,0.003913146063632334
2015-06-02,1.0922993421554565,1.519987940788269,124.84700012207031,14.239999771118164,-0.0031945441674160616,-0.005838498138954506,0.005252174988820519,0.019142697527350715,0.0048632664096667525,0.007278480818234603,0.001709857930784688,0.006487088094475413,0.00399911423381374,0.003952189814599485
2015-06-03,1.1150012016296387,1.5339776277542114,124.03600311279297,13.65999984741211,0.020570519995353528,0.009161717449828861,-0.006517117434123414,-0.041583046938439616,0.00938844715433818,0.008619368572285692,0.005766802746141152,0.006091200041349332,0.005060286262219747,0.004254929908314422
2015-06-04,1.1257838010787964,1.5326610803604126,124.30400085449219,14.710000038146973,0.00962402252899677,-0.0008586257462929724,0.00215831393615852,0.07405569423438678,0.00932501727003784,0.008832095371299413,0.005618867103348953,0.006081079015635595,0.0044734111429943465,0.004238979635912428
2015-06-05,1.120787262916565,1.5364996194839478,124.37999725341797,14.210000038146973,-0.004448153437737399,0.0025013620988616047,0.0006111885112810487,-0.034581592413088925,0.010560039953007963,0.008866589973888447,0.005637523388556425,0.006064578796117534,0.004473955498496673,0.004190530002254349
2015-06-08,1.1108149290084839,1.526787519454956,125.62899780273438,15.289999961853027,-0.008937435466511465,-0.0063409873972454225,0.009991728018778675,0.07325307265254886,0.012130195873625528,0.008512148477011636,0.006419679828253213,0.006170879480812991,0.006092859208860065,0.004321849887297648
2015-06-09,1.128095269203186,1.5345896482467651,124.56300354003906,14.470000267028809,0.015436691791918054,0.005097147627753436,-0.008521461178541223,-0.0551214583487213,0.012705973478178683,0.009021321301382099,0.005891499896592906,0.005810535532181736,0.007397928030808706,0.00489851589827323
2015-06-10,1.1299052238464355,1.539408802986145,124.33899688720703,13.220000267028809,0.001603148481557447,0.0031354333867773692,-0.0017999591238846615,-0.09034670447496196,0.009973523178291754,0.00895992167104078,0.00448652790275266,0.005840007255259261,0.006699461134721148,0.004953013420476787
2015-06-11,1.131196141242981,1.549690842628479,122.86599731445312,12.850000381469727,0.0011418484431849935,0.006657006113897306,-0.011917372550520083,-0.028387013594802463,0.009181893370125021,0.008894262275186395,0.005054012987098871,0.005667435883789608,0.008529483844439212,0.005728097408507696
2015-06-12,1.1240627765655518,1.5508925914764404,123.58100128173828,13.779999732971191,-0.006326003998797131,0.0007751759845712517,0.0058025131366068045,0.06987440517992623,0.009491551506103273,0.008901093316115844,0.005087977179637342,0.005499912205928714,0.00926115894688896,0.005759398980773219
2015-06-15,1.1219944953918457,1.5561537742614746,123.29000091552734,15.390000343322754,-0.0018416999282599,0.00338661686642403,-0.0023575105897336635,0.11049972395144418,0.008147385521519496,0.008537201997918777,0.0022139694355063715,0.005461374603890604,0.006827602544825011,0.0056083833500993425
2015-06-16,1.1277008056640625,1.5596001148223877,123.41999816894531,14.8100004196167,0.005072973666452048,0.002212204229914391,0.0010538467506914081,-0.038415313545916235,0.00427184641808864,0.008545801948958825,0.0021702452474295047,0.0054655028960970894,0.006492402208433067,0.005602248496519478
2015-06-17,1.124201774597168,1.563966155052185,123.43900299072266,14.5,-0.0031076245602327905,0.002795550147487494,0.00015397309172932657,-0.021154007186513838,0.00432968389013502,0.008513923996381892,0.0021793801899932354,0.005503359413248187,0.006554203732472306,0.005609999302898289
2015-06-18,1.1369967460632324,1.5848110914230347,123.52999877929688,13.1899995803833,0.011317102775775476,0.013240213107298636,0.0007369005182008582,-0.09468971451055078,0.007100127874823539,0.008605605981906005,0.004991061792218912,0.006093225020456659,0.00296203120079492,0.005565237978295275
2015-06-19,1.1370742321014404,1.587881326675415,123.00199890136719,13.960000038146973,6.814742282183998e-05,0.001935413715648547,-0.004283425195891666,0.056737165150839666,0.005923992682101984,0.007815054238044737,0.00479891210551365,0.005672979725570526,0.002300653319523691,0.005577110647256421
2015-06-22,1.1372941732406616,1.5885119438171387,122.7509994506836,12.739999771118164,0.00019340854312802777,0.0003970649074641429,-0.002042697665084015,-0.09144946788840772,0.0056307909898187965,0.007736487350492145,0.00517698574705374,0.0056725296853427035,0.0022560103416408373,0.005544604039625667
2015-06-23,1.13490629196167,1.5829297304153442,123.37899780273438,12.109999656677246,-0.0021018234919251122,-0.003520303849170267,0.005102992092326539,-0.05071510296376066,0.005789656501257382,0.007766623273760454,0.006231414706845273,0.00554002250509268,0.003503766708018807,0.005606823119263041
2015-06-24,1.1172186136245728,1.5741090774536133,123.86000061035156,13.260000228881836,-0.015707869466468967,-0.005587942658090362,0.003890999539430946,0.09072047280414063,0.009637278322460058,0.008183084891161405,0.007322338455884643,0.0049783634117344785,0.00393463093763008,0.0055930306126143565
2015-06-25,1.1206992864608765,1.570993185043335,123.85099792480469,14.010000228881836,0.0031106374749242938,-0.001981425829526514,-7.268700706933392e-05,0.05501937466715889,0.007402443230774457,0.008174493241411607,0.0030045585824792892,0.005009483707392807,0.00394838703123167,0.005595038330439272
2015-06-26,1.1202975511550903,1.5745056867599487,123.5979995727539,14.020000457763672,-0.0003585326880844614,0.0022333520498701493,-0.002044853224439218,0.0007135375712560152,0.007362202048555097,0.007959669446322008,0.003097475272820672,0.004866290314930928,0.0033491302056351396,0.005105075856373893
2015-06-29,1.0975021123886108,1.5693166255950928,122.61199951171875,18.850000381469727,-0.020557530003985847,-0.0033011190592608626,-0.008009466194023068,0.2960280198739356,0.01036682385893705,0.009223862001842812,0.0029098227089197157,0.004872478565233132,0.00522642129064696,0.005216276148457605
2015-06-30,1.122296690940857,1.573192834854126,122.66999816894531,18.229999542236328,0.02234041188051138,0.0024669527800349885,0.000472914105853114,-0.033444370551028266,0.016979996725513164,0.010309386083476207,0.0035180969627361075,0.004833466438615896,0.004389166615438314,0.0052147248304869115
2015-07-01,1.1134989261627197,1.5687012672424316,122.38600158691406,16.09000015258789,-0.00786995923882678,-0.0028591483516110625,-0.002317810700050712,-0.12487059309242127,0.015741843158041245,0.01048274962030812,0.0028152820114979754,0.004864796563583886,0.0033641068143609315,0.005171249156504888
2015-07-02,1.103363037109375,1.5605005025863647,123.31999969482422,16.790000915527344,-0.0091444211248127,-0.0052414539132542804,0.007602603125344658,0.04258555512988953,0.0159591781607331,0.010663967786655317,0.0034870071786734964,0.0048253518622941695,0.0056576555532370015,0.00532144400360676
2015-07-03,1.1086965799331665,1.5613046884536743,123.05899810791016,16.790000915527344,0.004822250827471875,0.0005152056812552568,-0.0021187007567669467,0.0,0.016346607864167785,0.009737964940930923,0.0031112071860201953,0.004485802207605418,0.005661619141824069,0.005167345188633424
2015-07-06,1.0995051860809326,1.555596947669983,122.40699768066406,17.010000228881836,-0.008324825272776826,-0.00366244933598235,-0.00531236074880664,0.013017894245912135,0.013569658422806347,0.009621830138858846,0.003161944797398467,0.0045742063207225596,0.004887369300615195,0.005238983274285788
2015-07-07,1.1048991680145264,1.5602084398269653,122.61100006103516,16.09000015258789,0.004893832375966082,0.0029600664679779736,0.001665203612724447,-0.055603449375801695,0.007301484770355273,0.009671823745296964,0.0033298301871511025,0.0045839618839064586,0.004965090850628313,0.005256326300733235
2015-07-08,1.1009942293167114,1.5462881326675415,122.48999786376953,19.65999984741211,-0.003540463724615513,-0.008962121803305013,-0.0009873660908805244,0.2003881364699924,0.006840185185478342,0.009518817803719397,0.004712076984852606,0.004804337379502079,0.004850596607317901,0.004688242803733815
2015-07-09,1.1071009635925293,1.536995530128479,120.86199951171875,19.969999313354492,0.0055312378423183215,-0.0060277494331397365,-0.013379981730899776,0.01564500608618887,0.006271926767105762,0.008951223103082826,0.004822494069604438,0.004890601259832716,0.005796821998757848,0.005144259100820732
2015-07-10,1.1063048839569092,1.5373972654342651,121.69999694824219,16.829999923706055,-0.000719325532484412,0.00026134286331429713,0.006909580088755942,-0.1710681093743687,0.005830233475060577,0.008934545454521558,0.0047768874496194064,0.004843005691714343,0.007649694576372915,0.005436506351171641
2015-07-13,1.1129041910171509,1.5515903234481812,122.49600219726562,13.899999618530273,0.005947458116812767,0.009189520828961632,0.006519419410471689,-0.19127419097672288,0.004290252569962049,0.009046410753196519,0.007221509358923367,0.005036485244529851,0.008260011633140423,0.005078677524955041
2015-07-14,1.099045991897583,1.548227310180664,123.56999969482422,13.369999885559082,-0.012530463436316726,-0.002169814475846355,0.008729400318557722,-0.03887543013845879,0.007589287675188987,0.009321346572727233,0.006964048590375691,0.005055552264899373,0.009142021946073319,0.005276175685403743
2015-07-15,1.1008002758026123,1.5636972188949585,123.31999969482422,13.229999542236328,0.0015949153380938235,0.009942423735038263,-0.0020251941031560593,-0.010526439027886638,0.007517219241371521,0.009335758839679534,0.0070593979196833245,0.0054475198836418035,0.009225666260682601,0.005269588634573303
2015-07-16,1.0943553447723389,1.563403844833374,123.87000274658203,12.109999656677246,-0.005871975078522234,-0.00018763324655418997,0.004450050195925557,-0.08845541431178576,0.0071258260953014985,0.009295695822367275,0.005702339806817891,0.0054297220603763225,0.004167871760357809,0.005350713390176465
2015-07-17,1.0886012315750122,1.5613046884536743,124.14900207519531,11.949999809265137,-0.005271865310069692,-0.0013435856004646533,0.0022498231254342287,-0.01330026679820605,0.007161587578770201,0.00932642430728571,0.005962906208536179,0.005403911715201296,0.004131650980801879,0.005369125598809848
2015-07-20,1.0830246210098267,1.5600380897521973,124.14199829101562,12.25,-0.005135896514216152,-0.0008115730062339027,-5.641593268554572e-05,0.02479467457429293,0.005001799913584326,0.00890288887107922,0.005004057863866897,0.004511636104066623,0.004169521853253552,0.0053684390220301755
2015-07-21,1.0835410356521606,1.5573898553848267,124.29399871826172,12.220000267028809,0.00047671267245076127,-0.0016989871464550897,0.001223658793751916,-0.0024519613955023426,0.0035723600890699143,0.008908293051540329,0.0049313767002174755,0.0044763236889986445,0.0024310992823406187,0.005275819762817495
2015-07-22,1.0939961671829224,1.555596947669983,123.86000061035156,12.119999885559082,0.009602785990565396,-0.0011518891832933678,-0.003497816288041461,-0.008217004396385256,0.006584114425677881,0.009247686665412274,0.000573944122023197,0.004467431263553097,0.0029488021684430194,0.005317839981704277
2015-07-23,1.0927051305770874,1.5614020824432373,124.06800079345703,12.640000343322754,-0.0011808076001654936,0.0037248272643248047,0.001677908350227815,0.042009444681472906,0.006073499779388582,0.009248170667247011,0.0022485172088438483,0.004535592485589023,0.002296853290203854,0.005223162450803948
2015-07-24,1.0989010334014893,1.5519516468048096,123.8759994506836,13.739999771118164,0.005654226962210038,-0.00607092253934767,-0.0015487479508483198,0.08344485425581512,0.005797558043242458,0.008821462430229972,0.0034778575919013803,0.004561864417773958,0.002120141219900392,0.005171246510971231
2015-07-27,1.0972371101379395,1.5522888898849487,123.76300048828125,15.600000381469727,-0.0015153177743711492,0.00021727896242567667,-0.0009126104553230099,0.12695966857254215,0.0048504053124309755,0.008780056911870568,0.003536650499670954,0.004555257214752099,0.0021159584903981494,0.005174953277181235
2015-07-28,1.109004020690918,1.5564203262329102,123.23999786376953,13.4399995803833,0.010667031779729927,0.00265797698856445,-0.004234793987162956,-0.14903563483515622,0.005782572855494863,0.009124053861864607,0.0038435589295238064,0.004568467891766804,0.0023297208349947933,0.005236208778711866
2015-07-29,1.1065986156463623,1.5611096620559692,123.57599639892578,12.5,-0.002171333388186789,0.0030083684053238613,0.002722665876824631,-0.07250665956526697,0.005655155302150401,0.0079638693378512,0.004012167385248981,0.0045839203359383475,0.0027540564744219,0.004959990226506044
2015-07-30,1.098406195640564,1.5602084398269653,123.94000244140625,12.130000114440918,-0.0074307844230215424,-0.0005774626133132367,0.0029412749608663477,-0.030046911917760995,0.007116307473381395,0.006436733851121527,0.0036481133485272202,0.00454414312690092,0.0030420336086759924,0.00499058506114757
2015-07-31,1.0939244031906128,1.5604275465011597,124.07099914550781,12.119999885559082,-0.0040886157368478495,0.00014042437215639925,0.0010563782690715974,-0.00082476119164599,0.006866753958985451,0.006292813848703104,0.001626534221397389,0.004510991701734126,0.002977056800275584,0.004952591927812283
2015-08-03,1.0969001054763794,1.5626953840255737,124.04000091552734,12.5600004196167,0.0027165152698595996,0.0014522886056430133,-0.00024987388817204086,0.03566022325017647,0.00703196583395878,0.00604773777503551,0.0015531179950646007,0.004381495816000282,0.002923022096546496,0.004702141872651463
2015-08-04,1.09560227394104,1.559040904045105,123.94499969482422,13.0,-0.0011838816679125206,-0.002341313495214583,-0.0007661852540819514,0.03443216301251183,0.003737150539607614,0.005941692391387296,0.0020265934104914183,0.004409718856660225,0.0016823869482549955,0.004678278635446507
2015-08-05,1.0888975858688354,1.5569047927856445,124.27400207519531,12.510000228881836,-0.006138438595033697,-0.0013710839673923463,0.0026509056171490353,-0.03842101468680697,0.004074013590430028,0.005822369707186805,0.0014464632645598478,0.004347347085663727,0.0016657430963681384,0.004526863143217786
2015-08-06,1.0903104543685913,1.5605981349945068,124.7300033569336,13.770000457763672,0.0012966808782204785,0.0023694245184966455,0.00366260607500027,0.09596400320938224,0.0036713181679341577,0.005714947721390182,0.0019424327439359309,0.004330233724592174,0.0018797049294623344,0.004567243951167953
2015-08-07,1.0927051305770874,1.551421880722046,124.73400115966797,13.390000343322754,0.0021939166953536663,-0.005897314812027786,3.205113894055642e-05,-0.02798416064079574,0.003629992205514555,0.00570541049309234,0.0032849303657149173,0.004069231601466421,0.001962891108599022,0.004553622405375081
2015-08-10,1.0965032577514648,1.5494027137756348,124.30000305175781,12.229999542236328,0.0034698670125750844,-0.001302342115955641,-0.0034854561219438236,-0.09061627307380854,0.0037944184380977,0.005620633418151541,0.002951902125333925,0.0038461795928197936,0.002841722802136995,0.0034350419592179943
2015-08-11,1.1016976833343506,1.5585306882858276,124.61299896240234,13.710000038146973,0.004726078634827191,0.005874000227933026,0.002514903384555474,0.11423358408713478,0.004254250330861435,0.005726521550880567,0.004428625979892987,0.004021113330065757,0.002878281077194087,0.003212329121708459
2015-08-12,1.104203701019287,1.5584092140197754,125.06999969482422,13.609999656677246,0.0022721040757417775,-7.794456737767209e-05,0.00366065166800351,-0.00732070491903998,0.0013289223240832598,0.005590961497759183,0.00437069733140168,0.0035369718024699393,0.0030469740061718747,0.003034513102979945
2015-08-13,1.1160963773727417,1.561597228050232,124.25499725341797,13.489999771118164,0.010712777255804502,0.002043595229146443,-0.0065376946094091535,-0.008856138184716292,0.0035298509851442858,0.005372834447644184,0.004332399278081311,0.0035165941719328886,0.004233920054169214,0.0029128610905870926
2015-08-14,1.1160963773727417,1.561792254447937,124.36299896240234,12.829999923706055,0.0,0.00012488125419612243,0.0008688165573042325,-0.050162480571868596,0.00401797099008256,0.00537094069255108,0.00280717699009564,0.002795847931123904,0.004289381716848011,0.0028701940768657334
2015-08-17,1.1092993021011353,1.5651901960372925,124.3499984741211,13.020000457763672,-0.006108663255521878,0.0021733047630459884,-0.00010454209009647839,0.014700499257905047,0.00617768123372536,0.005384798456556632,0.002391126145997956,0.0028355598516816923,0.003974921044361291,0.0027233606390857207
2015-08-18,1.107800006866455,1.5585062503814697,124.43800354003906,13.789999961853027,-0.001352483812664581,-0.004279516893803985,0.000707470367350018,0.05745701710000975,0.006184025886385101,0.005243694210992211,0.002609378345862678,0.0029702526877356155,0.003775352118215546,0.0026870369181680393
2015-08-19,1.1030831336975098,1.5664896965026855,124.37100219726562,15.25,-0.004266964851350222,0.005109423260079651,-0.000538576521331691,0.10063581401448807,0.006555710943752549,0.005199986893800326,0.0034636083324950935,0.003162955762597982,0.0030828419540187197,0.002690386306749111
2015-08-20,1.1118029356002808,1.568307638168335,123.89700317382812,19.139999389648438,0.007873855973152174,0.0011598465070394295,-0.003818450941031152,0.22720085108259072,0.0053939437886725535,0.005410657892797025,0.0034215230435357853,0.0031404024261595894,0.0019021005933871362,0.002801140665256394
2015-08-21,1.1236965656280518,1.5690950155258179,123.41999816894531,28.030000686645508,0.01064079168330274,0.0005019294371325175,-0.003857442826604503,0.38149503553749253,0.007472693797206534,0.005491611911048375,0.0034054544736589207,0.003123300556809549,0.002160719002379603,0.002822603049844734
2015-08-24,1.1376951932907104,1.5677913427352905,121.73200225830078,40.7400016784668,0.012380699998706527,-0.0008311890943389006,-0.013771232415341334,0.3739350623246345,0.007429128070228176,0.005951459673541981,0.0033969499459495876,0.0030418240495166324,0.005686501993752873,0.0040136271983431
2015-08-25,1.1583056449890137,1.5762925148010254,118.88400268554688,36.02000045776367,0.017953830837384836,0.005407739213094687,-0.023673675273081143,-0.12313609954173135,0.00823920603185768,0.006838948972339106,0.002823279073091323,0.002898634160324576,0.009524763529021667,0.0063089329953213485
2015-08-26,1.1550945043563843,1.5695877075195312,118.54000091552734,30.31999969482422,-0.002776123876240186,-0.004262601853680824,-0.0028977862854799776,-0.1722668017474006,0.00764865055368588,0.006878429059351235,0.003497169323894106,0.0030860048103081555,0.009038672296584584,0.006308789261507443
2015-08-27,1.1340054273605347,1.5482032299041748,120.05799865722656,26.100000381469727,-0.018426171253778,-0.01371792617942229,0.012724484080020373,-0.14987222176466056,0.014644831428395058,0.007918463053224896,0.007128203737840485,0.00428406607569869,0.013575123627024881,0.007014271289358693
2015-08-28,1.1247961521148682,1.541401982307434,121.00299835205078,26.049999237060547,-0.008154170208421229,-0.004402671613747728,0.007840376895667902,-0.0019175900324734378,0.014909322540021332,0.00813287678174455,0.006932783636276463,0.0043077339321602485,0.015030289234382039,0.007231671032510943
2015-08-31,1.1214030981063843,1.5418059825897217,121.28900146484375,28.43000030517578,-0.0030211537012615167,0.0002620648942267228,0.002360814602581398,0.08742719748532295,0.013262535776018776,0.00797467935471975,0.007056550040194181,0.004311450973192103,0.014099106051141752,0.00721781889424239
2015-09-01,1.1225864887237549,1.5363106727600098,121.08899688720703,31.399999618530273,0.0010547203374023822,-0.003570570113679966,-0.0016503529560605197,0.09936294436829488,0.00754546470887603,0.007895177995503868,0.005160903499476096,0.004355955241114507,0.006567562569761134,0.007204461241775508
2015-09-02,1.1293437480926514,1.5305262804031372,119.71499633789062,26.09000015258789,0.006001322367030283,-0.0037722248064579267,-0.011411899299411828,-0.18525577576833296,0.009362297639666155,0.00795652800460807,0.0051863031190233985,0.004374945979303862,0.009252771708076585,0.0075271216106323
2015-09-03,1.121604323387146,1.5308074951171875,120.58000183105469,25.610000610351562,-0.006876618169878343,0.00018372038821122105,0.007199560840800921,-0.01856918095317524,0.005827780097481571,0.008132624963985409,0.002287358748569399,0.004369701505519081,0.007875106755764198,0.007757858404067789
2015-09-04,1.1125946044921875,1.526205062866211,120.05599975585938,27.799999237060547,-0.00806532276265567,-0.003011067596890877,-0.004355149686520133,0.08205306920874379,0.0058051750014952806,0.008223776195688887,0.0020318471456235504,0.004393284072184604,0.007017531405338944,0.007733815313763334
2015-09-07,1.115200161933899,1.5201033353805542,119.16400146484375,27.799999237060547,0.0023391370417215353,-0.0040059868194398,-0.007457590674269867,0.0,0.006098849564292192,0.00822869805171052,0.0017273054295095732,0.004377232299103217,0.007015832034888004,0.007738961938998189
2015-09-08,1.1163954734802246,1.5283042192459106,119.40299987792969,24.899999618530273,0.0010712618734940818,0.005380450942015269,0.00200361736279799,-0.11016820510213336,0.006100321243561675,0.008224590238447071,0.003964429135566762,0.004459915679052788,0.0074387888066198135,0.007775851105682803
2015-09-09,1.1207369565963745,1.5401912927627563,120.08899688720703,26.229999542236328,0.0038812977792104116,0.007747857498668718,0.005728783380526706,0.05203598827627688,0.005529821378038147,0.008230998704805766,0.005152703640802506,0.004804115042646065,0.006350279464457265,0.007937675774636426
2015-09-10,1.1220699548721313,1.5357915163040161,120.27799987792969,24.3700008392334,0.0011886876448424237,-0.0028607308508605558,0.0015726204696879995,-0.07355087435260296,0.004693388725451891,0.008189058729309596,0.005480958115386037,0.004629856237085718,0.005306407284861243,0.00791711927994513
2015-09-11,1.1290887594223022,1.54421067237854,120.61900329589844,23.200000762939453,0.006235746284049337,0.005466994195510023,0.0028311157153803374,-0.049200590516681394,0.002160338311699404,0.008265476171135997,0.005375554483748716,0.004810901245108737,0.004963861716134495,0.00789276268304586
2015-09-14,1.1344043016433716,1.5448071956634521,120.7959976196289,24.25,0.004696768975418549,0.0003862219759222772,0.0014663078497325417,0.044264305825907124,0.0022509192414617834,0.008025316018297896,0.004336574794985455,0.00478344952912619,0.0017654001539917222,0.007840898686740793
2015-09-15,1.1307612657546997,1.5427099466323853,120.36000061035156,22.540000915527344,-0.00321657637933327,-0.0013585345486160061,-0.0036158958310937126,-0.07312506815396823,0.003710526001694237,0.008068614844131308,0.004541261405259548,0.004784804192072396,0.0033832910158731067,0.007840580243569914
2015-09-16,1.1271796226501465,1.53449547290802,120.43399810791016,21.350000381469727,-0.0031724888166512403,-0.005338930696293906,0.0006146124926855501,-0.05423979168745604,0.004364536550394261,0.00797623285207277,0.004056642571177353,0.004848178600580464,0.002472089381302539,0.007848114640588285
2015-09-17,1.12920343875885,1.5518070459365845,120.52300262451172,21.139999389648438,0.001793859106660745,0.011218443093378938,0.0007387585368259277,-0.00988480597185764,0.0043743814538258425,0.007965375042011578,0.006417080238997102,0.005425370444449335,0.002415332671792665,0.007848527894322582
2015-09-18,1.1400948762893677,1.5569047927856445,120.0459976196289,22.280000686645508,0.009599021060692499,0.0032796551644963486,-0.003965645029302638,0.05252249430779115,0.005454575092084399,0.00808721447832276,0.0061988637876201165,0.005353720204160006,0.0026143617125567423,0.007863508973279663
2015-09-21,1.12920343875885,1.552891492843628,120.0009994506836,20.139999389648438,-0.009599021060692518,-0.00258107078498227,-0.00037491133004433004,-0.10098158889302568,0.007135968859184016,0.008286973319988235,0.006484068186018193,0.005365240977017793,0.0022991834525263525,0.007851694731240417
2015-09-22,1.1190940141677856,1.5508204698562622,120.49800109863281,22.440000534057617,-0.008993020661598322,-0.0013345460658925386,0.004133092896973265,0.1081372474688786,0.008014443536007375,0.00822307090387222,0.00648185465752562,0.005364027348072195,0.002898717292193776,0.007919658938760985
2015-09-23,1.1120749711990356,1.5353907346725464,120.08000183105469,22.1299991607666,-0.006291828337582641,-0.009999227351723013,-0.0034749618262023218,-0.013910988313779642,0.00823954646711989,0.007817826859497138,0.007825743632545621,0.005731856599239364,0.0033104925985064527,0.007423187068935879
2015-09-24,1.1189937591552734,1.5252039432525635,120.19999694824219,23.469999313354492,0.006202238453062305,-0.006656764523764118,0.0009987941382771342,0.05878886446655086,0.009037601092919097,0.006792867751595493,0.005091507820779432,0.005671511062828224,0.0033384850641005005,0.0053483865507828006
2015-09-25,1.1178929805755615,1.522695779800415,120.23999786376953,23.6200008392334,-0.00098420599399791,-0.0016458310615309344,0.0003327309662242631,0.006370865693216574,0.006608519488738515,0.006788451961403656,0.003765827760690173,0.005638103102863683,0.0027333676361529346,0.005294723773707818
2015-09-28,1.1201720237731934,1.5201727151870728,120.36799621582031,27.6299991607666,0.0020366200096589206,-0.001658346521201643,0.0010639577011144965,0.15680826226149064,0.006147132614418615,0.005666249074419207,0.0039001271125178507,0.0049220719174062275,0.002717223337511291,0.004560960374783295
2015-09-29,1.123103380203247,1.5165071487426758,119.83999633789062,26.829999923706055,0.0026134625229994684,-0.0024141947053973258,-0.004396196168859342,-0.029381446967405838,0.004675563315612977,0.005439353992298412,0.003723635198099765,0.004871347707058793,0.002628954274464314,0.004313694311580281
2015-09-30,1.1255937814712524,1.5157945156097412,119.86000061035156,24.5,0.0022149734776488374,-0.0004700278698733311,0.00016691091165668654,-0.09084754404324566,0.0025554027473711,0.005418519546600806,0.0023885664176450786,0.004866673905616408,0.0022870362555902296,0.004271035044759782
2015-10-01,1.11720609664917,1.5124017000198364,119.85900115966797,22.549999237060547,-0.0074796900146919185,-0.0022408171518594026,-8.338518650722852e-06,-0.08293808543522975,0.004251096364938431,0.00565257630566827,0.0007614223463685017,0.0048384549875502645,0.0021784744068902994,0.004265026958275932
2015-10-02,1.1193444728851318,1.5139129161834717,119.80999755859375,20.940000534057617,0.001912209736439254,0.0009987172392161125,-0.00040892732910099836,-0.07407380116887692,0.0043344458459382345,0.0055035861370788305,0.0014252713760349114,0.004801585136671618,0.002126423169856843,0.0034958808493930314
2015-10-05,1.1226998567581177,1.5194103717803955,119.99500274658203,19.540000915527344,0.002993149005734862,0.0036247119703856356,0.001542963861945325,-0.06919753747792971,0.00445200365013554,0.005351019464269066,0.002507796550360427,0.004880184877756829,0.002234724693512502,0.0031331211075700956
2015-10-06,1.1195199489593506,1.5154958963394165,120.46099853515625,19.399999618530273,-0.002836394471725679,-0.0025796365791235384,0.003875938795240463,-0.007190647062750681,0.00445729526615023,0.005083073744327746,0.0025467476219928854,0.004869794798632531,0.001750429394355135,0.0031072920906864707
2015-10-07,1.1267986297607422,1.5226030349731445,120.23999786376953,18.399999618530273,0.0064805645506604915,0.004678683452421321,-0.0018363092533460795,-0.05292240252300491,0.0054400181351424845,0.005237232718842155,0.003304723319497052,0.004908623042638888,0.002175953933425338,0.0026489855210540705
2015-10-08,1.1239995956420898,1.5315576791763306,119.91500091552734,17.420000076293945,-0.002487149252157135,0.005863915294861527,-0.0027065615813998962,-0.0547316680788572,0.003920897847944862,0.005272618131161941,0.003368331550001905,0.00493452170741706,0.0026563476114064943,0.0027037120816352906
2015-10-09,1.1286935806274414,1.535131573677063,119.92900085449219,17.079999923706055,0.004167448837163841,0.0023307846501602536,0.00011674203963774248,-0.019710791910466947,0.004144839460434469,0.005282195563965422,0.003269422779969223,0.0046621895801439266,0.0026418580112833297,0.002404928676521221
2015-10-12,1.1369967460632324,1.5323086977005005,120.17900085449219,16.170000076293945,0.007329512343022761,-0.0018405422917601852,0.002082396992701507,-0.05475050558630943,0.004880919246602142,0.005488424034869847,0.003790083309547292,0.004638954778981388,0.00272033468058334,0.002423796072131174
2015-10-13,1.135550618171692,1.5337893962860107,120.01100158691406,17.670000076293945,-0.0012726934624083094,0.0009658521386010032,-0.0013988866586182348,0.08871061234205974,0.004485093529505494,0.00535311173334388,0.0030510193741603666,0.004478056768374102,0.001884340634118776,0.002352124109972333
2015-10-14,1.138498306274414,1.5258090496063232,119.72000122070312,18.030000686645508,0.0025924593986939803,-0.005216609250035794,-0.0024277252898365765,0.020168784649409688,0.004008611075283756,0.005288457992497396,0.004197221677842944,0.0045945140414179585,0.001985537993490833,0.0023649006613005
2015-10-15,1.147552251815796,1.5480115413665771,118.83000183105469,16.049999237060547,0.007921078428440172,0.014446437089795637,-0.007461777469853674,-0.11632827325786999,0.0037470702917684388,0.005479114540372594,0.007463708742748899,0.005591574738729314,0.00358315393192404,0.0027277298076656556
2015-10-16,1.1368157863616943,1.5471972227096558,119.05000305175781,15.050000190734863,-0.009400012897170327,-0.0005261801305040738,0.001849682856162415,-0.06433079817255777,0.007121855541811861,0.00583630793742656,0.007553995187731536,0.005458932042646521,0.0038879140545889533,0.0027659612550464253
2015-10-19,1.1361054182052612,1.543805480003357,119.2699966430664,14.979999542236328,-0.0006250706607294275,-0.0021945914603094118,0.0018462038777868229,-0.00466205633754711,0.006318861199379295,0.005831323687574793,0.0075954537905509175,0.004911771657006928,0.003835017372859083,0.002799931825390515
2015-10-20,1.132900595664978,1.5471972227096558,119.50299835205078,15.75,-0.0028248710244674503,0.002194591460309446,0.0019516594240253794,0.05012441774089169,0.006424628640149147,0.0054763393152720136,0.00759393160445692,0.004880145152363542,0.004141615139787967,0.002732040334775832
2015-10-21,1.1353960037231445,1.5449025630950928,119.77999877929688,16.700000762939453,0.0022002493549996794,-0.0014842082693025923,0.00231525477616968,0.05856839983606351,0.0063801714701656005,0.005084794907191565,0.006889860054043136,0.004861129092861308,0.004231639538050289,0.0027838355223574907
2015-10-22,1.134803295135498,1.5424481630325317,119.84200286865234,14.449999809265137,-0.0005221643768558413,-0.001589971983974764,0.000517515840055457,-0.14471436374890906,0.004384132493225662,0.0046541480297090845,0.001735489484477905,0.004864185742874494,0.0006862657537815575,0.002625242122642628
2015-10-23,1.108094573020935,1.5383669137954712,120.86000061035156,14.460000038146973,-0.02381738826847203,-0.0026494622511871618,0.008458623498321391,0.0006918180099253128,0.010604131915721293,0.00686888147050394,0.0019255506984042247,0.004391891753517741,0.003116762912059341,0.00311411386500611
2015-10-26,1.1020376682281494,1.531745433807373,121.2959976196289,15.289999961853027,-0.00548104755284386,-0.004313516578704019,0.003600963705983327,0.0558127980773523,0.010308021251181465,0.006804667141700362,0.0023912349782879115,0.004246538004980314,0.0030499290787599116,0.0031906240838962536
2015-10-27,1.1065986156463623,1.5357915163040161,120.9489974975586,15.430000305175781,0.004130108641989425,0.0026380023509778084,-0.0028648712369530754,0.009114668707075661,0.011281878397777001,0.0068812122597004645,0.002567416645480945,0.004256335497799613,0.004165899630396358,0.0032663675377352644
2015-10-28,1.1037039756774902,1.5312998294830322,120.47699737548828,14.329999923706055,-0.002619226557564859,-0.0029289574555756604,-0.003910106893694899,-0.07395844963714077,0.010737930888475038,0.00687231123258019,0.002648065341265838,0.004293897689624136,0.005038515807369514,0.0033788074151786204
2015-10-29,1.0928961038589478,1.5271838903427124,120.86000061035156,14.609999656677246,-0.009840625188651057,-0.0026914916030698253,0.0031740144246646907,0.019350965747437013,0.010427007547891678,0.0070979243423139595,0.0026751520003696224,0.004302739149106718,0.005093534614914135,0.0032896889046306597
2015-10-30,1.0993843078613281,1.532379150390625,121.0,15.069999694824219,0.00591915423892352,0.0033960830170759516,0.0011576896132578674,0.03099979012440833,0.006583667924634783,0.007226534783952888,0.0035312875534424235,0.0043476985516703705,0.003449997336837607,0.0032933374139316827
2015-11-02,1.102596640586853,1.5441631078720093,120.49500274658203,14.149999618530273,0.002917677381930443,0.007660557937928598,-0.00418226450869809,-0.06299139525759936,0.006408077904380875,0.007126749596906202,0.004471045192687581,0.004558423969291706,0.00330237868823335,0.003436905996033521
2015-11-03,1.1016006469726562,1.542400598526001,120.78800201416016,14.539999961853027,-0.0009037246235673501,-0.0011420529140044584,0.0024286784051739813,0.027188872351530013,0.005999289846794598,0.007104766473450761,0.004573204717253279,0.0045800138912439415,0.0035262772518508006,0.0034645059659096406
2015-11-04,1.0963950157165527,1.5419248342514038,121.09500122070312,15.510000228881836,-0.004736716343411822,-0.0003085045911916512,0.0025384121024127474,0.0645815224637116,0.006221156679333669,0.007103201069937422,0.0041622950006097404,0.00454305535782377,0.00300050779465977,0.0034869885987748282
2015-11-05,1.0868029594421387,1.5390061140060425,121.48999786376953,15.050000190734863,-0.008787217746186592,-0.0018947007690446915,0.0032565656874301557,-0.0301069880771992,0.005868691385778685,0.0072843573090602244,0.003978498276824646,0.004522033562430122,0.003015490311019949,0.003460109920579904
2015-11-06,1.0883997678756714,1.5210051536560059,121.66999816894531,14.329999923706055,0.0014681930105341625,-0.011765425956918785,0.0014805094669457094,-0.049022767352288575,0.004768892038978717,0.007103989322847379,0.006910098958344798,0.0051486538284833926,0.00302209369093383,0.003430775399205363
2015-11-09,1.0733413696289062,1.5055025815963745,123.19999694824219,16.520000457763672,-0.013931956563694949,-0.010244617890493865,0.012496579578652313,0.142216559286488,0.006166313358477859,0.007577176229555074,0.005472397223322038,0.005406854857335121,0.004547774908500592,0.004192778705830955
2015-11-10,1.0759514570236206,1.5121043920516968,123.0770034790039,15.289999961853027,0.002428788339518725,0.004375534021344187,-0.0009988222956284342,-0.07737277835642285,0.006906541340139518,0.007517567804777,0.006846546921009169,0.005479954373449878,0.005145771793265162,0.004213558244124838
2015-11-11,1.0737563371658325,1.5138899087905884,123.08399963378906,16.059999465942383,-0.0020422502320261928,0.0011801191731365265,5.684210495224533e-05,0.049132657818641914,0.007008477027766546,0.007212671576617577,0.007074027896229225,0.005487512082140636,0.005405524365133536,0.004214979247217252
2015-11-12,1.0762988328933716,1.522510290145874,122.75700378417969,18.3700008392334,0.0023650527187023917,0.0056780423861800215,-0.002660223786131419,0.13438726964731437,0.006947176004748518,0.0072859054001831545,0.008260291336428477,0.005639347370425714,0.006018854313833803,0.00425873574380698
2015-11-13,1.0815019607543945,1.5234612226486206,122.55999755859375,20.079999923706055,0.004822630486338896,0.0006243870171776236,-0.0016061362796592053,0.08900534611199874,0.007498938127600314,0.007374177919648615,0.00627693288499804,0.005535136018354755,0.006248963034503738,0.004230494929439744
2015-11-16,1.06999933719635,1.5217920541763306,122.36399841308594,18.15999984741211,-0.010692750373652691,-0.0010962428985153991,-0.0016004898709004514,-0.10050292625329886,0.006150424859931235,0.007207411989604215,0.0027931305676150518,0.004486689306176115,0.0009933372577406643,0.0038338602375297503
2015-11-17,1.068798542022705,1.5204963684082031,123.26599884033203,18.84000015258789,-0.0011228693571087788,-0.0008517837012741801,0.0073444163323235995,0.03676091247663154,0.005910150020303164,0.007082243163995307,0.002730558688870178,0.00448636134123984,0.004052494064340366,0.004042487554538838
2015-11-18,1.0643846988677979,1.5220005512237549,123.44499969482422,16.850000381469727,-0.004138275014857699,0.0009887818971305539,0.0014510977375548138,-0.11163159780983851,0.006045721885353171,0.007070362350871838,0.0027306168508102534,0.004490280092803843,0.0040788709636805955,0.0040421349073995515
2015-11-19,1.066996693611145,1.5239256620407104,123.5250015258789,16.989999771118164,0.002450988884636416,0.0012640562761545276,0.0006478668134390964,0.008274242774755343,0.006060460820957128,0.007164158884335918,0.0010862767854831592,0.004466562712720028,0.0036683677218475215,0.0040457352734346
2015-11-20,1.0726161003112793,1.5288182497024536,122.91200256347656,15.470000267028809,0.005252744456065196,0.003205373259094873,-0.004974904064919379,-0.09372224036623046,0.006178727709587046,0.007292484063832026,0.001754490673529737,0.0045381287014363255,0.004531336330769242,0.00426859586644241
2015-11-23,1.0641014575958252,1.518994927406311,122.9229965209961,15.619999885559082,-0.007969876742935606,-0.0064461669669681745,8.944176026851359e-05,0.00964945523892834,0.0052295692890257294,0.007364650939745752,0.003689567101574814,0.004709765021094954,0.004389436559630248,0.004272701082984626
2015-11-24,1.0642033815383911,1.5129051208496094,122.91500091552734,15.930000305175781,9.577945862803017e-05,-0.00401716062491176,-6.504775954032746e-05,0.0196520059942798,0.005256881822890176,0.005713783308076334,0.004047541109669379,0.004745661888156481,0.00253283710410766,0.003953289286837322
2015-11-25,1.0643846988677979,1.5085914134979248,122.50499725341797,15.1899995803833,0.0001703639436059141,-0.002855346834559479,-0.0033412439622308564,-0.047566854096111236,0.004928382181530167,0.005669018232013524,0.003938720685976516,0.0047036448552051,0.002482928803489521,0.003993121395753777
2015-11-26,1.0624960660934448,1.512355923652649,122.68000030517578,15.1899995803833,-0.0017759653496997336,0.0024922725775518564,0.0014275186754405967,0.0,0.004762590726164292,0.005523708640016118,0.00420456533352889,0.004698831590880036,0.00267114567591304,0.003927728363208852
2015-11-27,1.0604453086853027,1.5099810361862183,122.63400268554688,15.119999885559082,-0.0019319968703760816,-0.0015715573655606732,-0.00037501014705398043,-0.0046189258006021465,0.003331607667165532,0.005521085888923643,0.003308435816796294,0.004677016682463799,0.0017556434723930492,0.0038027864390938575
2015-11-30,1.0583018064498901,1.5038950443267822,122.83000183105469,16.1299991607666,-0.0020233683872846395,-0.004038653195482501,0.0015969688716573967,0.06466247692522409,0.0011230792271362242,0.005223676818862465,0.002707430506479054,0.004713866505276316,0.0019863497047863327,0.0037707641226772982
2015-12-01,1.0572947263717651,1.5057973861694336,123.20999908447266,14.670000076293945,-0.0009520531335437165,0.0012641438551750787,0.0030889087477218185,-0.09487624275219898,0.0009263136789866084,0.004960099527052931,0.0027526259416239553,0.004647124288754417,0.0024639785962711886,0.003803412432837321
2015-12-02,1.0625863075256348,1.5077953338623047,122.91500091552734,15.90999984741211,0.004992348211680542,0.0013259575338876277,-0.0023971421855349443,0.08114323540343642,0.00300992981914364,0.005072014613991684,0.002659531705094547,0.004279986286112897,0.0021085313266917954,0.0037094325823751463
2015-12-03,1.0613007545471191,1.4949023723602295,123.22599792480469,18.110000610351562,-0.0012105663794157561,-0.00858763818322285,0.0025269839338889293,0.1295164728387775,0.0029524835647287253,0.0050701995946407135,0.004151394497285825,0.004569438240534204,0.0022594389913464983,0.0037114155546764654
2015-12-04,1.0915957689285278,1.513500452041626,122.65299987792969,14.8100004196167,0.02814535106681541,0.012364246211364685,-0.00466082169910589,-0.20116164898473957,0.012805369037573285,0.008082403655816509,0.007829512875788066,0.005433538918246479,0.00338902882629767,0.0038746368452901294
2015-12-07,1.0883997678756714,1.511258840560913,123.19000244140625,15.84000015258789,-0.002932119161395868,-0.0014821753893393332,0.004368669536900691,0.06723573940631115,0.012949633183574807,0.007880020369963206,0.0075399510336661285,0.00543045752890498,0.0038977183256199404,0.003918213928985854
2015-12-08,1.0834001302719116,1.5050268173217773,123.27999877929688,17.600000381469727,-0.0046041501705232305,-0.00413225590273668,0.0007302823178850293,0.1053605276991684,0.013503355830671398,0.00793475230397418,0.0078676594160559,0.004917966477733024,0.003654082126210551,0.003913736294503926
2015-12-09,1.0893957614898682,1.5010056495666504,122.91200256347656,19.610000610351562,0.00551883079155255,-0.0026754003477796624,-0.002989508090296964,0.10814074761423836,0.013506521061196585,0.0073984187500540505,0.00788952511591622,0.004444271547688102,0.0037637923729911525,0.00294426540202747
2015-12-10,1.1017948389053345,1.5183953046798706,121.69999694824219,19.34000015258789,0.011317326529582651,0.011518740074548405,-0.009909698102278031,-0.01386417341785571,0.013229384866027925,0.007733857138136309,0.008114136008664844,0.005013989412200059,0.005418150897633418,0.0036104478844606724
2015-12-11,1.0948106050491333,1.516093373298645,121.70999908447266,24.389999389648438,-0.006359136923268454,-0.0015171793781839419,8.218344685197733e-05,0.23199768928825953,0.007533988214996735,0.007870375351359978,0.0063408862284656115,0.005021564833978685,0.005358425406547461,0.0036106418534493823
2015-12-14,1.0983941555023193,1.5198955535888672,120.89299774169922,22.729999542236328,0.0032678696551226723,0.0025047405439251992,-0.006735320190051396,-0.07048756947789755,0.007316839161271731,0.007880819628903798,0.006304667443364568,0.004896713185730369,0.0045329318979223975,0.003824392622523843
2015-12-15,1.0992997884750366,1.5160702466964722,121.08999633789062,20.950000762939453,0.000824166646554093,-0.0025199947353684088,0.0016282023491913425,-0.08154693493996301,0.006478517106813881,0.007832578804199112,0.006001566505556162,0.0049210604643745446,0.004767248866434593,0.003849801414265917
2015-12-16,1.0936251878738403,1.5043702125549316,121.67500305175781,17.860000610351562,-0.0051753829505153375,-0.007747275815745165,0.004819540277338374,-0.1595750731627317,0.0071354823247223404,0.007531565302149891,0.007187227137587145,0.005175127537524336,0.006103060746768358,0.004006398846435422
2015-12-17,1.087453007698059,1.497790813446045,122.46299743652344,18.940000534057617,-0.0056597664993413435,-0.004383115752523788,0.0064553418115381395,0.05871250633269954,0.004366938266040548,0.007653378685204281,0.003769063545489793,0.005240155175436417,0.005126143097454552,0.003929828152936944
2015-12-18,1.0844104290008545,1.4929606914520264,122.44999694824219,20.700000762939453,-0.0028018158381321384,-0.003230041804251784,-0.00010616413658338391,0.08885762117302938,0.00386667836701524,0.007617647780488138,0.003708331881325008,0.005253206625668938,0.005137549488394661,0.003910819173250655
2015-12-21,1.0869920253753662,1.4908239841461182,121.30000305175781,18.700000762939453,0.0023778158541476377,-0.0014322130471565565,-0.009435917366929336,-0.1016101724688598,0.0035785193602134984,0.007616930147718975,0.0024223512505664167,0.00523232041515851,0.00621166218722471,0.004352123903845692
2015-12-22,1.09129798412323,1.4896912574768066,121.20600128173828,16.600000381469727,0.0039535271591315735,-0.0007600878586544903,-0.0007752531735116886,-0.1191208463168401,0.004395386199540348,0.0075860942298804565,0.002769224979964633,0.00514824292143626,0.0062121826245279035,0.004252449856950524
2015-12-23,1.0950024127960205,1.4823379516601562,121.02999877929688,15.569999694824219,0.0033887678226377175,-0.004948350304608663,-0.0014531492706968668,-0.06405675209693741,0.004252484056747499,0.007344565528503753,0.0018183122416049937,0.005084775949165979,0.005652029688165319,0.004252648033527538
2015-12-24,1.0909169912338257,1.4876967668533325,120.93499755859375,15.739999771118164,-0.0037379478049748846,0.0036085914921794187,-0.0007852476765031862,0.010859262202180447,0.0036251771239531445,0.007419623928214541,0.0032181142660332013,0.005136841288627621,0.0039002500642563165,0.00425025496049045
2015-12-25,1.0969964265823364,1.491424322128296,120.16999816894531,15.739999771118164,0.005557304914586227,0.0025024543205030086,-0.006345799302048998,0.0,0.0035704397559403233,0.007475233816685741,0.003398063096495698,0.005159911618713965,0.003936426583369357,0.004384046580257428
2015-12-28,1.0965994596481323,1.4932059049606323,120.23100280761719,16.90999984741211,-0.00036193260666587116,0.0011938383708417274,0.0005075240097464465,0.07169992543911456,0.0037621137233598495,0.007452925667778076,0.003363912771988924,0.005131159263362722,0.0026544635474169496,0.004365388362246198
2015-12-29,1.0975261926651,1.4894028902053833,120.3499984741211,16.079999923706055,0.0008447402008170112,-0.0025501278091700683,0.0009892358546511506,-0.05032889488078703,0.003560438093717584,0.007416595191994391,0.0035948326490110954,0.005144395404218749,0.002923492893483724,0.004383101331132094
2015-12-30,1.0928006172180176,1.4822280406951904,120.52899932861328,17.290000915527344,-0.004314956798066429,-0.004828906159044143,0.0014862307554774942,0.07255209364028917,0.003984628548912859,0.0074851275874412435,0.003554217464406571,0.0051720601228634755,0.0031972471924888238,0.0043802145762501165
2015-12-31,1.093398094177246,1.481920599937439,120.44999694824219,18.209999084472656,0.0005465898145392706,-0.00020743950194633754,-0.0006556785813041303,0.05184249081697819,0.003521848455733263,0.007468950831955759,0.002937913548185559,0.005155484526397876,0.003198221586352455,0.004291328312091865
2016-01-01,1.0859060287475586,1.4738394021987915,120.28800201416016,18.209999084472656,-0.006875676383504475,-0.005468115049014727,-0.0013458195983274803,0.0,0.0034053992811948395,0.007633464318392335,0.0028746552450529123,0.005229637241750934,0.0011719139650904465,0.0042812184906766085
2016-01-04,1.0853991508483887,1.473708987236023,120.31099700927734,20.700000762939453,-0.0004668877623843841,-8.849046436089918e-05,0.00019114788740223375,0.12816289366486183,0.0033928296920958615,0.007624912268244677,0.0025112011767764865,0.004951706188676599,0.0011593830039582605,0.004218557246220831
2016-01-05,1.0827549695968628,1.4714103937149048,119.46700286865234,19.34000015258789,-0.0024391094133951064,-0.0015609513167506735,-0.007039825394216475,-0.06795823921339639,0.0029849228422201357,0.004652812766012851,0.0025574683992141867,0.004009390804752275,0.0032863417639678455,0.004343148815281357
2016-01-06,1.0751993656158447,1.467394471168518,119.10199737548828,20.59000015258789,-0.007002590122124636,-0.0027330328012639448,-0.0030599598237557564,0.06263003053556988,0.0035371168685219734,0.004836855795302821,0.0022149712862220335,0.00402121659335979,0.0028648696496465236,0.00417542380467487
2016-01-07,1.0778998136520386,1.4629936218261719,118.61000061035156,24.989999771118164,0.0025084301533166513,-0.0030035971422510744,-0.0041394416086247155,0.19367020723744927,0.0041234321357348745,0.004790781051989543,0.0019868141790440426,0.0039909671527731255,0.002761829918942477,0.004178750268048777
2016-01-08,1.0925976037979126,1.4626940488815308,117.54000091552734,27.010000228881836,0.013543452932964715,-0.00020478805628325558,-0.009062096213478857,0.07773144059056664,0.007703454255794178,0.005502107533493141,0.0013650248501932982,0.003984810183209763,0.0035846742779164806,0.0044555498091682555
2016-01-11,1.0941038131713867,1.45249605178833,117.08000183105469,24.299999237060547,0.0013776088495606677,-0.0069964827959651185,-0.0039212315105434,-0.10573085732867375,0.007645909085693256,0.004916996511713129,0.0025434720484561147,0.0030128309592971094,0.0025170231238810076,0.0041217411627123895
2016-01-12,1.0857999324798584,1.454397439956665,117.6500015258789,22.469999313354492,-0.0076186124028738075,0.00130819271149714,0.004856650679986454,-0.07829526331090222,0.00861854643783647,0.004997353722684138,0.0031680088341622384,0.003094261282503834,0.005015109540932235,0.004343062279026986
2016-01-13,1.0843987464904785,1.4436262845993042,117.83000183105469,25.219999313354492,-0.0012912976103600176,-0.007433482938201738,0.001528795122031765,0.1154562476716288,0.007694302998979561,0.004933185689963996,0.003925797011824782,0.0031473492167621558,0.005419844744204444,0.004228379900537008
2016-01-14,1.0886012315750122,1.4407975673675537,117.42500305175781,23.950000762939453,0.0038679156615933005,-0.0019613748074223314,-0.0034430653629955754,-0.0516689475981104,0.007753631485600256,0.0050165036819021114,0.003970627810157638,0.003148082538060846,0.005364524427011657,0.004206947582445699
2016-01-15,1.085894227027893,1.442710041999817,118.2030029296875,27.020000457763672,-0.002489778430947763,0.0013264920172083403,0.006603652243739756,0.12060899376128009,0.004335710208940028,0.004927791761990752,0.004291743953606305,0.0029930318062440842,0.004754880947945732,0.004347341693354064
2016-01-18,1.0920010805130005,1.4274091720581055,116.98999786376953,27.020000457763672,0.005608046878191127,-0.010662285261358092,-0.010315067346224595,0.0,0.005281583999641924,0.004932201589690142,0.005374721515408363,0.00349771011542118,0.006849626338295718,0.004389898791255554
2016-01-19,1.0895025730133057,1.4253135919570923,117.38400268554688,26.049999237060547,-0.002290629757255015,-0.0014691792026813536,0.0033621919839006624,-0.03655961056184083,0.003781752219531081,0.0049186227495285366,0.004875946763522061,0.0034928667616443503,0.006604551563718545,0.004524313201307956
2016-01-20,1.09129798412323,1.4182385206222534,117.56500244140625,27.59000015258789,0.0016465618643457622,-0.00497623089336678,0.0015407581025370944,0.057435654847872886,0.003623659097758577,0.0049057504143602,0.004562138883525174,0.0035416150350419183,0.006605450951010974,0.0042531827823330285
2016-01-21,1.0877013206481934,1.4198495149612427,117.13400268554688,26.690000534057617,-0.0033012096273051864,0.0011352674700826663,-0.0036727913705472074,-0.03316441033366052,0.0037539490301280844,0.004883777062988131,0.005018800011613902,0.003602591058896757,0.006632216401417038,0.004277010796263085
2016-01-22,1.0862009525299072,1.4226775169372559,117.92400360107422,22.34000015258789,-0.001380345726692188,0.001989780837498705,0.006721778190076272,-0.17791018295477537,0.00361233052035098,0.004824705056459535,0.005166015503610418,0.0036522903706203034,0.006663964777384876,0.004626933174705831
2016-01-25,1.079901933670044,1.4260046482086182,118.5719985961914,24.149999618530273,-0.005816008700090541,0.0023359101446542505,0.005479979455997534,0.0779055638314243,0.0027276480114564084,0.0049133742153655395,0.0030590876352146095,0.0035705926754676922,0.004071144444823978,0.0048403840177075105
2016-01-26,1.0853049755096436,1.4242985248565674,118.22799682617188,22.5,0.004990796058909852,-0.0011971523393985704,-0.002905422454897042,-0.07076905509235926,0.004221026816083465,0.004881711933287847,0.0030331120168914866,0.0034367494754057332,0.004723659706440598,0.004709775239880978
2016-01-27,1.0864958763122559,1.434308648109436,118.37999725341797,23.110000610351562,0.0010966944054516929,0.007003525537440107,0.001284829354539693,0.02675014148662697,0.004148804967558633,0.0048933832640725775,0.002991509961024664,0.0038941268615555868,0.004723584852962137,0.004722482564915026
2016-01-28,1.090798020362854,1.4249074459075928,118.46700286865234,22.420000076293945,0.003951831818423023,-0.006576093427200047,0.0007346989330936453,-0.030312029650046177,0.00435438218695699,0.00497579051545183,0.005015333160082986,0.004022112654744825,0.0038805531904137778,0.004718443583497139
2016-01-29,1.0936970710754395,1.4362038373947144,118.93000030517578,20.200000762939453,0.0026542082203697926,0.007896547227850314,0.003900622310895873,-0.10427077887051697,0.004276051797159467,0.00492825896729852,0.00599230347857407,0.004486030650286507,0.003218892140308842,0.004799504947573338
2016-02-01,1.0825908184051514,1.4246028661727905,121.33999633789062,19.979999542236328,-0.01020669107372115,-0.008110324124653297,0.020061405028423667,-0.010950891867125737,0.006158576307142338,0.00538722385920297,0.007444241241554028,0.004694715673586935,0.00896946612577674,0.0065152358385267
2016-02-02,1.0897282361984253,1.4427932500839233,120.83999633789062,21.979999542236328,0.006571266280479868,0.01268790721719838,-0.0041291661205587775,0.09540117783978994,0.006479082038781602,0.005386474484367611,0.009328988653216394,0.005537980342842993,0.009238641980056304,0.006576160655760147
2016-02-03,1.0922038555145264,1.4409221410751343,119.85600280761719,21.649999618530273,0.00226920020820641,-0.0012977073098901512,-0.008176280582584074,-0.015127491320452543,0.006513025709848017,0.0054028796999517304,0.009080366838008771,0.005534838298213574,0.010855959466953606,0.006814826115802792
2016-02-04,1.1091023683547974,1.4585764408111572,118.12000274658203,21.84000015258789,0.015353470236526761,0.012177635137221124,-0.014589965502252677,0.008737721034679501,0.009218102095542845,0.006242306769899961,0.00908311951485813,0.006205613255528918,0.013348431997293271,0.0073465091059211835
2016-02-05,1.119996428489685,1.4581085443496704,116.86599731445312,23.3799991607666,0.009774485442781082,-0.00032084127554472277,-0.01067312381171146,0.06813776228523744,0.009628771908244823,0.006231010732242582,0.009096955181492892,0.006183666752558142,0.013709889559154339,0.007645306377559034
2016-02-08,1.114504098892212,1.4512102603912354,116.94999694824219,26.0,-0.004915944830655657,-0.004742207608791116,0.0007185106191535341,0.1062156178729153,0.007664164171318429,0.006392908789118481,0.008140452710257137,0.006230946510039007,0.005907952805694008,0.007616221432643411
2016-02-09,1.1189812421798706,1.4436055421829224,115.66799926757812,26.540000915527344,0.004009114545849865,-0.0052540377149436915,-0.011022454677909332,0.020556525378710746,0.007686203979733241,0.005837955614611902,0.007073045104246931,0.006317061665670089,0.0057651862697602795,0.0077300583078546295
2016-02-10,1.1289994716644287,1.446591854095459,115.19100189208984,26.290000915527344,0.00891315103106425,0.0020665114286850983,-0.004132375622178512,-0.009464389834236935,0.00760554622378039,0.006072325371312293,0.007065360773925352,0.006173753076147387,0.006137209122788994,0.0077343393443630734
2016-02-11,1.128095269203186,1.452643871307373,113.25199890136719,28.139999389648438,-0.0008012091767712855,0.004174911304645522,-0.016976222084972223,0.06800335643046583,0.006288977126660424,0.005754351095526748,0.004140487022559142,0.006236704873882959,0.006836562214947254,0.008357698486462319
2016-02-12,1.1317979097366333,1.4482258558273315,112.49700164794922,25.399999618530273,0.0032768308529634027,-0.003045996071185861,-0.0066888452795016914,-0.10244287099042414,0.005222286556593711,0.005722203197598778,0.004237383165751689,0.006057085036871758,0.006739379077737568,0.008388613471490704
2016-02-15,1.1225990056991577,1.4518002271652222,113.66999816894531,25.399999618530273,-0.008160901062795104,0.0024650627584593483,0.01037292831903162,0.0,0.006384009900939236,0.006092389812614665,0.004019541393853582,0.006057316433062829,0.01021341558666117,0.008791189778687742
2016-02-16,1.1174057722091675,1.4459224939346313,114.3219985961914,24.110000610351562,-0.004636814033404699,-0.004056800361828434,0.005719518350622664,-0.052122441497631504,0.006680702520926842,0.006174276566423788,0.0036399947050665357,0.006124177482610547,0.010757769750892557,0.008754433612002474
2016-02-17,1.1147029399871826,1.4303901195526123,114.08000183105469,22.309999465942383,-0.0024217759002733655,-0.010800304036544382,-0.0021190432241232965,-0.07759173300196279,0.004268010794903419,0.006144766842524987,0.005926995529744734,0.006135788180301241,0.010711535531944559,0.008533835041600742
2016-02-18,1.112297534942627,1.4281632900238037,114.27999877929688,21.639999389648438,-0.0021602204463326666,-0.0015580118054112234,0.001751593964280485,-0.030491558732908645,0.004171069217768656,0.0061415687762016,0.004824756052864633,0.006136895563918158,0.006638508864665618,0.008500170703081471
2016-02-19,1.1110987663269043,1.4333218336105347,113.25,20.530000686645508,-0.001078322142747798,0.0036055048005673726,-0.00905380231774248,-0.05265616129669548,0.00281313345308492,0.006154130106529063,0.005770742135562722,0.006071879828155644,0.007432013948011575,0.008635461236180272
2016-02-22,1.1123965978622437,1.426594614982605,112.48899841308594,19.3799991607666,0.0011673797064114223,-0.004704494803419876,-0.006742339384287195,-0.05764570131827683,0.0021146318824584154,0.00608507949073154,0.005227684722278557,0.006168784064949409,0.006039165132788925,0.008693461654265022
2016-02-23,1.102803349494934,1.4148073196411133,112.97100067138672,20.979999542236328,-0.008661347569662766,-0.008296864175078994,0.004275729571389913,0.07932801799057836,0.003656124886529982,0.00641113591862237,0.005665577569383248,0.006412906492806342,0.005590315645445908,0.00859382853895043
2016-02-24,1.1027060747146606,1.4013453722000122,111.87999725341797,20.719999313354492,-8.82107138321326e-05,-0.00956059664004107,-0.009704310765844161,-0.012470196897080916,0.003834097936301271,0.006248610401514712,0.005329954617915403,0.00668027952841983,0.006463619708086693,0.008578387997021028
2016-02-25,1.1013944149017334,1.3929517269134521,112.10099792480469,19.110000610351562,-0.001190199788027206,-0.006007715167398426,0.001973388348689075,-0.08088759406098134,0.0038588078570762616,0.006197011281476957,0.005167824115117275,0.006772239570777281,0.006512631434180899,0.008634097701178
2016-02-26,1.1024993658065796,1.3966480493545532,113.11799621582031,19.809999465942383,0.0010027261813616976,0.002650075208485558,0.00903125606602714,0.03597504356042947,0.00408466750637061,0.006196734767883401,0.004772988785136483,0.006587984282856063,0.007795839577418629,0.008944699414932792
2016-02-29,1.0923947095870972,1.3861935138702393,113.66000366210938,20.549999237060547,-0.009207485427379999,-0.0075136039406625554,0.004780079889717411,0.03667407006476751,0.004908712772735225,0.006492383337663587,0.00486685351784905,0.006627266276702143,0.007058905408096875,0.009046039947349167
2016-03-01,1.0888975858688354,1.3927963972091675,112.43000030517578,17.700000762939453,-0.0032064723483805242,0.004752011324626263,-0.010880759612804845,-0.14929622113252902,0.004039915406613139,0.00650137925263151,0.006410635600723358,0.0064521543640281,0.008891891308409193,0.009144422824161674
2016-03-02,1.0875948667526245,1.3963944911956787,113.93000030517578,17.09000015258789,-0.0011970813592380746,0.002580028493120223,0.013253418912618987,-0.035071176627717145,0.0038998237508512303,0.006113200133735499,0.0056192248101602045,0.0063236015442714715,0.009170781567178793,0.008429909787576387
2016-03-03,1.086897373199463,1.408093810081482,113.46600341796875,16.700000762939453,-0.0006415231696556842,0.008343330758295067,-0.00408096469217341,-0.02308474094828373,0.003962248001770902,0.005946926745810936,0.005893795143483999,0.005934635340478026,0.009821079313934429,0.008429571616495836
2016-03-04,1.094894528388977,1.4174946546554565,113.66999816894531,16.860000610351562,0.007330846721414482,0.006654103651761163,0.0017962348936296179,0.009535223667163365,0.0059384992402122146,0.006138516560789797,0.006238562813450094,0.006160298733553413,0.00911090604581677,0.008398266145423326
2016-03-07,1.0993964672088623,1.4215044975280762,113.8030014038086,17.350000381469727,0.00410332553486821,0.0028248303885328022,0.001169398128743507,0.028648539604726686,0.004316842214638214,0.005206135527051952,0.0024778156097196207,0.005514940708688519,0.00887378291184966,0.007971016393121902
2016-03-08,1.1016006469726562,1.4261265993118286,113.4520034790039,18.670000076293945,0.0020028926766375924,0.0032462813374869903,-0.003089025071986539,0.07332543326048147,0.003518873121511662,0.004724286263709636,0.002608246701501208,0.005592987686752568,0.006893226895470991,0.007724301190141903
2016-03-09,1.1004005670547485,1.4208581447601318,112.66000366210938,18.34000015258789,-0.0010899903497587624,-0.003701080995679102,-0.0070054046744426396,-0.017833486491807955,0.0034923422417136247,0.00463327988254171,0.0046308342729141395,0.005564218306482976,0.003699129794346049,0.0078010712281590035
2016-03-10,1.0989010334014893,1.42069673538208,113.25299835205078,18.049999237060547,-0.0013636455184836945,-0.00011360637751775514,0.005249773555050072,-0.015938832637493856,0.0036575483055931316,0.004520150729272234,0.003893151349998159,0.005482680256081923,0.004745147497445066,0.007644808479226503
2016-03-11,1.1178430318832397,1.4287755489349365,112.86000061035156,16.5,0.01709034418919461,0.0056704079868904545,-0.003476121578434838,-0.08978526160424032,0.007581598312045183,0.005572570636309141,0.0035991495086023463,0.005622188137087934,0.0047275881796322245,0.0076331081744063925
2016-03-14,1.1167943477630615,1.4380005598068237,113.77799987792969,16.920000076293945,-0.0009385721430363726,0.006435830608000736,0.008101062364409412,0.02513597778064068,0.007916999240420799,0.005573058172775693,0.004218956499764933,0.00573250466176444,0.006400759146687291,0.006965928682043922
2016-03-15,1.1101982593536377,1.4282041788101196,113.83000183105469,16.84000015258789,-0.0059237805074355485,-0.006835812537788969,0.00045694310955125166,-0.004739340811956353,0.008930445740800354,0.005624449378029547,0.005779032084330575,0.005869211694082759,0.006171354292036241,0.006793359395637281
2016-03-16,1.1109012365341187,1.4156285524368286,113.1050033569336,14.989999771118164,0.00063299929179697,-0.008844196922654491,-0.00638950293339932,-0.1163737210296814,0.008835613465987808,0.005389640345166167,0.006996698343390696,0.0060765647574152915,0.005983251276129893,0.006573942277887109
2016-03-17,1.1218937635421753,1.4255167245864868,112.75199890136719,14.4399995803833,0.009846507020469904,0.006960722603279184,-0.003125913648729034,-0.03738119244018626,0.00921474705066457,0.005730966306420059,0.007821108702674728,0.006276049686208125,0.00558088861929872,0.006462515296914082
2016-03-18,1.1317979097366333,1.4478065967559814,111.3499984741211,14.020000457763672,0.008789321158289546,0.015515357529524262,-0.01251232684093889,-0.029517190148146893,0.006704374033174412,0.005981368686464936,0.010253406799735975,0.006739256862652334,0.007692604357491773,0.0069389808224995814
2016-03-21,1.1279042959213257,1.4468011856079102,111.44499969482422,13.789999961853027,-0.0034461334408439088,-0.0006946787019847935,0.0008528129198741595,-0.016541225218272202,0.00710591071642486,0.006016744476675613,0.010089144071612446,0.006728902408146021,0.005528211587004412,0.006924016035708082
2016-03-22,1.1235954761505127,1.4370087385177612,112.13899993896484,14.170000076293945,-0.0038275154051225038,-0.006791352402146073,0.006207979767033912,0.027183370047844744,0.006564209831589077,0.006082180905267285,0.010080284519332466,0.006870589468360304,0.0070996441221759955,0.006857790674073098
2016-03-23,1.122296690940857,1.4224953651428223,112.25199890136719,14.9399995803833,-0.0011565874563953665,-0.01015105939697096,0.0010071613615364725,0.05291509253109994,0.0067312415316760806,0.006090366183084922,0.010418059645725574,0.007145229261092839,0.00698477788526119,0.0067166672637009196
2016-03-24,1.118105411529541,1.411691665649414,112.4000015258789,14.739999771118164,-0.0037415464806334225,-0.007623880643795774,0.0013176169866521818,-0.013477280384626622,0.005404316135613704,0.005826298868525889,0.010362233485375363,0.007109957440904581,0.007011059010529358,0.0066543051971036495
2016-03-25,1.1167943477630615,1.4130080938339233,112.83000183105469,14.739999771118164,-0.001173264180125696,0.0009320836845733811,0.0038183263437671718,0.0,0.0013803140608543687,0.0058372183462484595,0.004750327248843657,0.006789851360272053,0.0023306558124852905,0.006355345226361947
2016-03-28,1.1159967184066772,1.413107991218567,113.44999694824219,15.239999771118164,-0.0007144684537660043,7.06958820364698e-05,0.0054799069474734665,0.03335866400675652,0.0015284777886344003,0.005831237867661615,0.004927372030054586,0.006639695942169413,0.002361654432415462,0.006440495101912048
2016-03-29,1.1202723979949951,1.4263300895690918,113.36399841308594,13.819999694824219,0.0038239447721831305,0.009313246877826515,-0.0007583177496639366,-0.09780673898266716,0.002742801309389872,0.005871429399536596,0.007707963898694354,0.006882655886781085,0.002466080690993067,0.00615815558072851
2016-03-30,1.12920343875885,1.438641905784607,112.68000030517578,13.5600004196167,0.00794059446678328,0.0085947730204721,-0.006051920860090241,-0.018992482799906358,0.004637712119737397,0.005622768419824894,0.00696643950234859,0.006795010587714211,0.004490249620469477,0.006198936092918916
2016-03-31,1.1334655284881592,1.4374011754989624,112.36599731445312,13.949999809265137,0.003767316237481857,-0.0008628037394075446,-0.002790569019781793,0.028355181137191182,0.0037590844004573693,0.005540398622431986,0.004926430475881117,0.0067798792430251095,0.004732302646039566,0.005772484745739674
2016-04-01,1.1379671096801758,1.4366991519927979,112.4800033569336,13.100000381469727,0.0039636544882739695,-0.0004885170593460813,0.0010140812103395557,-0.0628672352676926,0.0030636491218153012,0.005515620759893193,0.005155111905279582,0.006786715992007725,0.004304513409450982,0.004965047780930174
2016-04-04,1.1390039920806885,1.422454833984375,111.72200012207031,14.119999885559082,0.0009107559348322408,-0.009964091426892216,-0.0067618140001041655,0.0749799646332833,0.002506250257974665,0.005489309602204163,0.007940094342467712,0.007000151537270442,0.0033400231298976323,0.005086420735618677
2016-04-05,1.1389002799987793,1.4264928102493286,111.25,15.420000076293945,-9.10592102153291e-05,0.0028347161641211214,-0.004233722860616032,0.08807314912269494,0.003138538403862001,0.005381365994716159,0.00674850600999078,0.00688567627783895,0.0030911055877892997,0.00510769415142951
2016-04-06,1.138200283050537,1.4156285524368286,110.37799835205078,14.09000015258789,-0.0006148142788692096,-0.007645212391289902,-0.007869097353698257,-0.09020003634280462,0.002151943317897472,0.005378845965342914,0.0053558869649859365,0.007061542705978021,0.003506197494046684,0.005287086306346888
2016-04-07,1.1404979228973389,1.4138071537017822,109.6989974975586,16.15999984741211,0.002016625650093088,-0.0012874644811226978,-0.006170595035187454,0.13707370691052384,0.0018263250961109805,0.005378898580221139,0.005312248859413732,0.007022585230512811,0.003509655401854382,0.0053743695966166054
2016-04-08,1.1373976469039917,1.4057974815368652,108.427001953125,15.359999656677246,-0.002722054468835322,-0.005681430374968316,-0.01166307516251997,-0.05077233828284527,0.0017777805657416027,0.005428463336843852,0.00512709507822014,0.007079451201958917,0.0027531657679999728,0.005683235621237076
2016-04-11,1.1403028964996338,1.4130080938339233,108.31099700927734,16.260000228881836,0.0025510387479342374,0.0051160875285704175,-0.0010704625444584632,0.056941412828254066,0.0021278302789499975,0.0053940695574387085,0.00542483946496193,0.007179586701533013,0.003962648466851681,0.00546873455042967
2016-04-12,1.141291856765747,1.4234064817428589,107.93000030517578,14.850000381469727,0.0008669027018344033,0.007332097770834922,-0.0035238192856961842,-0.09070822725913273,0.002135041419621737,0.004153420091182058,0.006545633165474319,0.0072531639867772476,0.004062241089240131,0.0054693453876024775
2016-04-13,1.138498306274414,1.4268999099731445,108.63999938964844,13.84000015258789,-0.0024507096616071316,0.0024512662846965056,0.006556786527485777,-0.07043692972224526,0.0024863602021008508,0.004198320471631154,0.0051792901447035074,0.007129013479886212,0.006713408755080303,0.005341543653362947
2016-04-14,1.1279042959213257,1.4192047119140625,109.41999816894531,13.720000267028809,-0.009348813403846658,-0.00540754317427702,0.0071540137092180505,-0.0087083194541799,0.004566646542189351,0.0045140669358701415,0.006011633335376162,0.007073445216105335,0.007785642011426321,0.005674671372563987
2016-04-15,1.1270017623901367,1.4146071672439575,109.31600189208984,13.619999885559082,-0.0008005065896722636,-0.0032447804582423035,-0.0009508840306341928,-0.00731534944153073,0.00459467819687251,0.004525701818148935,0.005429261404526823,0.006848035925983107,0.00488116834434959,0.005582751895473117
2016-04-18,1.1299946308135986,1.4174344539642334,108.01699829101562,13.350000381469727,0.002652082375212579,0.00199664273178109,-0.01195418154791707,-0.02002287889817992,0.0046189578856895485,0.004066469892437409,0.0050390621483181785,0.0066865060491075505,0.007888562989998902,0.0060029807422076345
2016-04-19,1.1309019327163696,1.4289796352386475,109.072998046875,13.239999771118164,0.000802603680426066,0.008112132827518577,0.009728758604704651,-0.008273880199055257,0.004609700434620322,0.0036053938429838135,0.005303726489176455,0.006006579939761901,0.008809535075226064,0.006012294634185107
2016-04-20,1.1359634399414062,1.4389524459838867,109.23999786376953,13.279999732971191,0.0044656517299041295,0.006954732999318404,0.0015299121224705296,0.0030165907189823042,0.005354138807709849,0.0036434330797728296,0.005995458892635784,0.006218203830125933,0.008454424153459565,0.006023626901471804
2016-04-21,1.1305055618286133,1.4338973760604858,109.83799743652344,13.949999809265137,-0.004816204111791496,-0.0035192059827033745,0.005459252602134894,0.049220370653927835,0.003549473632230112,0.003702689811307774,0.005474006122162471,0.0060920753535259,0.008180645972962431,0.005983486877158614
2016-04-22,1.12920343875885,1.432295322418213,109.43699645996094,13.220000267028809,-0.0011524698211553375,-0.0011178967903748061,-0.0036575207821723955,-0.053748639972233614,0.0035840608721793127,0.0037026139088244536,0.005022772743583288,0.005672228352390986,0.00840874520719017,0.005993752779686891
2016-04-25,1.123406171798706,1.4446691274642944,111.43599700927734,14.079999923706055,-0.00514716774006994,0.008602039796883516,0.01810139936475774,0.06302449068890141,0.004023826210842244,0.0037864714656554665,0.005686886204324885,0.005646045790290066,0.00827072172818441,0.007258157737008654
2016-04-26,1.1269001960754395,1.4490653276443481,111.13600158691406,13.960000038146973,0.0031053790136885565,0.0030384291512680077,-0.002695717394145928,-0.008559245244474722,0.0044184169044440376,0.003821491335262751,0.005154227607907069,0.005661795050714658,0.008806696359953068,0.0072109560322332275
2016-04-27,1.1299052238464355,1.457726001739502,111.2300033569336,13.770000457763672,0.0026630825328960495,0.005958941486604017,0.0008454689433556287,-0.013703754082705518,0.003938078117301895,0.003841978207344842,0.004969062889887867,0.005747107260341661,0.0088549696669535,0.007088862313928037
2016-04-28,1.132900595664978,1.4542070627212524,111.5199966430664,15.220000267028809,0.002647486180481382,-0.0024169104531792367,0.00260375712653791,0.10011802399402735,0.0035591550669012346,0.003802412265985168,0.004643938544022727,0.005518860188480451,0.008797830165952905,0.007128154047465517
2016-04-29,1.135589361190796,1.4611338376998901,108.07599639892578,15.699999809265137,0.002370534440149008,0.004751957489533104,-0.03136926688584943,0.03105033022740543,0.0035177040206013834,0.0034534823043321874,0.004113458435511911,0.005320293007738795,0.017993964193816287,0.00963017748547181
2016-05-02,1.146302580833435,1.4602802991867065,106.4530029296875,14.680000305175781,0.009389838457966277,-0.0005843324482433787,-0.01513104931622572,-0.06717465623063465,0.0030048414049715084,0.0039042975202864022,0.0035496749384322443,0.005316715041646078,0.014223103913815809,0.010035614829375213
2016-05-03,1.1524986028671265,1.4665981531143188,106.39600372314453,15.600000381469727,0.005390668042070114,0.004317134341631258,-0.0005355834993250263,0.06078489473376836,0.0030018415908189167,0.003975577366302387,0.0036736186367057762,0.005363309551576525,0.014498285703029988,0.010015508480100589
2016-05-04,1.1504037380218506,1.4550957679748535,106.68000030517578,16.049999237060547,-0.0018193263221850378,-0.007873819007882263,0.0026656849652940936,0.028437863332176665,0.004138737754752056,0.004007139125546687,0.005214076371684609,0.0051762653534544135,0.014817763320659053,0.010027392392628726
2016-05-05,1.1493064165115356,1.4507049322128296,106.91999816894531,15.90999984741211,-0.0009543129523783916,-0.003022119929703468,0.002247171970774408,-0.008760969281850628,0.004629431052655851,0.0040169316181453045,0.005280333099945586,0.005229432907030445,0.014752558421244188,0.010056849581290238
2016-05-06,1.1406019926071167,1.4492753744125366,107.2750015258789,14.720000267028809,-0.007602457630280269,-0.0009859087062232797,0.0033147709563283545,-0.07774070131773063,0.006621303250265991,0.004363421104351587,0.004410214128040617,0.004901914852743772,0.007767095804398354,0.010018285496897882
2016-05-09,1.1387965679168701,1.443084716796875,107.36000061035156,14.569999694824219,-0.0015841240747149496,-0.004280702868099298,0.0007920338068826446,-0.010242532179650305,0.0046085510022694,0.004355465337842501,0.0045000427702033795,0.005010729893257387,0.0015541569538461341,0.009966810628145648
2016-05-10,1.1387965679168701,1.4415452480316162,108.33100128173828,13.630000114440918,0.0,-0.0010673597169711367,0.0090036878913539,-0.06669134515693033,0.0029965853652947636,0.00431495015642578,0.002836898091521918,0.00481342852267586,0.0031570893159787315,0.009885538270903223
2016-05-11,1.1374363899230957,1.4451494216918945,109.19400024414062,14.6899995803833,-0.0011951133129711508,0.0024970950831022624,0.007934752182349255,0.07489370751630657,0.0030391119099776303,0.0042856121570345905,0.0025688137781379647,0.0047423069867798045,0.0036119301488950466,0.010026286108285473
2016-05-12,1.142700433731079,1.4438347816467285,108.41500091552734,14.40999984741211,0.004617313404738642,-0.000910105451174747,-0.007159654721330993,-0.019244562198597173,0.004370614114061488,0.004399582096620216,0.002397535119597446,0.004541411000260834,0.006487303851398004,0.01012300743548722
2016-05-13,1.1376951932907104,1.4445230960845947,109.0999984741211,15.039999961853027,-0.004389807118385353,0.0004766129960576608,0.00629841459213052,0.04279091656292303,0.0032873039183514696,0.00447103760179665,0.0024797718696862666,0.004523546456491035,0.006683383836476825,0.010115433105115932
2016-05-16,1.1316953897476196,1.4349260330200195,108.66100311279297,14.680000305175781,-0.005287602378223741,-0.00666592682908239,-0.004031906106520114,-0.024227272010415694,0.003941810986575828,0.0041396053342936424,0.0034071876175320475,0.00460970636273708,0.007453117067146727,0.010029592459985491
2016-05-17,1.1316057443618774,1.4446901082992554,109.08000183105469,15.569999694824219,-7.921648996507311e-05,0.006781537691301328,0.0038486020172870633,0.058859922270753685,0.003935680034128992,0.004134551082294735,0.004918459499588408,0.004716167707711316,0.0066231409746508344,0.010067261420140862
2016-05-18,1.1316057443618774,1.4455254077911377,108.94999694824219,15.949999809265137,0.0,0.000578018843569678,-0.0011925413837327555,0.024112851026890914,0.003977200554847666,0.00409770224493163,0.004790612104292468,0.004710964236624577,0.005532177035217055,0.009719187355641156
2016-05-19,1.122296690940857,1.4596196413040161,110.13999938964844,16.329999923706055,-0.00826043417725727,0.009703022640135991,0.01086324491273625,0.02354508503780745,0.003554831293693183,0.004459582172824913,0.006353899751261319,0.004837578962633519,0.005923088104394451,0.009773946167096393
2016-05-20,1.1205987930297852,1.4601097106933594,109.88099670410156,15.199999809265137,-0.0015140235000181696,0.00033569508325166365,-0.0023543462649628787,-0.07170848700647808,0.0036276853168598125,0.004332699803752787,0.0063636197051784955,0.004649446325004577,0.006038772767327897,0.009788439626499714
2016-05-23,1.1221708059310913,1.4490653276443481,110.05000305175781,15.819999694824219,0.0014018498908452475,-0.0075928302446275015,0.0015369036753432779,0.03997952774511884,0.0038148339283754842,0.004247844629233287,0.006689664106829508,0.00489840471756457,0.00524121973404307,0.009724857914648716
2016-05-24,1.121604323387146,1.4481840133666992,109.3740005493164,14.420000076293945,-0.0005049370131429516,-0.0006083800191836755,-0.00616162890191146,-0.09265880590135783,0.003774421284297286,0.004244162303591707,0.006153244860125963,0.004891698383338698,0.006400272618187351,0.009785247032689974
2016-05-25,1.113796591758728,1.4612619876861572,110.16999816894531,13.899999618530273,-0.006985559794362882,0.008990070546939274,0.007251403930500775,-0.03672732445486481,0.004219526413831872,0.004360503325299988,0.007239762017098546,0.004922897170699641,0.006922127967137455,0.009075806355621899
2016-05-26,1.1158970594406128,1.4698317050933838,110.11100006103516,13.430000305175781,0.0018840869032437442,0.005847470414852121,-0.0005356622658780276,-0.03439777943419582,0.0035468225668152187,0.00432147780145757,0.0063919155687687775,0.005026686456026306,0.004968063367005277,0.009062815466428795
2016-05-27,1.1192066669464111,1.466490626335144,109.71299743652344,13.119999885559082,0.0029614821769575715,-0.0022756903520896156,-0.0036211065574306683,-0.023353258465272583,0.003969549778823657,0.004332155918018011,0.006603241737895482,0.004917697151064738,0.005143970115681744,0.00908309653219184
2016-05-30,1.1110000610351562,1.4626511335372925,110.7699966430664,13.119999885559082,-0.007359535642408992,-0.0026215835979152397,0.00958810731500196,0.0,0.004886667437527661,0.0045148746956097585,0.005244498286541993,0.004923217729459318,0.006844243822852488,0.009320253499842158
2016-05-31,1.1148396730422974,1.4635074138641357,110.84100341796875,14.1899995803833,0.003450037985085013,0.0005852590264088591,0.0006408235810743359,0.07839968680734224,0.005474131685552981,0.0045576310551429505,0.005129593899199403,0.004821405385538162,0.0055412358789353276,0.0062245719280690035
2016-06-01,1.113598108291626,1.4482468366622925,110.66999816894531,14.199999809265137,-0.0011142917155116097,-0.010482146238120188,-0.0015439890729579834,0.0007044895745281789,0.004461529464391823,0.00394400948965263,0.0059256569301080085,0.005321592939079749,0.005099628310562966,0.00510598026173371
2016-06-02,1.1189061403274536,1.4419403076171875,109.47699737548828,13.630000114440918,0.004755235777335846,-0.004364104287699792,-0.010838326172921126,-0.04096869707048888,0.004930503121163211,0.0038945747920695155,0.004120284099811702,0.005278699862893523,0.007393225562750324,0.0057579592744896714
2016-06-03,1.115200161933899,1.4405485391616821,108.86000061035156,13.470000267028809,-0.0033176414112727104,-0.0009656714302400192,-0.005651798945785303,-0.011808243858455967,0.004958679912643117,0.003916312140809343,0.0042824223626801656,0.005035932492502337,0.007615023429086262,0.0059342161196161
2016-06-06,1.1350995302200317,1.4383935928344727,106.72100067138672,13.649999618530273,0.01768643268221709,-0.0014970406704041678,-0.019844699883509852,0.013274483438230778,0.008177238941254827,0.005652050822601081,0.00437322889232816,0.0050093635832170105,0.008195810346337377,0.0073895628104745726
2016-06-07,1.1364023685455322,1.4459224939346313,107.43800354003906,14.050000190734863,0.001147116336616802,0.005220591622699596,0.006696011221064994,0.028882915670721605,0.00830044338567023,0.005437049324512689,0.005703579627246223,0.005146929450587765,0.009949513666295162,0.007498000463542149
2016-06-08,1.1357828378677368,1.454355001449585,107.25399780273438,14.079999923706055,-0.0005453170730971647,0.005814982386875325,-0.0017141372869847707,0.0021329359561023946,0.008219192702415,0.005428666572894861,0.004465000762087367,0.00520663971048063,0.009929722853582785,0.0075055268826989645
2016-06-09,1.140706181526184,1.4518423080444336,106.77999877929688,14.640000343322754,0.0043253899249274174,-0.0017291971354099203,-0.004429201023286369,0.03900218667288067,0.008210845233305043,0.005510938996172822,0.003803459686829257,0.005217142369901165,0.009600894608259145,0.007277279625363487
2016-06-10,1.1315033435821533,1.4463825225830078,107.08999633789062,17.030000686645508,-0.00810038701414356,-0.003767680038060641,0.0028989365761304983,0.1512190030101828,0.00944221396447895,0.005777014271625356,0.0043939807267862905,0.005263620505955021,0.010196346389820475,0.0070704744232195395
2016-06-13,1.1239995956420898,1.4188824892044067,106.50399780273438,20.969999313354492,-0.006653749364378424,-0.019196044842823327,-0.005487045717436688,0.20811627717528977,0.005265384999460509,0.005825524645177409,0.010117282729880337,0.006675108369493885,0.005125318489223682,0.007008505388037829
2016-06-14,1.1291015148162842,1.4206764698028564,106.22599792480469,20.5,0.004528805094961433,0.0012635630131552385,-0.0026136420981275215,-0.022667926025283062,0.005939209194697908,0.005870321843753979,0.009474057105353094,0.006684334791751802,0.0032464020838430013,0.006833547039161253
2016-06-15,1.1213024854660034,1.4123696088790894,106.08699798583984,20.139999389648438,-0.006931253741881397,-0.005864277882502778,-0.0013093871925098353,-0.017717029159386808,0.00640745832734273,0.0059461953694014535,0.007906272626589871,0.006652697437341079,0.0032686671611006205,0.006804666771507511
2016-06-16,1.1262656450271606,1.41958749294281,105.8499984741211,19.3700008392334,0.004416478024524096,0.005097464003447676,-0.002236510042760439,-0.03898233623961898,0.006432033451162662,0.006035028545765923,0.009269587861299982,0.006571461654688323,0.0030312881015606015,0.006717491283722854
2016-06-17,1.1252011060714722,1.4295722246170044,104.74299621582031,19.40999984741211,-0.0009456404670404876,0.0070089244120897735,-0.010513288499977,0.002062868574259218,0.005634381030349749,0.006036791584701263,0.010633093254661503,0.006775393152705819,0.0037407386850654375,0.006994238315247881
2016-06-20,1.13490629196167,1.4585976600646973,104.64800262451172,18.3700008392334,0.008588304743647803,0.020100211438025383,-0.0009073322000626717,-0.0550694444075854,0.006001260283473955,0.006041973043163405,0.009522303160911754,0.007805585877848966,0.003971387618111177,0.006405668611352215
2016-06-21,1.1322976350784302,1.467502236366272,103.8239974975586,18.479999542236328,-0.0023012116407544942,0.006086329315279993,-0.007905228689264625,0.005970096530745827,0.006039418957427722,0.006056829693570767,0.009222761724413117,0.007914014982509645,0.004357127514031519,0.006515264026845624
2016-06-22,1.1250618696212769,1.4670286178588867,104.66999816894531,21.170000076293945,-0.006410844372746685,-0.0003227899347629805,0.00811539259710979,0.1358960473078682,0.005880314525336314,0.006226382313088356,0.007548658220490222,0.007721266959313031,0.007220500643984278,0.006855175241416063
2016-06-23,1.1328235864639282,1.4789398908615112,104.6500015258789,17.25,0.006875235761559178,0.00808653444585768,-0.00019106290040505987,-0.2047729452732758,0.006355608087725811,0.006387996243097374,0.0074187564157216805,0.007879521990118028,0.00730996407671715,0.006812166248260963
2016-06-24,1.1324002742767334,1.4557948112487793,104.89600372314453,25.760000228881836,-0.0003737486607474257,-0.01577352765604423,0.0023479551422475094,0.4010107666439484,0.006313218888360739,0.006173323464018615,0.013127103720535596,0.008426835748884625,0.005794366422141511,0.006570763111876256
2016-06-27,1.103594422340393,1.3450984954833984,102.12699890136719,23.850000381469727,-0.025767007174789764,-0.07908477228808979,-0.026752292540819424,-0.0770386767924294,0.012259616240171259,0.008359720521951875,0.036377460329322965,0.018714170016533124,0.01351535091512631,0.008377735670184171
2016-06-28,1.1015034914016724,1.323504090309143,101.81199645996094,18.75,-0.0018964523546687237,-0.01618440801051198,-0.003089185482703364,-0.2405904809124681,0.012288110365476916,0.008327924789004439,0.03426852717843618,0.018886195456968475,0.013416841600617695,0.008377899573265651
2016-06-29,1.1073951721191406,1.3350956439971924,102.70099639892578,16.639999389648438,0.005334508808740789,0.008720099524815061,0.00869387833026296,-0.11938435370313931,0.013165285872515944,0.008285989835789076,0.03581370230899717,0.019098182944274518,0.013548355509418832,0.008313823044752673
2016-06-30,1.1128050088882446,1.3465837240219116,102.77799987792969,15.630000114440918,0.004873297031417912,0.008567877605769325,0.0007495022265428259,-0.06261724695801948,0.012809209273951997,0.008320899886048755,0.03590473226901088,0.019267465476362412,0.013617313087650797,0.008316393860671878
2016-07-01,1.1106051206588745,1.3328713178634644,103.072998046875,14.770000457763672,-0.0019788422459705002,-0.010235309534941337,0.0028661349603680522,-0.05659402421917195,0.012729071928551829,0.008328040686768607,0.03610441756725092,0.019263451192900183,0.01367583895864689,0.008416641702784933
2016-07-04,1.1131023168563843,1.3289920091629028,102.48799896240234,14.770000457763672,0.0022459764311803096,-0.002914733756326674,-0.005691747678646631,0.0,0.003537113100434907,0.00827507305788083,0.011131233660243173,0.01926381376233084,0.005563472016547116,0.00826533928219134
2016-07-05,1.1146035194396973,1.3279860019683838,102.51799774169922,15.579999923706055,0.0013477567694009662,-0.0007572567318043328,0.00029266245859415615,0.05338990800959761,0.0029591996958666764,0.008252098012465132,0.008077647224799846,0.01926527760423433,0.005179064519626787,0.008271635390363321
2016-07-06,1.1065007448196411,1.2957899570465088,101.14099884033203,14.960000038146973,-0.007296200089325156,-0.024542995697101604,-0.013522799466582325,-0.04060806044942412,0.004680535708158864,0.00737072440732975,0.012359268322667469,0.019760094447756397,0.006657101265932594,0.007741518802333542
2016-07-07,1.1099025011062622,1.292590856552124,101.1500015258789,14.760000228881836,0.003069620985244283,-0.0024718944805359948,8.900727700711211e-05,-0.01345914041703677,0.004244690825367156,0.007410666905859536,0.009840915123229524,0.019643053726733334,0.0065685429773971946,0.007494394432937155
2016-07-08,1.1065741777420044,1.2915725708007812,100.79000091552734,13.199999809265137,-0.003003258186911798,-0.0007880970632653404,-0.003565425248762242,-0.1117040195365115,0.0043558373569669365,0.0074208615015733965,0.010247246741338333,0.019518459223274408,0.005650910003485143,0.0074927047293832484
2016-07-11,1.1043988466262817,1.2946157455444336,100.69200134277344,13.539999961853027,-0.0019677597091128443,0.0023534064623031373,-0.000972787438914554,0.025431449524060772,0.004032406128062034,0.007318959849474049,0.010929802038089572,0.019574305044868873,0.005790216359472694,0.007493713738004537
2016-07-12,1.1058032512664795,1.2981113195419312,102.52400207519531,13.550000190734863,0.0012708383822002361,0.0026964474298473134,0.01803057174163263,0.0007382967353085246,0.00401861532442913,0.0071862117241073085,0.011383742051424672,0.019645372314087035,0.011419647888937092,0.008636342242724238
2016-07-13,1.1062926054000854,1.3278273344039917,104.75599670410156,13.039999961853027,0.00044243484305962847,0.02263364636342275,0.021536867182490232,-0.03836500782895798,0.0024554995257038705,0.007080927861499939,0.010155307752210825,0.020213499199394695,0.01178925989244535,0.009937648881166937
2016-07-14,1.1094961166381836,1.3119744062423706,104.07599639892578,12.819999694824219,0.0028915333292139182,-0.01201084043249365,-0.006512438045618875,-0.017015125885264937,0.002399820807826349,0.0070315476103442395,0.012506624660444988,0.020277728123237672,0.013061079066506442,0.010006946390438393
2016-07-15,1.1106051206588745,1.3357912302017212,105.19100189208984,12.670000076293945,0.0009990572450506185,0.017990615190356787,0.010656396410381113,-0.011769427333191387,0.0017605174550693338,0.006904178214373899,0.013841699717876884,0.020783395748402773,0.01204717145369924,0.010306025470226982
2016-07-18,1.1053143739700317,1.3229613304138184,105.45899963378906,12.4399995803833,-0.004775224691423465,-0.009651142091268024,0.002544485016394225,-0.018319946774882384,0.002908405983359026,0.006874619584777049,0.015706684536861398,0.020763373634050793,0.011439644591838043,0.010315539078392236
2016-07-19,1.1071866750717163,1.3268934488296509,106.14600372314453,11.970000267028809,0.0016924751736727699,0.0029678013548189996,0.006493291673559415,-0.0385135117017342,0.002954210303332504,0.006895911780259232,0.015700088964216336,0.020686450933217547,0.010336443468197084,0.01013909424434365
2016-07-20,1.1013579368591309,1.310839295387268,106.13700103759766,11.770000457763672,-0.0052783645066787396,-0.012172841783578768,-8.481777014996143e-05,-0.01684958171345754,0.0038370020628608077,0.006631964320393072,0.013085226527331939,0.020076819148832737,0.006525128736127736,0.010134768381737484
2016-07-21,1.1019526720046997,1.326453447341919,107.2040023803711,12.739999771118164,0.0005398559400754168,0.01184118406298445,0.010002861357459742,0.07919267201381489,0.0033730346088132793,0.006640499490840563,0.013133102337616267,0.02026279182256469,0.004660573440340959,0.010134736080748566
2016-07-22,1.1032899618148804,1.3246086835861206,105.81099700927734,12.020000457763672,0.0012128279705787804,-0.0013917169515065726,-0.013079128068323759,-0.05817466498784901,0.0034116162350477978,0.006555906738417377,0.009722993481048799,0.020253343385329685,0.008843898446261664,0.010473283161540179
2016-07-25,1.097044587135315,1.3129734992980957,106.32599639892578,12.869999885559082,-0.005676765339448428,-0.008822670881331028,0.004855356843814457,0.06832704552540611,0.003654919039857827,0.006392238322742042,0.00955889641263335,0.020067298054897768,0.008992470548841162,0.01051277994385278
2016-07-26,1.0991184711456299,1.3107877969741821,105.5780029296875,13.050000190734863,0.0018886435767623317,-0.001666083597326099,-0.007059768369566942,0.013889135668433597,0.003698574937674323,0.006428620084731983,0.009234672835694232,0.019945410727642752,0.009203058329317735,0.010634137139796345
2016-07-27,1.0987803936004639,1.3152875900268555,104.8489990234375,12.829999923706055,-0.000307637037586267,0.0034270131610851995,-0.006928833429430312,-0.017001975703382886,0.003022899103538022,0.003405927354639415,0.007619300396287469,0.011103683345640523,0.009522735210340237,0.008937786839644923
2016-07-28,1.1073460578918457,1.323784351348877,104.95099639892578,12.720000267028809,0.007765382015010036,0.006439226265621201,0.0009723297020941792,-0.00861059377621103,0.0048190176238514315,0.0037790677735633346,0.0058083745596346345,0.010671469543778922,0.007127493953410272,0.008886868396783243
2016-07-29,1.108438491821289,1.316187858581543,104.74500274658203,11.869999885559082,0.0009860471480390611,-0.005754995226880651,-0.001964689068408518,-0.06916137992441954,0.004817304052525971,0.003609877283337247,0.006300969225638663,0.010554439258704765,0.005141094431526713,0.008758779856882776
2016-08-01,1.1168068647384644,1.3216325044631958,102.33200073242188,12.4399995803833,0.007521339022459522,0.004128145866221104,-0.02330641451215855,0.04690285459939975,0.003799807502721406,0.00381682729414819,0.00493720000170311,0.010411303800840425,0.009389606228016661,0.01016638086660588
2016-08-02,1.1168068647384644,1.3185480833053589,102.35900115966797,13.369999885559082,0.0,-0.0023365239297412953,0.0002638164565428103,0.07209632897453477,0.004091501727385428,0.0037871461759442717,0.005046290489308955,0.010206422292020323,0.010053872992979253,0.010144150348557496
2016-08-03,1.1219062805175781,1.333777904510498,101.06800079345703,12.859999656677246,0.004555674861185275,0.011484250925902047,-0.012692687656150474,-0.03889169044179689,0.003599769193952935,0.003875994661727007,0.006891945597423722,0.01050102765763152,0.010480748089481746,0.010426696236881649
2016-08-04,1.1151504516601562,1.332800269126892,101.33699798583984,12.420000076293945,-0.006039944627668497,-0.0007332509034041291,0.0026580109421972483,-0.03481360946436234,0.005121354835641511,0.004099737561375174,0.00668640791670013,0.01050092868294261,0.010836282294355308,0.010448880308910082
2016-08-05,1.1134741306304932,1.3129217624664307,101.1989974975586,11.390000343322754,-0.0015043550709452347,-0.015027187660701935,-0.0013627257644518757,-0.08657227504660032,0.005290548880781439,0.0037809690122736217,0.00974048720840227,0.009591342660096395,0.010909424741859255,0.010042385215488881
2016-08-08,1.1089547872543335,1.3085750341415405,102.1449966430664,11.5,-0.004067036357604987,-0.003316221720389887,0.009304488921529413,0.009611227767642339,0.0040645572477170135,0.003836474944292427,0.009420482637988552,0.009605885495336423,0.008000005587305141,0.010235476587136062
2016-08-09,1.1083648204803467,1.3032373189926147,102.28800201416016,11.65999984741211,-0.0005321441129649647,-0.004087370651857048,0.0013990441402191693,0.013817132466701737,0.004025145740785086,0.0037813281558110373,0.009469193713462618,0.009653547871725074,0.008038359771405601,0.010197505713517624
2016-08-10,1.111580491065979,1.3007115125656128,101.91500091552734,12.050000190734863,0.0028970739216054786,-0.001939982221273502,-0.0036532421965028376,0.03290050792937694,0.0034227842827155882,0.003798479787726404,0.005739755807456969,0.009655758388060152,0.004921110975265813,0.010234023300527126
2016-08-11,1.1186434030532837,1.3020155429840088,101.13300323486328,11.680000305175781,0.006333835466558864,0.0010020493887212913,-0.007702627270724867,-0.031186672237139078,0.004050970928674585,0.004008035569852855,0.0061046822221276905,0.009641757968850518,0.0063689169097762,0.009591195822494064
2016-08-12,1.113908290863037,1.2954877614974976,101.80799865722656,11.550000190734863,-0.0042418899444097,-0.0050262074490724125,0.006652159052950798,-0.011192550046500696,0.004563378861414267,0.0041350309304115035,0.0023449448501391473,0.008275004968579826,0.007040226021242175,0.008405414979295693
2016-08-15,1.1166945695877075,1.290988802909851,101.28299713134766,11.8100004196167,0.0024982306112892433,-0.0034788354063335822,-0.005170122814044102,0.022261212258253418,0.003979754173821749,0.0041241827373682685,0.0023571824034404557,0.007933196298481576,0.005728240346842965,0.008370557143367917
2016-08-16,1.1184055805206299,1.2883111238479614,101.23999786376953,12.640000343322754,0.0015310376736969462,-0.002076284340613323,-0.00042463591085331994,0.06791975014042438,0.003834822980235184,0.004130069095546387,0.0022307497306775785,0.006742109866228785,0.005536846072692465,0.007943334303896054
2016-08-17,1.1275991201400757,1.303373098373413,100.19999694824219,12.1899995803833,0.00818661774229303,0.011623440829826978,-0.010325756382167381,-0.0362505068101687,0.004815969162392129,0.004290302997568293,0.006651104663473922,0.00705745218790314,0.006699077592624878,0.008085414329284547
2016-08-18,1.1298924684524536,1.3044612407684326,99.90599822998047,11.430000305175781,0.0020317675714881405,0.000834518084095883,-0.002938431999913803,-0.06437440456389017,0.004407510383072011,0.0042938681707214155,0.00664779026453135,0.007019527313464417,0.0062573196777381945,0.007841948942295352
2016-08-19,1.1349449157714844,1.3166556358337402,100.11199951171875,11.34000015258789,0.004461649861066459,0.009304799153271509,0.002059828184472326,-0.007905192750934193,0.0027217978599063703,0.004122767590301302,0.0068237788083901855,0.006850351325097313,0.0047425448307348485,0.007889892089285982
2016-08-22,1.1298158168792725,1.3056023120880127,100.55400085449219,12.270000457763672,-0.004529491868557557,-0.008430436235151719,0.0044053507499773,0.07882098427504385,0.004653590417971402,0.004308586322508883,0.00825263019007027,0.006567641164654358,0.005671193438457533,0.007544930154143382
2016-08-23,1.1319260597229004,1.3137152194976807,100.2509994506836,12.380000114440918,0.0018660338545216854,0.0061946925148944326,-0.0030178694087737773,0.008924980470093992,0.004641493903015845,0.004311397661288628,0.00799321113583029,0.006727911999806792,0.005673159360841319,0.0071961022234142335
2016-08-24,1.1300839185714722,1.3196094036102295,100.31099700927734,13.449999809265137,-0.0016287651923312064,0.004476617811691667,0.0005982944071405375,0.08289681536635139,0.0035255000612793934,0.004086003212041199,0.006821078685751637,0.006527253572642822,0.003221207693793478,0.007045876119176525
2016-08-25,1.1263798475265503,1.3234516382217407,100.552001953125,13.630000114440918,-0.003283078973066947,0.002907414741659662,0.002399695919563802,0.013294162237876155,0.003721465298088665,0.004200625007176877,0.0067590786131583955,0.006536841439966949,0.0027643110269492954,0.007052393941515152
2016-08-26,1.1290504932403564,1.3194352388381958,100.55500030517578,13.649999618530273,0.0023681928133100437,-0.003039405515506439,2.9818474914690437e-05,0.0014662395797748562,0.0030665698320579437,0.004196248956773697,0.006047481833359951,0.006541374850911942,0.0027718711836551314,0.006986748993160802
2016-08-29,1.1199462413787842,1.3128528594970703,101.91999816894531,12.9399995803833,-0.008096322643500537,-0.005001270997308913,0.013483329336765541,-0.05341623703958905,0.004262509189732968,0.004379492983102229,0.004872988918051672,0.006471386022472659,0.006336628271715765,0.007704075208695436
2016-08-30,1.1192818880081177,1.3107877969741821,101.80899810791016,13.119999885559082,-0.0005933771387031251,-0.0015741964847559222,-0.0010896835899379636,0.01381451814843274,0.003863441536741977,0.004384334283935273,0.004007075920895867,0.006366470119665745,0.005948544235721357,0.007702912251221915
2016-08-31,1.1153244972229004,1.3090718984603882,102.86799621582031,13.420000076293945,-0.003541916776530722,-0.0013099165288435566,0.01034808588468622,0.022608362435316418,0.0038816410584703726,0.004162601948352052,0.002917279304143853,0.0062961378636893755,0.006502145148993444,0.006344947903588356
2016-09-01,1.116071343421936,1.3133701086044312,103.302001953125,13.479999542236328,0.000669398242409528,0.0032780240564406274,0.00421017977633874,0.0044609342968024756,0.00411090383754598,0.0041655097898060395,0.003061678895859891,0.0063290551230137035,0.006367774634908183,0.006401263057684582
2016-09-02,1.1200717687606812,1.327492356300354,103.25800323486328,11.979999542236328,0.0035779727913655378,0.010695280426390705,-0.00042601392159258164,-0.11796851704878558,0.0044426360195944075,0.004119215236287797,0.0060607053519563,0.006261698402565883,0.0064663149460661325,0.005700921402174683
2016-09-05,1.1161960363388062,1.3294336795806885,103.93399810791016,11.979999542236328,-0.003466254170083479,0.0014613305749501743,0.006525322090714277,0.0,0.0029963340691710346,0.003975774357087213,0.004999020087274098,0.006270518836498981,0.004800436337211913,0.005813812931530399
2016-09-06,1.1153244972229004,1.3313806056976318,103.51000213623047,12.020000457763672,-0.0007811168636914772,0.0014634065031671197,-0.004087817064881943,0.003333412713915429,0.0029962970643175823,0.0039653504099423685,0.004542286419463367,0.005316028723740843,0.005687017935148918,0.005898318301202211
2016-09-07,1.1253657341003418,1.3421016931533813,101.5250015258789,11.9399995803833,0.008962688331043682,0.008020359761377445,-0.019363158431623236,-0.006677894369882704,0.004747074639306758,0.004277901654853674,0.004169902174103072,0.0054622595151954815,0.01021750145328197,0.007038807130074566
2016-09-08,1.1241008043289185,1.333866834640503,101.8290023803711,12.510000228881836,-0.0011246487850704737,-0.006154694587934138,0.002989870620849743,0.04663426995405139,0.004917918365616458,0.004287669279082044,0.006574785768642209,0.005573302583292712,0.01002609787572535,0.007064965127256989
2016-09-09,1.1271415948867798,1.331026315689087,102.30599975585938,17.5,0.0027014349127084296,-0.002131807818874531,0.004673360654894164,0.3356725381547387,0.004837336974545143,0.004282967206386841,0.005234846261366641,0.005578360611756773,0.010581152047257701,0.007094382142295227
2016-09-12,1.1241133213043213,1.327316164970398,102.43800354003906,15.15999984741211,-0.0026902998742258147,-0.00279132817133648,0.0012894521973276546,-0.14354051078040708,0.004656950090348235,0.004140643406011306,0.005389246331717277,0.005638129529767282,0.009772977688428152,0.006874598136066043
2016-09-13,1.1243535280227661,1.333866834640503,101.7509994506836,17.850000381469727,0.00021366267368412217,0.004923135990211019,-0.006729125189416861,0.16334315944743963,0.004559985302002675,0.0040191053553716004,0.005875450629092437,0.0055404413684694625,0.009923484326659985,0.006903931832443351
2016-09-14,1.12186861038208,1.3194352388381958,102.50399780273438,18.139999389648438,-0.002212531531855705,-0.010878322723483396,0.007373153885769845,0.016115881443765686,0.002168170963768712,0.004028823857948295,0.005804455627266296,0.006047478705245071,0.005330747139352477,0.00697638895202291
2016-09-15,1.1247328519821167,1.326435923576355,102.5479965209961,16.299999237060547,0.0025498453552103796,0.00529179286907223,0.00042914694960269583,-0.10695435003365247,0.0025453353894062283,0.0040505270962001,0.006645910385293273,0.006073507444692419,0.0053251913367749135,0.006973113935669457
2016-09-16,1.124593734741211,1.3247665166854858,102.00800323486328,15.369999885559082,-0.00012369679165697225,-0.001259358460262938,-0.005279674427877182,-0.05874751090184277,0.0021018694717843183,0.0036427333578304454,0.006624032584666364,0.005638854039751176,0.005649435990005486,0.006673751693539824
2016-09-19,1.1158473491668701,1.3016257286071777,102.30699920654297,15.529999732971191,-0.007807775057992242,-0.01762218645331407,0.0029268157653271395,0.0103560698614386,0.003921892680057679,0.003956338191516922,0.010078501349220035,0.00686401280418522,0.005829716674213198,0.006633791634684163
2016-09-20,1.118067979812622,1.3044612407684326,101.84600067138672,15.920000076293945,0.0019881070230172073,0.002176069573645891,-0.004516214005992904,0.02480256524236022,0.0041845151252001694,0.0038400164781819744,0.009536993706675224,0.0065605020009678735,0.00527282618483197,0.006734898309728997
2016-09-21,1.1153992414474487,1.2985326051712036,101.5469970703125,13.300000190734863,-0.002389772824843842,-0.004555251529486987,-0.002940158410462188,-0.17981213563989507,0.004196803942301897,0.003764250078953258,0.008868691216305903,0.006384942732780338,0.00346658709916925,0.006728716107803766
2016-09-22,1.1193194389343262,1.3036110401153564,100.39299774169922,12.020000457763672,0.003508451907178094,0.0039032752101002765,-0.011429255425114318,-0.1011920823781142,0.0044241934920542115,0.0038308470422022184,0.008552665756325845,0.006292887140440754,0.005145268476728385,0.007160096708324465
2016-09-23,1.1210134029388428,1.3087291717529297,100.83100128173828,12.289999961853027,0.0015122434449735868,0.003918431575652972,0.004353399534064562,0.022213953283479113,0.00456035718131955,0.003845633172023028,0.009178070094093183,0.006273591812500259,0.006329490855739864,0.00721795604623557
2016-09-26,1.123923897743225,1.297858476638794,100.88899993896484,14.5,0.002592942292141068,-0.008340987992872391,0.0005750412301586339,0.1653627289524887,0.0022682890507080404,0.003837453060306796,0.005567026172493994,0.006449136788839751,0.0059158842470127026,0.0072023645325855114
2016-09-27,1.124985933303833,1.2969495058059692,100.35900115966797,13.100000381469727,0.0009444893031245314,-0.0007006074254088404,-0.005267133106439348,-0.10153639009959678,0.002253487321575458,0.0038057352982368876,0.005355662016953341,0.006431228961827488,0.005979803187902564,0.007294592847034632
2016-09-28,1.121956706047058,1.3012362718582153,100.46800231933594,12.390000343322754,-0.002696311903076753,0.00329981787977455,0.0010855230470331074,-0.05572253597621583,0.0023774696397535207,0.003424844087817794,0.005260137159466628,0.006415346836892131,0.0062451751648314,0.006646249739808704
2016-09-29,1.1224982738494873,1.3039510250091553,100.93499755859375,14.020000457763672,0.00048258291459646655,0.0020841143643216833,0.004637429198811397,0.12359519090648864,0.0019872566616690305,0.0034224290408524176,0.0050158690215720515,0.006430963460029916,0.003997233730912881,0.006739801759202658
2016-09-30,1.121956706047058,1.2963443994522095,101.1989974975586,13.289999961853027,-0.00048258291459651463,-0.005850602345402205,0.0026121295332069043,-0.053473044402402276,0.0019499861361280532,0.0033269293922295272,0.00503595540465915,0.006538970912634982,0.003705618000039777,0.0063429006919191065
2016-10-03,1.1234692335128784,1.2931592464447021,101.56300354003906,13.569999694824219,0.0013472078218555506,-0.002460050302607106,0.0035904797907662413,0.020849581502971382,0.0016132387263551667,0.003333940225138009,0.003652843938183586,0.006497744058154895,0.003913905751495115,0.0063211930524956945
2016-10-04,1.121038556098938,1.2848516702651978,101.81700134277344,13.630000114440918,-0.0021658898894434467,-0.0064449726586379265,0.0024977670241971826,0.004411802746919617,0.0017154359375457491,0.0032896493152052204,0.004457736881464966,0.00607988073843431,0.00132582372949457,0.006359426704923782
2016-10-05,1.121076226234436,1.273236632347107,102.87999725341797,12.989999771118164,3.360232562436578e-05,-0.009081092100552178,0.010386136323705176,-0.048093441042034196,0.0013085946224310034,0.0031953282520011663,0.004300979146079817,0.006249771134925477,0.0032697897357915236,0.006614686110925426
2016-10-06,1.120824933052063,1.2755101919174194,103.45999908447266,12.84000015258789,-0.00022417864622131028,0.0017840612113416729,0.005621821933913556,-0.011614502917052018,0.0012594841488774286,0.0031893998950381993,0.004189398732275252,0.006258510770070476,0.0032912746666836014,0.006684886953864649
2016-10-07,1.1144545078277588,1.2402331829071045,103.76499938964844,13.479999542236328,-0.005699907005050658,-0.028046836425827053,0.002943665365293122,0.04864176137982386,0.0027406109228435816,0.0027822748409458246,0.011492071218530112,0.008003431944563872,0.0032354767152615307,0.005120161735825927
2016-10-10,1.1196954250335693,1.2434717416763306,103.01799774169922,13.380000114440918,0.004691651837804753,0.0026078465059091293,-0.00722501277007275,-0.007446008272215814,0.003774212866246101,0.00298346915964444,0.012385300034580986,0.008087217993514232,0.00644427924230445,0.005386587173124909
2016-10-11,1.1140819787979126,1.2341108322143555,103.6969985961914,15.359999656677246,-0.005025978007065925,-0.007556522316318403,0.006569463353288365,0.13800564211456884,0.004244488375912922,0.0030815336389757786,0.012364042909317991,0.008135977299959908,0.006643629794410869,0.00547059170111869
2016-10-12,1.1061947345733643,1.2278977632522583,103.34200286865234,15.90999984741211,-0.007104769738430352,-0.0050471652802336845,-0.0034292676541085457,0.035181127391220514,0.004862460194872675,0.003360060215786238,0.012412153589444159,0.008141674241646853,0.005986929543219705,0.005534967486464081
2016-10-13,1.1011881828308105,1.2187690734863281,104.30400085449219,16.690000534057617,-0.0045361955898909475,-0.007462178330992581,0.00926581635383324,0.04786193691339739,0.00469928948898865,0.0034479635097137066,0.01137482448306743,0.007954747012202418,0.00686361818354518,0.005604091186453899
2016-10-14,1.1049723625183105,1.222195029258728,103.72200012207031,16.1200008392334,0.0034305603068918436,0.002807053178806353,-0.005595476028904053,-0.03474898053229599,0.005373386575418191,0.0035574436914911182,0.005244264984339431,0.007934665452608531,0.0074874708917605105,0.005597787892360696
2016-10-17,1.0967799425125122,1.2183235883712769,104.03900146484375,16.209999084472656,-0.007441761541419799,-0.0031726405255538105,0.0030515985805982795,0.005567490128307157,0.004414371548733905,0.003756388706417507,0.00426366483203318,0.007690545420155275,0.006362828462868434,0.005623247483423425
2016-10-18,1.1015641689300537,1.2218962907791138,103.85099792480469,15.279999732971191,0.004352579694611333,0.0029281828175681517,-0.0018086833598817708,-0.0590835130057463,0.005736118017523035,0.003931434720916812,0.00468747995094202,0.007809003573833624,0.005938596776964581,0.005496029089142437
2016-10-19,1.0976948738098145,1.230466365814209,103.86499786376953,14.40999984741211,-0.0035187297515541743,0.00698926800184138,0.00013479885295193168,-0.058622366840264103,0.005175719207331101,0.003672492777145243,0.005704823965578836,0.007471282311453132,0.005582783673378004,0.005477119087546959
2016-10-20,1.0975141525268555,1.2289540767669678,103.39099884033203,13.75,-0.000164650638002241,-0.0012297931753806096,-0.004574051968487216,-0.04688357530982252,0.004905820073501106,0.0036245542507519664,0.003969582399803915,0.007403550604517444,0.003513326952859971,0.005479748788831705
2016-10-21,1.0930395126342773,1.2256402969360352,104.10900115966797,13.34000015258789,-0.0040854019578793815,-0.002700064727314561,0.006920531903482643,-0.030271772186730078,0.0044677949148072636,0.0036766570072238845,0.004321681360074231,0.007392092357592763,0.004434059910479619,0.005571669397958478
2016-10-24,1.0882576704025269,1.2219113111495972,103.91699981689453,13.020000457763672,-0.004384409358858317,-0.0030471175025670923,-0.0018459365309354324,-0.024280379986927482,0.003711373193547652,0.0036083632082944406,0.004294837265333105,0.007246851684728772,0.004336973462915109,0.0048736943883704
2016-10-25,1.0875475406646729,1.2217471599578857,104.32099914550781,13.460000038146973,-0.0006527512292521241,-0.00013434871844744453,0.003880174007647752,0.033235655111758064,0.0019968583296113072,0.00355777560949696,0.004091228516615964,0.007114457541673445,0.0045612262207351375,0.004861846256810674
2016-10-26,1.0887316465377808,1.217581868171692,104.15399932861328,14.239999771118164,0.0010881930929809549,-0.00341511603107476,-0.0016021091626090844,0.05633256285998624,0.0024548995244420787,0.003491656893943829,0.0013790888729295122,0.007019399574735829,0.004698445653935332,0.004904535502107619
2016-10-27,1.091202735900879,1.2235409021377563,104.56300354003906,15.359999656677246,0.002267123672550751,0.004882217211840194,0.003919227751849491,0.07571181545711721,0.0030004761258251842,0.0035457448360220935,0.003471129087164191,0.007201339095743484,0.00383643721744772,0.004692076447401511
2016-10-28,1.0900371074676514,1.2171372175216675,105.20899963378906,16.190000534057617,-0.0010687761345710978,-0.005247475493652457,0.006159050074086519,0.0526270953086411,0.0025299330002828088,0.003534061822066299,0.003957416815123205,0.007094925265515098,0.0036135336692440516,0.004775860336164416
2016-10-31,1.0984665155410767,1.2215979099273682,104.56500244140625,17.059999465942383,0.007703391184510614,0.0036582057067881648,-0.006139933539618917,0.05234271008244064,0.0035283858926225824,0.004011692446554766,0.004370995876500653,0.007156696786219511,0.005022120654110452,0.005047750117230993
2016-11-01,1.0973334312438965,1.2236906290054321,104.81999969482422,18.559999465942383,-0.0010320470217807629,0.0017116340715322494,0.0024356795079052,0.0842721878245324,0.0035994761140142263,0.0040101340927197505,0.004439649241793259,0.0071930374678475404,0.004871808761660681,0.00504621529772026
2016-11-02,1.1057054996490479,1.2238553762435913,104.09200286865234,19.31999969482422,0.007600509088301996,0.0001346223834443043,-0.0069694394193809,0.04013211440512595,0.004375837202185583,0.004388812994876789,0.003950317836271522,0.007217045296762998,0.00602967130922623,0.0053412685122295545
2016-11-03,1.1097548007965088,1.230466365814209,103.37799835205078,22.079999923706055,0.0036554982779584805,0.00538723627483211,-0.006882993505222918,0.13353140496502897,0.004354243115004194,0.004472460940816991,0.004077902236001672,0.0073490234205182,0.006154930472084874,0.005594317624210904
2016-11-04,1.1102476119995117,1.2468827962875366,103.052001953125,22.510000228881836,0.00044397358152166964,0.013253417018041471,-0.003158423382702509,0.01928744713309489,0.004007298283636493,0.004475471679808986,0.00510901998052335,0.007845226181729094,0.003991631337635534,0.0052086182631376375
2016-11-07,1.1101243495941162,1.248907208442688,104.19499969482422,18.709999084472656,-0.00011102860930896501,0.0016222619653822492,0.01103040643887545,-0.18490157373316507,0.003539608630792998,0.004475797941554333,0.0053031083062487815,0.007842615797378645,0.007599566520006361,0.005596077423761587
2016-11-08,1.1052166223526,1.2399256229400635,104.43800354003906,18.739999771118164,-0.004430681626231969,-0.007217539385574567,0.00232948719843569,0.001602173243248214,0.004492288328618718,0.004412448615219582,0.0074945920232767456,0.005243124492258058,0.007588721809512545,0.005583893453880856
2016-11-09,1.1019041538238525,1.2388503551483154,105.02999877929688,14.380000114440918,-0.0030016218881541235,-0.0008675796995765342,0.005652384219662619,-0.26482190434549113,0.003155976333954313,0.0042947925344510125,0.007590996914272929,0.005212722017557185,0.007076400793010819,0.005431039236138587
2016-11-10,1.0920606851577759,1.242081642150879,105.85299682617188,14.739999771118164,-0.008973283929279272,0.002604899153414188,0.00780529717701791,0.024726510982010494,0.003798156486971077,0.004557325898651443,0.007420595247299027,0.004971598190504116,0.005431229950374467,0.005498667564634245
2016-11-11,1.0889687538146973,1.2553352117538452,106.85600280761719,14.170000076293945,-0.0028352972767285173,0.010613922145833728,0.009430850760298832,-0.03943781214647326,0.003252400121578658,0.004367820713990614,0.006437964269086927,0.005282132630581033,0.0033955765251613827,0.005692718766873668
2016-11-14,1.0824854373931885,1.2573871612548828,106.87100219726562,14.479999542236328,-0.005971422941238589,0.0016332484473498413,0.00014036026633798608,0.02164129625727947,0.0025360012408094735,0.004437794502168647,0.006438081788751112,0.0049322541302192395,0.0038291574025867254,0.005427737819538964
2016-11-15,1.0750375986099243,1.2520345449447632,108.2020034790039,13.369999885559082,-0.006904091630366802,-0.004266022258879626,0.012377362466849246,-0.07975497278973488,0.002626454346274956,0.0045172867937558064,0.005526532833219049,0.005066103040093775,0.004591058783710197,0.005716098554384778
2016-11-16,1.0727311372756958,1.2456402778625488,109.03800201416016,13.720000267028809,-0.0021477752071920996,-0.005120186978167991,0.00769658111650816,0.02584125920615844,0.0028507098474817825,0.004307803834210382,0.006335386290328586,0.00516039104296432,0.004522513289020118,0.00584415791976048
2016-11-17,1.0706638097763062,1.2442454099655151,108.78500366210938,13.350000381469727,-0.0019290221275351884,-0.0011204273752598631,-0.002322972865372921,-0.02733822833971066,0.0023123285398008835,0.004140523175694918,0.00633221071602885,0.005160839775734892,0.00627481054419554,0.005861678768481334
2016-11-18,1.062304139137268,1.2410026788711548,110.25599670410156,12.850000381469727,-0.00783857389608081,-0.002609584893482333,0.01343141378780829,-0.03817257239318107,0.0027470017675393964,0.0043483030926224605,0.002682178119680865,0.00501857552711951,0.007106904649418447,0.00631621458602862
2016-11-21,1.0584250688552856,1.2324377298355103,110.9729995727539,12.420000076293945,-0.0036582460348251198,-0.006925562660942996,0.006482019908946569,-0.03403575837942599,0.0027284185567201347,0.0043613835040330045,0.002242172332674693,0.005247672760050286,0.006255610519923634,0.006146260910837404
2016-11-22,1.0638864040374756,1.2493752241134644,110.6500015258789,12.40999984741211,0.005146602943733133,0.013649503454650205,-0.002914844343456767,-0.0008054957272058979,0.00468783174323169,0.004555555360349565,0.008180002647281295,0.00594001933705184,0.006990105411790573,0.0062212725330371334
2016-11-23,1.0633772611618042,1.2423903942108154,111.00599670410156,12.430000305175781,-0.000478683384408412,-0.005606344470239242,0.0032121439271483765,0.0016103431532141573,0.004741401414323574,0.00450251905895139,0.008252330102059597,0.006044561883981348,0.006757134248230713,0.006135445410751717
2016-11-24,1.0545185804367065,1.2433171272277832,112.58200073242188,12.430000305175781,-0.008365597792199357,0.0007456493186853258,0.01409762731419666,0.0,0.005598020541888184,0.004762766099534157,0.008260720047539286,0.00604130372170919,0.0071512939239374105,0.006576156512011833
2016-11-25,1.0561892986297607,1.2452834844589233,113.29199981689453,12.34000015258789,0.0015830883643816397,0.0015802918564954993,0.00628670339361106,-0.00726689923162174,0.005145961815133005,0.004776236693684066,0.008160655399619864,0.005968954233510057,0.006154748680126308,0.006501410410569145
2016-11-28,1.0612331628799438,1.248127818107605,112.6520004272461,13.149999618530273,0.004764163866232262,0.002281480700372215,-0.00566513030324703,0.06357569877211963,0.005488607831309682,0.004895205668886719,0.00696403390828414,0.005914377976118515,0.0078114430257452275,0.006808496125030427
2016-11-29,1.062134861946106,1.2411566972732544,111.69000244140625,12.899999618530273,0.0008493102559907696,-0.005600917866240324,-0.008576226207399854,-0.01919444781833908,0.004888612350446866,0.004915920119793433,0.003948046032081823,0.0059323370363078744,0.00917503834252541,0.0072342853079242365
2016-11-30,1.0648492574691772,1.249219298362732,112.47000122070312,13.329999923706055,0.0025523434536833026,0.0064750296926867346,0.006959331858011919,0.03278984667081118,0.0050507358192787444,0.004584212192752098,0.004345840470054278,0.006024646560206747,0.009460566947595445,0.007006051484794919
2016-12-01,1.0592098236083984,1.2517211437225342,114.69400024414062,14.069999694824219,-0.005310066148516394,0.002000724329339655,0.019581184251305454,0.05402772096933585,0.0037648158617806598,0.004657440265396016,0.004356755830200744,0.006026550309800583,0.011268720122893745,0.0078112095856899075
2016-12-02,1.0663141012191772,1.2589701414108276,113.90899658203125,14.119999885559082,0.006684755681079142,0.005774519451597897,-0.006867860514176997,0.003547374523738657,0.004599226788298048,0.004574583640841882,0.00479460063282693,0.00610610349405592,0.012028800231111173,0.007804386857222756
2016-12-05,1.0582010746002197,1.266784906387329,113.50499725341797,12.140000343322754,-0.007637569407832346,0.0061880821898769945,-0.003552989389947918,-0.15108641004857054,0.005848369205580923,0.004584621402369655,0.005121198890777288,0.006134042036142162,0.011766661344676535,0.007611202242708721
2016-12-06,1.0757315158843994,1.2728476524353027,113.86299896240234,11.789999961853027,0.016430543065026008,0.0047745155448596826,0.00314909759329171,-0.029254102597901264,0.009686752760757856,0.006050090158278733,0.0018182799030243553,0.005591034484898635,0.010335691585816938,0.007435702838558588
2016-12-07,1.0720411539077759,1.2671059370040894,114.052001953125,12.220000267028809,-0.003436458299545448,-0.004521126083103512,0.0016585396598600816,0.035822264281490476,0.010048947639904696,0.006056959836932975,0.0044287107078938215,0.005707375305994386,0.010208583908416412,0.007313288459577351
2016-12-08,1.0761945247650146,1.262785792350769,113.71299743652344,12.640000343322754,0.003866778746451157,-0.003415283588962239,-0.0029767942207550723,0.033792440285087585,0.00934249945560378,0.006129339674823536,0.005268958323892732,0.005511764145758762,0.004079291339317805,0.007460774352014321
2016-12-09,1.062134861946106,1.2584948539733887,114.07499694824219,11.75,-0.01315032709034517,-0.003403780159448838,0.0031783924121642953,-0.07301317529015335,0.011455383236252998,0.006631935254809712,0.00511737987510896,0.0055751284404961686,0.0033102361964290855,0.007451228318377282
2016-12-12,1.0547411441802979,1.2597631216049194,115.41200256347656,12.640000343322754,-0.006985527551627461,0.0010072579942635037,0.011652256953262299,0.07301317529015339,0.011361201007237724,0.006540622331975868,0.003915412859629908,0.005559724457042096,0.005288787146741077,0.007594565461513203
2016-12-13,1.0641694068908691,1.2675877809524536,115.00199890136719,12.720000267028809,0.008899219392906561,0.006192004711327302,-0.0035588470513147077,0.006309163024485387,0.008722538895851069,0.006901916882835773,0.00446140386946407,0.005253571150128409,0.006130662644162973,0.0076512565191010126
2016-12-14,1.062925100326538,1.2663036584854126,115.2239990234375,13.1899995803833,-0.0011699590234880463,-0.0010135576899517396,0.0019285414582013566,0.0362833560111711,0.008698561601025908,0.006814144852102886,0.003985989303578972,0.005255286302423453,0.006128193976762133,0.007625107289952973
2016-12-15,1.051414132118225,1.253824234008789,117.21099853515625,12.789999961853027,-0.010888585673538545,-0.009903883465045395,0.017097665475038663,-0.030795322307788982,0.008836314615029818,0.007032752984201512,0.005914198136281349,0.005614791590778773,0.008231011887171156,0.007948681310336417
2016-12-16,1.0418837070465088,1.2423903942108154,118.24099731445312,12.199999809265137,-0.009105718970210059,-0.00916100693675283,0.008749174930026355,-0.047227676502983436,0.008011257983354315,0.007239763579363285,0.006877846006294214,0.00585350460100817,0.008119789694148144,0.00797740753412756
2016-12-19,1.0449975728988647,1.248907208442688,117.79100036621094,11.710000038146973,0.0029842312480278035,0.005231674520875244,-0.0038130210977966364,-0.040992755237938876,0.008272231620155864,0.007295848012254669,0.0076447464119212185,0.005957481971949589,0.008895804441683228,0.008036931661736491
2016-12-20,1.0405826568603516,1.2390038967132568,117.03700256347656,11.449999809265137,-0.004233759574618508,-0.007961188014530208,-0.006421724704666107,-0.022453467525084786,0.005683286065735653,0.0071768803075702246,0.006514379585465261,0.006181429913878506,0.009576538965093044,0.007996757946826258
2016-12-21,1.039047360420227,1.2365524768829346,117.875,11.270000457763672,-0.001476509481291881,-0.001980500753489318,0.007134594929609969,-0.015845344672603123,0.005640103284432761,0.007152549911161466,0.006395995890024035,0.006007866535951627,0.009644635459699066,0.00801259891704131
2016-12-22,1.0428615808486938,1.2354830503463745,117.60399627685547,11.430000305175781,0.0036641609249652264,-0.0008652194448625082,-0.002301724120418313,0.01409713583668367,0.005291708263174665,0.00710025767396818,0.005829121103110367,0.005197276041343375,0.006824317463925888,0.00799302665537173
2016-12-23,1.0437650680541992,1.2285012006759644,117.54199981689453,11.4399995803833,0.0008659788395229713,-0.005667137160895752,-0.0005273018671575861,0.0008744447656073317,0.0032609612994599323,0.007109903908719269,0.005056188879457067,0.005200131062171896,0.005128963745766623,0.00802289222289686
2016-12-26,1.045478343963623,1.2289540767669678,117.30999755859375,11.4399995803833,0.0016400925651978298,0.00036857321497327217,-0.0019757322599951925,0.0,0.003038436497540076,0.006923576938082137,0.0034794592126016796,0.0051964119037359825,0.004956606263942132,0.007649208366278693
2016-12-27,1.0456969738006592,1.227596402168274,117.19200134277344,11.989999771118164,0.00020909756917603204,-0.0011053505707044752,-0.0010063558206883981,0.04695700067815876,0.001889587963641264,0.006911104159110733,0.0022931380872937774,0.005176027060821378,0.003906545010562009,0.0076065930280663115
2016-12-28,1.046233057975769,1.227596402168274,117.4800033569336,12.949999809265137,0.0005125259245785663,0.0,0.0024545080195681663,0.07702282346695732,0.001384988044672424,0.006817049628480945,0.0024318014247214927,0.005137201601723268,0.0018883524546245254,0.0074354903783821705
2016-12-29,1.0416991710662842,1.2224938869476318,117.08699798583984,13.369999885559082,-0.004342951339742504,-0.00416517107154748,-0.0033509038917170055,0.031917609137335934,0.00236424906382197,0.006852564599635984,0.002668408969806835,0.005081512880687357,0.0021543731125000043,0.007163127156360415
2016-12-30,1.0575296878814697,1.2288031578063965,116.26699829101562,14.039999961853027,0.015082506933972048,0.005147711334840059,-0.007027975376922555,0.04889701332632268,0.007331624755226657,0.007628491868772845,0.0033612924694119643,0.004999628078546141,0.0034558538520522994,0.007334169825127844
2017-01-02,1.052698016166687,1.234903335571289,116.79499816894531,14.039999961853027,-0.004579297436805697,0.004952042986750835,0.004530989944850631,0.0,0.008033485426202875,0.007607260844690412,0.004028889859956534,0.005115182456143333,0.004591205968282999,0.006179190108466811
2017-01-03,1.0460032224655151,1.2281994819641113,117.49500274658203,12.850000381469727,-0.006379961365256615,-0.005443435095705822,0.00597555728233102,-0.08856655485305576,0.00877870502386691,0.007547355068433005,0.004948561713366436,0.0050058911748085255,0.005512468425457201,0.006022487619197899
2017-01-04,1.0419923067092896,1.2245597839355469,117.65899658203125,11.850000381469727,-0.0038418862814960275,-0.0029678417696594093,0.0013947784218312765,-0.08101594125491061,0.008936972392169088,0.0074278201250845746,0.005137669217232323,0.004742646537256778,0.005439209219976183,0.005919879905454059
2017-01-05,1.0500892400741577,1.2326807975769043,117.11299896240234,11.670000076293945,0.007740590997296944,0.006609888563714591,-0.004651309477827916,-0.0153064469366001,0.009366994997588874,0.006665297547362704,0.005463029911251419,0.004873370462366078,0.005683304912088175,0.0060568157352907095
2017-01-06,1.0605915784835815,1.2425447702407837,115.26499938964844,11.319999694824219,0.009951694252328738,0.007970202803951538,-0.015905451851119336,-0.03045040702003253,0.007643873223440897,0.007042027496180586,0.006029964043342362,0.00521512570601,0.008913715928916452,0.007076226871807729
2017-01-09,1.0531858205795288,1.2260912656784058,117.1500015258789,11.5600004196167,-0.007007159987028705,-0.013330234157300478,0.016221358022449492,0.020979853727208023,0.00811594619491974,0.007103159177590108,0.008847199929429592,0.00583530947583903,0.011974567458660474,0.007778440269226807
2017-01-10,1.0588620901107788,1.2173447608947754,115.98500061035156,11.489999771118164,0.0053751462447140155,-0.007159215176104773,-0.00999430031624048,-0.006073827602679202,0.007447277328155083,0.006677290648000025,0.009072092012435362,0.005952300606155581,0.012309747379677355,0.00813031490991152
2017-01-11,1.0552419424057007,1.2174336910247803,115.87200164794922,11.260000228881836,-0.003424761684181396,7.304987439365969e-05,-0.0009747298571826944,-0.02022042890204621,0.007361100913085322,0.0065453163009753625,0.009074099156993476,0.00593679106251374,0.012162869057265211,0.007761721960875257
2017-01-12,1.0597710609436035,1.2214486598968506,115.0979995727539,11.539999961853027,0.004282834624411188,0.0032924691898533016,-0.006702212135147107,0.024562614735795518,0.006896632150233029,0.006317178299405192,0.008464059039715695,0.005786944478769409,0.012264074575805198,0.007862123515194622
2017-01-13,1.0616837739944458,1.2165449857711792,114.66400146484375,11.229999542236328,0.001803209323731725,-0.004022718227419795,-0.0037778102742238944,-0.027230529786543247,0.005270290276081419,0.0063269716605422275,0.006452544220812454,0.005805840775711428,0.01021878580223048,0.007890856802197267
2017-01-16,1.0628687143325806,1.2039345502853394,114.22699737548828,11.229999542236328,0.0011154729925587558,-0.010419877048931112,-0.0038184517744278166,0.0,0.00341717155737816,0.005847466932890891,0.005485063502845166,0.00584097970514383,0.003424866922356934,0.006902998035319236
2017-01-17,1.0602991580963135,1.2040214538574219,114.1520004272461,11.869999885559082,-0.002420493946028402,7.218036539760066e-05,-0.0006567762505274407,0.055425470992607244,0.0031645857102512434,0.005487553862948158,0.005276965339760073,0.00561776779634679,0.002469851759030519,0.006541042056044318
2017-01-18,1.0696789026260376,1.2388043403625488,112.87799835205078,12.479999542236328,0.008807419508532952,0.028479507247479142,-0.011223322513391691,0.05011312728111235,0.004163495877619989,0.005733056618239469,0.014883893369774623,0.008418205560739989,0.003971865395920437,0.006844214618121522
2017-01-19,1.062778353691101,1.225970983505249,114.76200103759766,12.779999732971191,-0.006471944983548921,-0.010413503173863995,0.016552852820087057,0.02375410179361605,0.005661391524918422,0.00585015334128471,0.01613655179411529,0.008538892255904328,0.010338451339436266,0.007811645928284977
2017-01-20,1.0659730434417725,1.2338367700576782,114.9800033569336,11.539999961853027,0.0030014703955947883,0.006395470013113896,0.0018978017131969496,-0.10206217028079227,0.00575146336964734,0.005839257643041033,0.01604029865138529,0.008654778577202774,0.010211007170974631,0.007633153108010219
2017-01-23,1.0713750123977661,1.2386969327926636,113.80999755859375,11.770000457763672,0.005054843962894792,0.003931326791622041,-0.010227859548747652,0.019734702390271835,0.00606562990630463,0.005875042232329143,0.014263896092987822,0.008694904632880706,0.011246408847615661,0.00787432038958555
2017-01-24,1.0760787725448608,1.2517211437225342,112.77999877929688,11.069999694824219,0.0043807859360458536,0.010459552789389157,-0.009091362286920607,-0.06131524101187122,0.0056912756555980775,0.005912453724392698,0.013994480303782647,0.008862130207505715,0.011848847785578785,0.008034490085084821
2017-01-25,1.0728693008422852,1.2533055543899536,113.83999633789062,10.8100004196167,-0.0029870187452542053,0.0012649852234252865,0.009354914057399901,-0.02376704868415178,0.005069172783010462,0.0059848366622468835,0.007885318992903602,0.008861866665759579,0.011597104894962951,0.008383625682867464
2017-01-26,1.0751993656158447,1.2634079456329346,113.29299926757812,10.630000114440918,0.002169451772020358,0.008028284112519808,-0.004816544829524129,-0.016791467348872033,0.003177170458794949,0.005984355765144325,0.0035656854178529917,0.00897704460890926,0.008191192702671138,0.008415164270328878
2017-01-27,1.068296194076538,1.2595410346984863,114.45500183105469,10.579999923706055,-0.0064410634062073814,-0.003065392120560193,0.01020437185884321,-0.004714783900694753,0.004972699651685604,0.006205517499829181,0.0053684520764921756,0.009021974656476028,0.009973914353471718,0.008745959934554659
2017-01-30,1.0713980197906494,1.2591921091079712,114.66799926757812,11.880000114440918,0.002899318852993123,-0.00027706435960093794,0.0018592415153364148,0.11589090434856732,0.00454734380647457,0.006102685894519608,0.005724271817256297,0.008950331940566164,0.008509854433103953,0.008755075412901332
2017-01-31,1.0708587169647217,1.25,113.6500015258789,11.989999771118164,-0.0005034903875596175,-0.007326780755647268,-0.008917426432660643,0.009216626382455856,0.0038420789837377216,0.005271932619807626,0.005675164879279021,0.009091934758199777,0.008455907973716585,0.008826524316392198
2017-02-01,1.0803803205490112,1.2589701414108276,112.74299621582031,11.8100004196167,0.008852261972059784,0.00715048735146113,-0.008012705091054811,-0.015126284210131685,0.0055561151423222715,0.005422866729331184,0.006608153015730047,0.00915188692574138,0.007996197275385981,0.008854966821596399
2017-02-02,1.0767391920089722,1.2661433219909668,113.31099700927734,11.930000305175781,-0.0033759205059840968,0.005681487172382756,0.005025365672375477,0.010109595950462544,0.005905434325513598,0.005258785178798487,0.006033829403691748,0.009093168184030723,0.008315034196231858,0.008818473843668549
2017-02-03,1.0761713981628418,1.2520031929016113,112.78900146484375,10.970000267028809,-0.0005274662699758506,-0.011230702922495022,-0.004617394740227105,-0.08389196306148798,0.004687969175378595,0.0051503298760518625,0.008001402332238781,0.009445261681457175,0.006139118650739518,0.008812839491550303
2017-02-06,1.0782949924468994,1.2484238147735596,112.63899993896484,11.369999885559082,0.0019713419350956586,-0.0028630154465900215,-0.0013308155782192632,0.03581399906840904,0.004635256657553998,0.004959012818743154,0.008010360115366488,0.009393478450061383,0.005664006750210885,0.008792270529143956
2017-02-07,1.0743216276168823,1.2468360662460327,111.8270034790039,11.289999961853027,-0.0036916646517806554,-0.0012726119262282008,-0.00723494862967742,-0.007060922914538122,0.005134867784433882,0.004656969298244898,0.0073835841688439,0.009252700238551374,0.005305577854850724,0.008309577995132784
2017-02-08,1.0678056478500366,1.2496250867843628,112.38700103759766,11.449999809265137,-0.006083672000636754,0.0022343802107897166,0.004995216282148528,0.014072338559439708,0.0031140064860418785,0.004588945181461358,0.00636621863021549,0.008753962267634472,0.005559721062311102,0.007480828838331154
2017-02-09,1.0692213773727417,1.252803087234497,111.9520034790039,10.880000114440918,0.001324952574866799,0.002539934765473371,-0.0038780425606273045,-0.05106346139591864,0.0034183742445247304,0.004469049423995626,0.0055890663918708285,0.008573008249145232,0.004645150317108717,0.0072760219155270645
2017-02-10,1.0658594369888306,1.2498124837875366,113.43399810791016,10.850000381469727,-0.0031492420707108556,-0.0023899834278354377,0.013150914229196967,-0.0027611368012951756,0.0034517421509031553,0.004458068574851707,0.00256703795617843,0.008605882964668056,0.008070783689253604,0.00792862202154104
2017-02-13,1.061954379081726,1.2484550476074219,113.91400146484375,11.069999694824219,-0.003670492466827683,-0.0010867021218838476,0.004222637287920245,0.020073604007755815,0.002699531825306905,0.00445536065948385,0.0022336115243019486,0.008605657602024369,0.008027680094467108,0.007894330748205919
2017-02-14,1.059849739074707,1.2523010969161987,113.70500183105469,10.739999771118164,-0.001983821861077884,0.0030759115394458003,-0.0018363993295637119,-0.03026365138316334,0.002706717983790261,0.004459316863044486,0.0024480770774488515,0.008541439071051603,0.006683331106884422,0.007866395554655178
2017-02-15,1.0578316450119019,1.2470382452011108,114.3010025024414,11.970000267028809,-0.0019059474091681953,-0.004211400512805576,0.005227950295366935,0.10842847410849218,0.0019429336214197483,0.0044673105893045855,0.0031497024246367276,0.008232167285613603,0.0066986135329576415,0.007914489090845455
2017-02-16,1.0607378482818604,1.2469760179519653,114.11199951171875,11.760000228881836,0.0027435541785109114,-4.990127769342581e-05,-0.0016549236006038392,-0.017699579944830846,0.002539401706267554,0.004481604730078698,0.0027269748966517703,0.008233286516323553,0.0061477642736707085,0.007921468086562173
2017-02-17,1.0672245025634766,1.2489228248596191,113.30500030517578,11.489999771118164,0.006096606333929302,0.0015600049722172906,-0.007097117581421347,-0.02322688999264791,0.00404378442174958,0.004260260934579238,0.0027709537860214897,0.005638832724754547,0.005034466225054339,0.007688911242680154
2017-02-20,1.062665343284607,1.2433944940567017,112.91100311279297,11.489999771118164,-0.004281128670700643,-0.004436304982344925,-0.003483375047063839,0.0,0.004198284269839022,0.004127882110550646,0.003391701935217678,0.005223211222577429,0.00448059114504667,0.006790305018856295
2017-02-21,1.0609403848648071,1.2473337650299072,113.27999877929688,11.569999694824219,-0.0016245565514428882,0.003163150571221189,0.003262693836203652,0.006938442888538858,0.0041558394642756975,0.0040850513215125485,0.0034168359211311354,0.005097599750443237,0.005010332412974758,0.006821707471459292
2017-02-22,1.0542073249816895,1.248704433441162,113.66899871826172,11.739999771118164,-0.006366536572582948,0.0010982752987278468,0.003428085818464034,0.014586280074939891,0.00509509381675707,0.004109100048683002,0.002871065689700674,0.0050421277331900004,0.004513593255543116,0.006526166292420867
2017-02-23,1.0554089546203613,1.2453765869140625,113.41699981689453,11.710000038146973,0.0011391927339987058,-0.0026685969500209504,-0.002219414727760551,-0.0025586140367860996,0.004870659419253889,0.003972807909207877,0.0031669424391485026,0.004542773425585826,0.004537660096612201,0.0062309084634980146
2017-02-24,1.0584474802017212,1.255618929862976,112.68199920654297,11.470000267028809,0.00287486664094481,0.00819065859232327,-0.0065016050722665,-0.020708226445359156,0.0037889049734744014,0.004021156488891016,0.004984535026469975,0.004878907250301984,0.004348779280371727,0.006042529519001883
2017-02-27,1.055275321006775,1.2399563789367676,112.18800354003906,12.09000015258789,-0.0030014925084968615,-0.012552421498979682,-0.0043936181361619656,0.052643722825793667,0.0036056754478288344,0.004001718952699699,0.007769329353765814,0.005242617099584827,0.00449010865623751,0.006028682114887786
2017-02-28,1.0584250688552856,1.2439358234405518,112.74500274658203,12.920000076293945,0.0029803184926625644,0.003204203390706308,0.004952588810780715,0.0663978270118586,0.004088392648647893,0.003877095797439106,0.007774259518018374,0.0052867689847638875,0.004957276902823268,0.005680840485931743
2017-03-01,1.0569148063659668,1.2378076314926147,113.0770034790039,12.539999961853027,-0.001427914978222764,-0.0049386284398788725,0.00294037748731831,-0.029852972096808657,0.0026541006225626303,0.003809757312000979,0.007922503750278994,0.0053674094091324814,0.004853383750882639,0.005708499622308784
2017-03-02,1.0535852909088135,1.227219820022583,114.12100219726562,11.8100004196167,-0.003155193618451976,-0.008590473566663977,0.0091902749168516,-0.059976866422854436,0.00306398946774865,0.003847698475061303,0.00851416136011848,0.005446995428542785,0.006548884336591918,0.005762617415104397
2017-03-03,1.0509721040725708,1.227475881576538,114.34200286865234,10.960000038146973,-0.0024833612858004657,0.00020862997781518293,0.001934674195991513,-0.07469438073946413,0.002549783697746993,0.0032079226729369815,0.006389172790470683,0.0051555870338659835,0.004947422034724996,0.005471418129501591
2017-03-06,1.062044620513916,1.23001229763031,113.84700012207031,11.239999771118164,0.010480388215962188,0.0020642353244148446,-0.004338539688978357,0.025226539101959565,0.005672408081846129,0.004027195418310402,0.00499476606512423,0.0049820523430717314,0.00492707279487708,0.005478252456483312
2017-03-07,1.0579211711883545,1.224289894104004,113.91699981689453,11.449999809265137,-0.003890114210058578,-0.004663169771936968,0.0006146686662239283,0.01851088923978977,0.0059809582102864365,0.004086706181290095,0.004288080360710147,0.00453651333032243,0.004864708125110335,0.005371019141115319
2017-03-08,1.0570154190063477,1.2204499244689941,113.9260025024414,11.859999656677246,-0.000856528977351755,-0.0031414163288301065,7.902534165989108e-05,0.03518165127944148,0.005954529482406674,0.004040340710033135,0.004178133679557235,0.0045422913093123105,0.004904607961619341,0.005357123324172475
2017-03-09,1.0547411441802979,1.217730164527893,114.41100311279297,12.300000190734863,-0.0021539184439741004,-0.0022309763593371494,0.004248118594927779,0.03642791326364774,0.005836762123010522,0.004002982654417184,0.002685312127951801,0.004549317889939265,0.003150723327327259,0.005120093393026443
2017-03-10,1.0578428506851196,1.2157316207885742,115.14900207519531,11.65999984741211,0.002936412224148051,-0.0016425523513159202,0.006429704549538969,-0.053435110049364944,0.005711277777007753,0.003900535439979668,0.0025032286317929384,0.004489773738919071,0.004144334898315306,0.005181647091651476
2017-03-13,1.0690041780471802,1.2171372175216675,114.73200225830078,11.350000381469727,0.010495752325234368,0.0011555056872403172,-0.003627966351440111,-0.02694639029882756,0.005717450511520474,0.004535023983557413,0.0021493612686605402,0.004443590763794527,0.003903245406412525,0.005170460626925944
2017-03-14,1.0651443004608154,1.220598816871643,114.91500091552734,12.300000190734863,-0.0036172570315181995,0.002840013543562507,0.0015937390293121448,0.08038150034819254,0.005656428934542414,0.0045515225916763265,0.0025060533799090108,0.004522419642411749,0.0038690818401193676,0.004422347414899828
2017-03-15,1.0612443685531616,1.2157464027404785,114.65899658203125,11.630000114440918,-0.0036681311722004924,-0.003983360410725951,-0.0022302564088385957,-0.05601130151455044,0.006057512900729137,0.004551432695021541,0.002736842557536294,0.00456474264689247,0.0042378536812366354,0.004383738471348804
2017-03-16,1.0737909078598022,1.2284257411956787,113.4020004272461,11.210000038146973,0.01175313951260352,0.010375253008530188,-0.011023444605084946,-0.036781735883710844,0.007405706570061998,0.005170819375635147,0.0054844637441803885,0.005122100701566629,0.006477653769214063,0.004991956674197558
2017-03-17,1.077470064163208,1.2351168394088745,113.33999633789062,11.279999732971191,0.0034204682168346265,0.005432107988848469,-0.0005469131593228091,0.006224981910135874,0.007398350468566702,0.0051728888915425555,0.005300242004502122,0.005234384869378606,0.004804768244108987,0.004847007856445461
2017-03-20,1.0742985010147095,1.2384514808654785,112.67400360107422,11.34000015258789,-0.0029478685547742137,0.002696221041803906,-0.005893393016402814,0.005305089358182302,0.006711634328288397,0.00521509812528574,0.005198090133491045,0.0052766190265936845,0.004963306167729836,0.004982285858101809
2017-03-21,1.073767900466919,1.2367054224014282,112.572998046875,12.470000267028809,-0.0004940262165230438,-0.0014108671263465137,-0.0008968426680965269,0.09498946935031426,0.006309136196752594,0.005070241633326833,0.005654864083630518,0.0052644358149163606,0.004402535549505611,0.004766563207076722
2017-03-22,1.081244707107544,1.2482056617736816,111.53199768066406,12.8100004196167,0.0069390189319521985,0.009256123128971151,-0.009290358300862089,0.026900367559963098,0.005856633419029645,0.0051534504545244384,0.0048279754632763825,0.005570798616772395,0.004763076311773376,0.0051006307357837205
2017-03-23,1.0790164470672607,1.2475050687789917,111.36900329589844,13.119999885559082,-0.002062955051731874,-0.0005614376734580502,-0.0014624825649351512,0.02391162612770636,0.004132972910380103,0.005164059540258797,0.004394659302741247,0.0055321420200665355,0.003835218021614127,0.005031071529460557
2017-03-24,1.0783880949020386,1.251877784729004,111.00399780273438,12.960000038146973,-0.0005825075184240264,0.0034990400972304556,-0.0032828249757318475,-0.012270080925744142,0.00392218076197316,0.004925251853657111,0.004217740702506958,0.005578195723555022,0.003464798896587071,0.004967243493434077
2017-03-27,1.0849517583847046,1.2514548301696777,110.552001953125,12.5,0.006068102164538236,-0.0003379131968589286,-0.004080200736406227,-0.03613904955931246,0.004193357085737979,0.00504115585173981,0.004430566116454135,0.005544837620951489,0.003331001901766422,0.00500330949862934
2017-03-28,1.0860947370529175,1.2557923793792725,110.77100372314453,11.529999732971191,0.0010529288766616446,0.0034600126548268457,0.001979024646152466,-0.08077633318676844,0.004019236378807886,0.005028224219821667,0.0039813717168303234,0.005307726353414504,0.004114352790099749,0.004897993465793835
2017-03-29,1.0817711353302002,1.2421433925628662,111.22599792480469,11.420000076293945,-0.00398881453912946,-0.010928321543696877,0.004099107964307205,-0.009586100212892159,0.003820630746440674,0.005071468208656457,0.005901946438321203,0.005133159133798497,0.0034918993100397687,0.004933960968114138
2017-03-30,1.0759629011154175,1.2440440654754639,111.15399932861328,11.539999961853027,-0.005383655395307408,0.0015289863012822493,-0.0006475276517344247,0.010453046865728418,0.004515472691141021,0.0052367410931303615,0.006011478418801083,0.005096906013077022,0.0034574790162017676,0.004787407536573366
2017-03-31,1.0687072277069092,1.2478474378585815,111.7760009765625,12.369999885559082,-0.00676626301898027,0.0030526010714877184,0.005580256234269135,0.06945491937858421,0.005299609316451371,0.005461188119904369,0.005939078280073337,0.0050119374807375255,0.003850941557900289,0.004913015221960238
2017-04-03,1.0668829679489136,1.2540757656097412,111.26499938964844,12.380000114440918,-0.001708436576849294,0.004978842363044231,-0.004582139428690234,0.000808099347558405,0.003094140147730806,0.005423604161807456,0.006460834874332192,0.004681106959825249,0.004031379583727423,0.004473819997276137
2017-04-04,1.067008137702942,1.249219298362732,110.70899963378906,11.789999961853027,0.00011731597159801833,-0.003880064647356492,-0.005009604017515011,-0.04883056518672266,0.002772168790719435,0.005382064739799781,0.006430784316980286,0.0047931791248291685,0.004857743118259175,0.00449061247970385
2017-04-05,1.0680338144302368,1.2439976930618286,110.85399627685547,12.890000343322754,0.0009608024846293539,-0.004188655021371481,0.0013088527095410345,0.08920013227216657,0.0033894996484943253,0.004920169800588472,0.004141247893391486,0.004898754368021863,0.004390873033338652,0.004480089109108999
2017-04-06,1.0672472715377808,1.248907208442688,110.38099670410156,12.390000343322754,-0.0007367113708814336,0.003938795840247205,-0.00427599890126473,-0.0395621202351937,0.0030393514712256436,0.004838905574607454,0.004449065035411556,0.004808316464344435,0.004676761459031128,0.004506446971793621
2017-04-07,1.0644639730453491,1.246867299079895,110.89700317382812,12.869999885559082,-0.002611329354407584,-0.001634690803115952,0.004663883489098912,0.03800928936525093,0.001418800268588479,0.004874915042528241,0.0043431395013603215,0.004758409530450012,0.004340938290192232,0.004682297838356421
2017-04-10,1.0582010746002197,1.2375165224075317,111.2249984741211,14.050000190734863,-0.005900993777431644,-0.0075276780884849645,0.002953291760884155,0.08772339663922267,0.0027279865673403075,0.0050284756016033055,0.004246027187302744,0.005053130534023996,0.004345724249930177,0.0046179225525249425
2017-04-11,1.0597598552703857,1.2425447702407837,110.71700286865234,15.069999694824219,0.0014719638399648264,0.004054943914436105,-0.004577740936933751,0.0700835830326645,0.0029992094286607016,0.004999426576654284,0.005076897832917982,0.005071570606623856,0.004225685459628684,0.00432971646379878
2017-04-12,1.0611318349838257,1.2492347955703735,109.58699798583984,15.770000457763672,0.0012937764913874173,0.005369689595458656,-0.010258686075742844,0.045403437614591986,0.003066652356226322,0.004440389840489044,0.005399042016930719,0.00515692257029685,0.006093564280232195,0.004680740825639898
2017-04-13,1.0670650005340576,1.2549885511398315,108.9020004272461,15.960000038146973,0.0055757821106804445,0.004595249622489244,-0.006270336794181754,0.01197616440937743,0.004375066150498876,0.004548149250786097,0.005500261768760498,0.005197197009956734,0.0063165144094039245,0.004686665691406673
2017-04-14,1.0616387128829956,1.250781774520874,109.10099792480469,15.960000038146973,-0.005098219512770225,-0.0033576745068257777,0.0018256405125966838,0.0,0.0048562018835300634,0.0046140407424404934,0.005752549755409823,0.005168755014707962,0.005573346270160756,0.004774382123874649
2017-04-17,1.0610530376434326,1.253509759902954,108.322998046875,14.65999984741211,-0.0005518231785464774,0.002178649269556804,-0.007156553212720143,-0.08496290836176942,0.003865792922308552,0.003797105760722847,0.003515516321637819,0.004762219440495464,0.0044797473407815055,0.004499612254907598
2017-04-18,1.0644525289535522,1.2557765245437622,109.11199951171875,14.420000076293945,0.003198762931699693,0.0018067011894577442,0.0072573866832523395,-0.01650654890240917,0.004043123838182201,0.003786366417886743,0.0034203013806373456,0.004660239708978946,0.007230659640600518,0.004914935037726848
2017-04-19,1.0728693008422852,1.2844555377960205,108.53500366210938,14.930000305175781,0.00787603933151079,0.022580796666538585,-0.005302137800526908,0.0347564948438943,0.005134379065409617,0.004146400038741742,0.00994590321459946,0.006585473860840659,0.006245790619419316,0.0048926400204942384
2017-04-20,1.0715012550354004,1.2782330513000488,108.83399963378906,14.149999618530273,-0.0012759417804318331,-0.004856226972838972,0.0027510468900286953,-0.053658034861284676,0.004917975205285044,0.004153637791004062,0.011015886191988816,0.0067018637259748624,0.005975403200280724,0.004982191912816991
2017-04-21,1.0714898109436035,1.2801966667175293,109.375,14.630000114440918,-1.068048484067434e-05,0.0015350164119968732,0.004958562438748844,0.033359625724123744,0.003779374045588951,0.003846003015343621,0.010437634556505478,0.006474742143805582,0.0063815331674536594,0.004850476214409264
2017-04-24,1.087393879890442,1.2826268672943115,109.97799682617188,10.84000015258789,0.01473387077510292,0.0018965030349746205,0.00549797225321548,-0.2998312127665049,0.006532858764332071,0.004997486433395077,0.01045507698313304,0.006464997879231843,0.0049290805565769995,0.005034706340873785
2017-04-25,1.0864840745925903,1.2776614427566528,109.64099884033203,10.760000228881836,-0.0008370344334140607,-0.0038788059482374572,-0.0030689353561112248,-0.00740743408268955,0.007026919594899033,0.0050000457399359335,0.011121741661446612,0.006534413958892364,0.0048794458208206385,0.005029424677566769
2017-04-26,1.0928245782852173,1.283235788345337,111.0459976196289,10.850000381469727,0.005818837615714092,0.004353438572176446,0.01273312687002705,0.008329539139783957,0.006807139599416307,0.0049867122281260536,0.003979729076219815,0.006567644526663752,0.00568574055302566,0.005701781528086001
2017-04-27,1.090893268585205,1.2848351001739502,111.19100189208984,10.359999656677246,-0.0017688276041054596,0.0012455357385360007,0.0013049518609127848,-0.04621291145289357,0.0068998931479379525,0.005003456678762811,0.0030080701434364162,0.0065473311199198405,0.005836456281409614,0.005693586556473051
2017-04-28,1.0864251852035522,1.2893576622009277,111.22599792480469,10.819999694824219,-0.004104213277379672,0.003513774684066557,0.0003146884728457627,0.04344404152147478,0.0076370161955204695,0.005008115895039578,0.003214171988613073,0.005990620160924791,0.006067427820407832,0.005626056812648077
2017-05-01,1.0907504558563232,1.2931592464447021,111.302001953125,10.109999656677246,0.003973291140565258,0.0029440945590412156,0.0006830963412911071,-0.06787124613989927,0.00413582057651877,0.0049080962361443955,0.0032858472175781583,0.00599633918992453,0.006024490826160148,0.005625916513626332
2017-05-02,1.090893268585205,1.2897402048110962,111.81199645996094,10.59000015258789,0.00013092213681450298,-0.0026474461705742612,0.0045716127064035,0.04638517494834189,0.004072955186105354,0.004625968736633991,0.002775775179277337,0.006060630614422054,0.0052060082222565385,0.005582736228570758
2017-05-03,1.0935654640197754,1.2941633462905884,111.96900177001953,10.680000305175781,0.0024465527570567713,0.0034236152490760958,0.001403205250331293,0.00846268808456764,0.0032276639745077375,0.00459768193120962,0.0025939902626277117,0.006027109631525162,0.0016906799210081214,0.0054931785692354795
2017-05-04,1.0888975858688354,1.287166953086853,112.78299713134766,10.460000038146973,-0.004277630513799503,-0.0054207788423982425,0.007243529974481468,-0.02081439982284482,0.0037503974381132097,0.0047368271009775335,0.004137380789012549,0.006100258870246237,0.0029783937618642173,0.005551479613125377
2017-05-05,1.098152995109558,1.2924906015396118,112.53700256347656,10.569999694824219,0.008463877857979456,0.0041274129589876744,-0.002183513810941115,0.010461308726549936,0.004708196667396383,0.005002341494823734,0.004261461598524035,0.005996825197341293,0.003643821089075148,0.005587359924733727
2017-05-08,1.0965152978897095,1.296562910079956,112.68399810791016,9.770000457763672,-0.001492432846504041,0.003145791989518076,0.0013053451043006238,-0.07870325810156527,0.004811656929732981,0.005019301323961312,0.004291404149704746,0.005985340454285577,0.0035830506537056404,0.005477002666898724
2017-05-09,1.0927767753601074,1.2943308353424072,113.2300033569336,9.960000038146973,-0.0034152831494476646,-0.001723015691943787,0.004833753628445559,0.019260562517824452,0.005225354135334008,0.005051422092318852,0.004137677923944504,0.005987714450721448,0.0036232185068873057,0.005482621426828492
2017-05-10,1.0886842012405396,1.2948503494262695,113.697998046875,10.210000038146973,-0.003752144975261105,0.0004012960498016295,0.004124615301101832,0.024790560486286254,0.005336263068341703,0.004926957395702417,0.003853241491187,0.005634144483909897,0.0036178263151106435,0.005508664712852455
2017-05-11,1.087074637413025,1.2930588722229004,114.3280029296875,10.600000381469727,-0.0014795427623111868,-0.0013844979372122698,0.00552574253069459,0.03748640119292041,0.005030777884581575,0.004961852544911053,0.002636604178756931,0.005661648743285299,0.003176427978057981,0.005442307221033209
2017-05-12,1.0864958763122559,1.2891582250595093,113.80899810791016,10.399999618530273,-0.0005325441349084907,-0.0030211635841174054,-0.004549947748829953,-0.019048267638185925,0.001384256342537967,0.0049747114212004674,0.002384175551585614,0.005693062899479757,0.004124684676215563,0.004972863594386035
2017-05-15,1.0927289724349976,1.2886598110198975,113.27100372314453,10.420000076293945,0.005720486460082988,-0.00038669451361322837,-0.004738377549978663,0.0019212741795516252,0.0038257806578877044,0.004981039070345954,0.0013083609884362146,0.005660148433541853,0.005212160386880812,0.004865233678666976
2017-05-16,1.0981770753860474,1.2903059720993042,113.64199829101562,10.649999618530273,0.0049733891475483355,0.0012766057725520587,0.003269930723651238,0.021832812689583182,0.0041578098032002365,0.0048471752312545776,0.0016616702738989433,0.005567798557107975,0.004968771068855938,0.004875500045810183
2017-05-17,1.1093976497650146,1.2916892766952515,112.64600372314453,15.59000015258789,0.010165609234827322,0.0010715005993463403,-0.00880295014134836,0.3810698365205543,0.004801716991036741,0.005155868589924882,0.0017872297793551225,0.005565562301233531,0.006012295962607064,0.005030556580796185
2017-05-18,1.115635633468628,1.2970168590545654,111.1259994506836,14.65999984741211,0.005607107178077628,0.004116025227620317,-0.013585503362737466,-0.06150700680717971,0.003808098681869296,0.005207282242816011,0.002604241732857625,0.005596007774119533,0.006215197553402458,0.0058461833688706775
2017-05-19,1.1113580465316772,1.2958402633666992,111.4010009765625,12.039999961853027,-0.003841584496626299,-0.0009075669912183741,0.0024716251542330316,-0.19688824933773272,0.005114132510209408,0.005191310735044047,0.0019587750405891152,0.003027437271096759,0.007243021358253835,0.005690672933917376
2017-05-22,1.120485782623291,1.3012192249298096,111.28399658203125,10.930000305175781,0.008179592912204795,0.004142353518551709,-0.0010508512614791322,-0.09672310660294348,0.005369702470719567,0.005331221059668164,0.002173043226517301,0.00288798466515144,0.007370913035133517,0.005698563795479971
2017-05-23,1.123885989189148,1.2995283603668213,110.89099884033203,10.720000267028809,0.0030299874646010755,-0.0013002913552891588,-0.0035377352058416954,-0.019400149557318915,0.005443461321281325,0.005315136131814761,0.00262767333926722,0.002917211722555781,0.006357742354820389,0.005706253579845802
2017-05-24,1.11793053150177,1.2956557273864746,111.95700073242188,10.020000457763672,-0.005313076821422747,-0.0029844787297514897,0.009567149133768865,-0.06752803921034449,0.005890064572985404,0.004746660948347295,0.0033031115173145506,0.0030046829380555224,0.008489649793572881,0.005933142447103675
2017-05-25,1.1230907440185547,1.2980270385742188,111.52400207519531,9.989999771118164,0.0046052410952720935,0.0018285288236287347,-0.003875042563892551,-0.002998571592347738,0.005731706113588893,0.004773965057713245,0.002819704440442703,0.00285494075868022,0.005561446627491998,0.005960667826538676
2017-05-26,1.121076226234436,1.293326497077942,111.7300033569336,9.8100004196167,-0.0017953372916784775,-0.0036278698271741284,0.0018454436219746736,-0.018182253397713146,0.005328848967454301,0.004722148817104951,0.003298023507316202,0.0028780960040900184,0.005518888949152867,0.005340145556182001
2017-05-29,1.1176055669784546,1.281427025794983,111.25599670410156,9.8100004196167,-0.0031006300645787972,-0.009243258354018688,-0.004251454052443893,0.0,0.004187185579626532,0.004769781914182202,0.004048302182145561,0.0035207323415380122,0.005927261743089798,0.005420115677837831
2017-05-30,1.1129041910171509,1.281410574913025,111.17400360107422,10.380000114440918,-0.0042155232961007755,-1.2838021382040486e-05,-0.0007372486321871255,0.056478572411225066,0.0038974663628637014,0.004775620198851958,0.00422570146177462,0.003426391814115418,0.005640723179795578,0.00542209248011521
2017-05-31,1.117168664932251,1.2809016704559326,110.83899688720703,10.40999984741211,0.0038245199942626854,-0.00039722283238787155,-0.003017904063215487,0.0028859792061798834,0.004072776299435113,0.004771453290661469,0.004355113309404435,0.0033498256745041833,0.0025496408641655453,0.005456503421948021
2017-06-01,1.1243535280227661,1.2875481843948364,110.7959976196289,9.890000343322754,0.006410721892161138,0.0051755176473170855,-0.00038801876222928,-0.05124268762030791,0.0046389525877660485,0.004897654753566033,0.005301009726085475,0.003514707072216788,0.0023824360474900344,0.00535188146751994
2017-06-02,1.1215791702270508,1.2888258695602417,111.43699645996094,9.75,-0.0024705630841270632,0.0009918476458717633,0.005768725931926401,-0.01425689533899515,0.004721554266361411,0.004958164590295533,0.005266287722956962,0.003436736138569908,0.0038657415122811227,0.005501345991848842
2017-06-05,1.128082513809204,1.2870012521743774,110.46299743652344,10.069999694824219,0.005781635295709812,-0.0014167237200444914,-0.008778776975928975,0.03229339141527463,0.0048891001798025135,0.004897277990697405,0.002557668536300734,0.0032472122432138963,0.005241975884136638,0.005527218910246678
2017-06-06,1.1256824731826782,1.2907389402389526,110.38099670410156,10.449999809265137,-0.002129806388517568,0.0028999747104274786,-0.0007426123269450386,0.03704128373364934,0.004293135293896623,0.004708124940327237,0.0026373351492274474,0.003182718232675064,0.00524179905584169,0.00552037413484075
2017-06-07,1.1271415948867798,1.2906723022460938,109.50900268554688,10.390000343322754,0.001295371377476745,-5.162911803976245e-05,-0.007931225539929653,-0.005758122003968403,0.004214420949356754,0.004671685563642786,0.002580719302239834,0.0031012389920575608,0.006016753761173574,0.005694795573242497
2017-06-08,1.125517725944519,1.2962098121643066,109.9000015258789,10.15999984741211,-0.0014417352935042875,0.004281229782690901,0.0035641131104795928,-0.022385411022868885,0.003449979969815128,0.004596129598267254,0.0022771537413837843,0.0032232662661574435,0.006582508757280406,0.005635813422887437
2017-06-09,1.1184805631637573,1.2722970247268677,109.85900115966797,10.699999809265137,-0.006272006430605042,-0.01862052926494757,-0.0003731393588941624,0.05178529651032963,0.004458903563815095,0.004757680825339551,0.009248662542343104,0.005121398395668131,0.00530768289249105,0.005507622867663526
2017-06-12,1.1201971769332886,1.2739177942276,110.28800201416016,11.460000038146973,0.0015335964397459661,0.001273081679967073,0.0038974084710976273,0.06861899097312749,0.0031678769813594933,0.004719261474289644,0.009410171516904034,0.005138237542911994,0.004769303034759286,0.005418060573434733
2017-06-13,1.1196202039718628,1.2669775485992432,109.9209976196289,10.420000076293945,-0.0005151964433409355,-0.005462848288959991,-0.0033332401031873774,-0.09513567096820313,0.003157533126755659,0.004718930881141864,0.009048075839988819,0.005217028364532983,0.004963839784881194,0.005393044480140905
2017-06-14,1.1208877563476562,1.2750548124313354,110.05500030517578,10.640000343322754,0.0011314867284345825,0.006354986773444813,0.0012183393041659569,0.020893472533577397,0.0031274181229635203,0.004617576538750721,0.01009035061821996,0.005435212339101642,0.002986622874891634,0.0053764293652757665
2017-06-15,1.1215791702270508,1.2754452228546143,109.44599914550781,10.899999618530273,0.0006166547146009237,0.00030614422342813147,-0.005548974481605496,0.024142238057200945,0.0032077358983241626,0.004538838778875432,0.00957219977891295,0.005424183139844143,0.003717785495724974,0.005347440427696116
2017-06-16,1.1146905422210693,1.275835633277893,110.9520034790039,10.380000114440918,-0.006160839863208458,0.0003060505278261673,0.013666437584569658,-0.0488818654749957,0.00315949229034804,0.0042896271088710865,0.004198031972574864,0.00541589303754081,0.007512412775155418,0.0060303890210311175
2017-06-19,1.120824933052063,1.277955174446106,110.9540023803711,10.369999885559082,0.0054881357753700745,0.0016599179920857305,1.801574823996012e-05,-0.0009638775572115882,0.004181469860049976,0.004282576735585152,0.004218079838737781,0.00533966235776194,0.007465057381673638,0.005297973798034669
2017-06-20,1.1144545078277588,1.273236632347107,111.6729965209961,10.859999656677246,-0.005699907005050658,-0.0036990926882595034,0.006459204354849165,0.04616927168660819,0.004948431653574696,0.004383453269430944,0.0036109144374440023,0.0053785286406324235,0.0072587583992317645,0.0054549679918274325
2017-06-21,1.1136974096298218,1.263248324394226,111.33399963378906,10.75,-0.0006795750515412816,-0.007875749119162289,-0.003040237787745003,-0.010180528318603829,0.004825023168495478,0.003998436156348778,0.003916161266085366,0.005462326565328616,0.007775382362566404,0.005491508973424404
2017-06-22,1.1167196035385132,1.2675718069076538,111.30999755859375,10.479999542236328,0.0027099826986903166,0.003416668506659221,-0.00021560945357586655,-0.025437119360516347,0.005113692508849624,0.003986399912541482,0.004543254594592741,0.005555984364724214,0.0067220359011619804,0.0054343864251223326
2017-06-23,1.1149640083312988,1.267812728881836,111.29000091552734,10.020000457763672,-0.001573337331533338,0.000190047680347097,-0.00017966435990353672,-0.04488549387144057,0.004268423557459015,0.003839052096473917,0.004533681830299445,0.0055467906601307645,0.003506888217050425,0.00501288391439534
2017-06-26,1.1198835372924805,1.2743399143218994,111.23899841308594,9.899999618530273,0.004402570472360325,0.005135175341269231,-0.00045838972438062863,-0.012048422733467023,0.003937371458342709,0.0038273968458079517,0.005295879460445628,0.005670157413769779,0.0035333093069909315,0.004948442114069196
2017-06-27,1.118355631828308,1.2724589109420776,111.85800170898438,11.0600004196167,-0.0013652747414871296,-0.0014771513974231683,0.005549199532084479,0.11080031542596729,0.0026965580796241393,0.0038195763839253155,0.0050550593872109376,0.005638201258874217,0.003153472160989936,0.005079626188610442
2017-06-28,1.1339154243469238,1.281295657157898,112.18800354003906,10.029999732971191,0.013817200221092344,0.006920619229285273,0.002945842032164609,-0.09775445868338312,0.006269864177688889,0.004772943307965955,0.0034609186036078372,0.005529399049139525,0.0026496394544837467,0.005020690697982983
2017-06-29,1.1382650136947632,1.2941465377807617,112.35399627685547,11.4399995803833,0.003828564481944142,0.00997963557705921,0.0014785008344953608,0.13153537392103784,0.0062501723331220465,0.004689156156456494,0.004742826345949318,0.005924954528866613,0.0024733427507480283,0.005019452216897249
2017-06-30,1.144164800643921,1.3011176586151123,112.00900268554688,11.180000305175781,0.005169753787889567,0.0053721987995451635,-0.0030753187005392426,-0.022989454248335504,0.005474310080184201,0.004735949074892253,0.004195911270347387,0.006012721927247993,0.003279900126916138,0.005021371988715684
2017-07-03,1.1423088312149048,1.301642656326294,112.26200103759766,11.220000267028809,-0.001623434279564029,0.0004034161081125175,0.002256185197123336,0.0035714288703748718,0.00628844816704445,0.00461393970988484,0.0047121175140152,0.005929524259940411,0.003140258020927169,0.005031309404641063
2017-07-04,1.1371389627456665,1.2948671579360962,113.38600158691406,11.220000267028809,-0.00453607873585738,-0.005218939463927166,0.009962506495007515,0.0,0.007071533208002164,0.004702130182918915,0.00597494367426836,0.006051335014742603,0.004686332779762172,0.005308384954005707
2017-07-05,1.1360150575637817,1.2934937477111816,112.96199798583984,11.069999694824219,-0.0009888509651569779,-0.0010612201341870491,-0.00374647973758297,-0.013459204741185171,0.004027690697986507,0.004568305376932431,0.005895431252005433,0.006047250320028216,0.005490158439971223,0.004974429794905449
2017-07-06,1.1346874237060547,1.2931759357452393,113.18699645996094,12.539999961853027,-0.0011693597201414949,-0.0002457306161464523,0.0019898257687223325,0.1246848130100274,0.0035461665519728163,0.004548339638924238,0.0037859801481264967,0.006018201420909436,0.005497324027345236,0.004962504878642417
2017-07-07,1.1424784660339355,1.2973533868789673,113.14900207519531,11.1899995803833,0.006842780109586038,0.003225174653157749,-0.00033573435395525754,-0.11390304733817629,0.0042410295169063176,0.004751761120177735,0.0030540762970433623,0.006055075905460492,0.00504831006109281,0.004548195763736965
2017-07-10,1.140380859375,1.2891249656677246,113.98500061035156,11.109999656677246,-0.001837701715489709,-0.006362666026369488,0.007361313589549021,-0.007174912075174917,0.004258853693447047,0.004760661379443047,0.0038933591730830517,0.006140977508677402,0.005593509750028414,0.004700307961361515
2017-07-11,1.140380859375,1.2891249656677246,113.98500061035156,10.890000343322754,0.0,0.0,0.0,-0.020000604278107792,0.003568090681981104,0.004511020144810702,0.0034684733333808,0.00457080373879171,0.0040848763029256285,0.004693294221152893
2017-07-12,1.1473942995071411,1.2859586477279663,113.74800109863281,10.300000190734863,0.006131251207802693,-0.0024591974559732433,-0.002081381227138483,-0.055701054717754515,0.0041621008225041405,0.004647118631205802,0.0035414168483330036,0.004613588638302236,0.003639267528437865,0.004731475693624594
2017-07-13,1.1418914794921875,1.2893743515014648,113.33499908447266,9.899999618530273,-0.004807464986444529,0.0026526323216389215,-0.0036374582791288677,-0.03960919514528997,0.005071830111709706,0.00480515293357511,0.003944486250572809,0.004441410812817802,0.004228575177324912,0.004746401257203972
2017-07-14,1.140393853187561,1.294716238975525,113.41799926757812,9.510000228881836,-0.0013123920117594798,0.0041344487713507565,0.0007320757601053191,-0.04019081798345858,0.004035356289582757,0.0048276289152171335,0.004178313897163092,0.004332983763595372,0.004217831961907558,0.0047483718638569984
2017-07-17,1.1475391387939453,1.311131477355957,112.39700317382812,9.819999694824219,0.006246082259973493,0.012598936932451846,-0.00904282744876638,0.03207719066462137,0.004837578810895674,0.004965545523226721,0.005736016429411114,0.005018725033789091,0.0038892810361435297,0.005040195084618426
2017-07-18,1.1474337577819824,1.3053126335144043,112.58100128173828,9.890000343322754,-9.1836389174089e-05,-0.004447909596585394,0.0016356990042604225,0.0071030890593403555,0.004843688877346774,0.004708366760547726,0.006662399057352781,0.005161803889512374,0.004237502573378088,0.0042082625228499005
2017-07-19,1.1549744606018066,1.303865909576416,111.99500274658203,9.789999961853027,0.00655029783305211,-0.0011089498570963695,-0.005218721988277462,-0.010162727702856242,0.004952041291440648,0.0047583662177451405,0.0064348248015972,0.005179649044118964,0.004393361382299182,0.004390606655387571
2017-07-20,1.1528440713882446,1.3032711744308472,111.87699890136719,9.579999923706055,-0.0018462368588922442,-0.0004562361983444221,-0.0010542082553859319,-0.021683868627002927,0.004148326305678603,0.004552409029186555,0.006596661575100129,0.005087489215438246,0.004466557294908552,0.0041863075650806
2017-07-21,1.1628718376159668,1.2965459823608398,111.88500213623047,9.359999656677246,0.008660672812457637,-0.005173600038025641,7.153345813478965e-05,-0.023232330209173205,0.004586559439074758,0.00476613090269445,0.007181961520880653,0.004890286391214089,0.004352050636932325,0.004127920131249703
2017-07-24,1.1681697368621826,1.3004746437072754,110.94499969482422,9.430000305175781,0.0045455288539196816,0.0030255164736330466,-0.008436996900641407,0.007450875197871865,0.004429820805472884,0.004795786191660904,0.003309861744801931,0.0048824820517079015,0.004135092060887754,0.004522894894922074
2017-07-25,1.1638869047164917,1.3031013011932373,111.23200225830078,9.430000305175781,-0.0036730128113636957,0.002017731330059681,0.002583550237804227,0.0,0.0053603928246878495,0.004891215877131564,0.0031958597529383433,0.004880655025171864,0.004391620705732052,0.004560224537009221
2017-07-26,1.1644561290740967,1.3027619123458862,112.00299835205078,9.600000381469727,0.0004889523241931771,-0.0002604809396799559,0.0069075114317214545,0.017867009202629083,0.00498594754941774,0.004868961586657363,0.0031671605378590932,0.004811086824006289,0.0056277618883487195,0.004791336722716414
2017-07-27,1.1728004217147827,1.311475396156311,111.12799835205078,10.109999656677246,0.007140275713109553,0.00666620130446393,-0.007842966671412032,0.05176186086343046,0.005036690633643373,0.004944910319528205,0.0043766759110946685,0.004923170943126226,0.006672031141133525,0.004942499873571774
2017-07-28,1.1688660383224487,1.3076680898666382,111.09700012207031,10.289999961853027,-0.003360330911062203,-0.002907293160313721,-0.0002789805862919479,0.017647547065119444,0.004779656506125699,0.004335291956583135,0.0035913573664804782,0.004840997437166857,0.006655267209385917,0.004889259507951367
2017-07-31,1.1747292280197144,1.3144922256469727,110.51000213623047,10.260000228881836,0.005003595982651434,0.0052049839565465,-0.0052976607481634306,-0.002919684087975021,0.004867509512470456,0.004373961783899073,0.003909378534914411,0.004511605405252812,0.005936263903464545,0.004975053201323446
2017-08-01,1.182410478591919,1.3195397853851318,110.35900115966797,10.09000015258789,0.006517456509259816,0.003832577505135666,-0.0013673353692480968,-0.016708012562592033,0.004476693695835692,0.004437756780025254,0.003978339780133738,0.00444731036295611,0.00563075031457363,0.004950339925702562
2017-08-02,1.1811256408691406,1.3207945823669434,110.43199920654297,10.279999732971191,-0.0010872165978424119,0.0009504834627040259,0.0006612411684690192,0.018655384563251224,0.004758263884914525,0.004421258217266651,0.0038006176061130977,0.0044474594553734585,0.003607454750504296,0.004916941594449518
2017-08-03,1.1851149797439575,1.3228389024734497,110.75700378417969,10.4399995803833,0.0033718824872047953,0.0015465990468989726,0.0029387067814146332,0.015444308209867733,0.004169395744502754,0.004222534821735435,0.0031081350060130184,0.004250872115489627,0.003035184399294925,0.004388025450816948
2017-08-04,1.1884952783584595,1.314405918121338,109.9000015258789,10.029999732971191,0.0028482358366716766,-0.0063953206230587,-0.007767771218155192,-0.040063966910489475,0.002859477780489726,0.004177468880130523,0.004491477839245006,0.004516174625377453,0.004355350943772332,0.004584347998659527
2017-08-07,1.1778424978256226,1.3046995401382446,110.78600311279297,9.930000305175781,-0.009003661780450435,-0.007412013433680279,0.008029565342782109,-0.010020066561044214,0.00597507830914088,0.004758697670509127,0.00506554500904667,0.004836882545407977,0.0057989356732801554,0.004953528173802336
2017-08-08,1.1800941228866577,1.3037809133529663,110.75,10.960000038146973,0.001909827198615512,-0.0007043386673845502,-0.0003250317113612037,0.09869177621064483,0.0051139122174653625,0.004618834918082178,0.0042059325301091735,0.0048001277616486916,0.005733441555829455,0.0049535944277089156
2017-08-09,1.1754610538482666,1.2986170053482056,110.10199737548828,11.109999656677246,-0.003933743568074438,-0.003968582010557295,-0.00586822389442327,0.013593287748967505,0.005363007755395213,0.004711063670331627,0.0037790883413552447,0.004669025251381311,0.006445901178048055,0.004689491621250996
2017-08-10,1.1761523485183716,1.3014055490493774,110.04900360107422,16.040000915527344,0.0005879322590374358,0.002145015831228911,-0.0004814311559115462,0.36724008676673126,0.004927471822471355,0.004704542401700823,0.003978595608230433,0.004684102382122939,0.0061514352825793196,0.0046829085071812306
2017-08-11,1.177024483680725,1.2976733446121216,109.10600280761719,15.510000228881836,0.0007412406839569163,-0.002871945912568297,-0.008605841398098064,-0.0336006675706347,0.004535167946888739,0.004585473755946997,0.003577851055281357,0.004697038350007097,0.006379510299679005,0.004915826493467664
2017-08-14,1.182550311088562,1.3005930185317993,109.2300033569336,12.329999923706055,0.004683757024378315,0.002247402491128593,0.001135869111346301,-0.22944968095691165,0.0031133588954396466,0.004441632720916325,0.0028354071274813383,0.004688621097025826,0.004186582799083164,0.00494048432622847
2017-08-15,1.1775789260864258,1.2965123653411865,109.93199920654297,12.039999961853027,-0.004212813668356419,-0.003142465125996547,0.006406204015205922,-0.023800874276263286,0.0037129619697482126,0.004572997535167428,0.0030526140144795234,0.004668802325685618,0.005917478628074048,0.005212833460709747
2017-08-16,1.1741223335266113,1.2867032289505005,110.59600067138672,11.739999771118164,-0.002939654885911766,-0.007594552742173401,0.006021942536195033,-0.025232641808268966,0.0034986548190173387,0.0045342391033915295,0.004137129457200665,0.004027912565577525,0.006100767918601767,0.005152787230783745
2017-08-17,1.1774264574050903,1.2891582250595093,109.9990005493164,15.550000190734863,0.002810170102040692,0.0019061559763047023,-0.005412648303725572,0.28105885598709784,0.0037596208563527083,0.004541920490661528,0.0040805545695969435,0.003985592122862211,0.006743689623091914,0.005217134071313885
2017-08-18,1.1715501546859741,1.2865046262741089,109.3280029296875,14.260000228881836,-0.005003297987145659,-0.002060517915145078,-0.006118715000182056,-0.08660221985438135,0.0043849300769883215,0.004558459882932567,0.004047796693759136,0.003996911729361131,0.0060104604695207075,0.005254733634876589
2017-08-21,1.1756268739700317,1.2873657941818237,109.31999969482422,13.1899995803833,0.003473724677504832,0.0006691618451379721,-7.32065673666405e-05,-0.0779994961207915,0.004015295883888092,0.004560967159995814,0.0037074422675672735,0.004006155061886122,0.005998090950436832,0.005259261370124881
2017-08-22,1.1811953783035278,1.289823293685913,108.94400024414062,11.350000381469727,0.004725443074964061,0.001907116757947312,-0.003445367286700531,-0.15024115737889923,0.0043037091449638,0.004312056508842042,0.0040090533528123595,0.003900739008109374,0.004964227139900717,0.005276937957246883
2017-08-23,1.176221489906311,1.2823965549468994,109.73100280761719,12.25,-0.0042197846676600495,-0.005774591453029111,0.007197950844006318,0.07630815945365729,0.004596059813963894,0.004345665794624584,0.003281076705503662,0.00400026325637947,0.005433486642866411,0.005310121834401294
2017-08-24,1.1816558837890625,1.28037691116333,108.91000366210938,12.229999542236328,0.0046095726316787945,-0.0015761394663862567,-0.007510055112898693,-0.001634024721228221,0.004896757099237973,0.004342743557614031,0.002950312035867257,0.003959897389689132,0.005867877121305657,0.005464798575171613
2017-08-25,1.1802195310592651,1.280393362045288,109.51399993896484,11.279999732971191,-0.0012162816868652579,1.2848385605227365e-05,0.005530507695203617,-0.08086068987236195,0.004001855649269546,0.004361655219074762,0.002974079044541481,0.0039620977765516645,0.006125683030182253,0.005377600068928335
2017-08-28,1.1951857805252075,1.2905224561691284,109.34600067138672,11.319999694824219,0.012601173730479498,0.007879796345449398,-0.001535221603821063,0.00353982341889929,0.006465343434849891,0.004875985461648836,0.005008967502788306,0.00407757732118418,0.006184943198620202,0.005160349505324003
2017-08-29,1.1963869333267212,1.2927078008651733,108.73699951171875,11.699999809265137,0.0010044878799235918,0.0016919476778531925,-0.005585054701148314,0.03301777968554007,0.00647439635288327,0.004784044350044966,0.004994650566040958,0.004078644564603025,0.006550272071001276,0.005261046642468859
2017-08-30,1.1970456838607788,1.292657732963562,109.79000091552734,11.220000267028809,0.0005504650901480018,-3.87317777408847e-05,0.009637340482610153,-0.04189090160767624,0.0055052855546363355,0.004702661706066931,0.0036992048858707468,0.003876159507352341,0.007303385024724035,0.00562764302715481
2017-08-31,1.1893434524536133,1.2920564413070679,110.45999908447266,10.59000015258789,-0.006455156902391667,-0.00046526743523652814,0.006083997599189256,-0.05778774987191694,0.006979250369815113,0.004771700188201465,0.0034885735569952633,0.0037394969857174995,0.006206636850390069,0.005782268463120251
2017-09-01,1.1910432577133179,1.2941633462905884,110.12899780273438,10.130000114440918,0.0014281759693642322,0.0016293320929090228,-0.0030010701788140224,-0.04440884446417235,0.0068399938568528005,0.00476787232900233,0.003351905560330242,0.0037587351674298716,0.006445493402194919,0.0058161977406562294
2017-09-04,1.1882835626602173,1.2965123653411865,109.79499816894531,10.130000114440918,-0.0023197286450903896,0.001813441708504247,-0.0030374119849887527,0.0,0.0033050339262945486,0.004752194045791284,0.001088029990293992,0.003767513888390073,0.006632497516050734,0.005805847172682033
2017-09-05,1.1893434524536133,1.2924071550369263,109.80999755859375,12.229999542236328,0.0008915526757262396,-0.0031713722366884145,0.000136603355693863,0.18839058271168793,0.0032868936372495846,0.004716908084123399,0.002012961087954035,0.0036032663694586754,0.005675824973972329,0.005567653910917278
2017-09-06,1.1924067735671997,1.3041210174560547,108.60199737548828,11.630000114440918,0.0025723291798226953,0.009022772802798205,-0.011061778006426437,-0.050303935898787074,0.0036567181864052734,0.004286983539893452,0.004528738209373982,0.003854907802959005,0.006203940618338787,0.005735744171368066
2017-09-07,1.1927765607833862,1.3049719333648682,109.13400268554688,11.550000190734863,0.00031007026908479087,0.0006522695473264858,0.004886710223360466,-0.0069025228890773095,0.0018211994278799694,0.0042765275007356765,0.004417307750932667,0.003854292621258961,0.005816427080666562,0.005866966382505354
2017-09-08,1.2029062509536743,1.3104785680770874,108.2699966430664,12.119999885559082,0.008456670882772186,0.004210856099807214,-0.007948433275950016,0.0481715177172049,0.004023653350778242,0.004477904879130736,0.004514514656933817,0.0038435391090797556,0.006338366685973269,0.005970611849095665
2017-09-11,1.2017642259597778,1.3197661638259888,108.23100280761719,10.729999542236328,-0.0009498391490405942,0.00706218264585074,-0.0003602185298895113,-0.12181345721828053,0.003690330171254247,0.004497405848866967,0.004906550308550851,0.004084456348519211,0.006488469196139249,0.005970939668507932
2017-09-12,1.1959433555603027,1.3169677257537842,109.3949966430664,10.579999923706055,-0.0048553725898403035,-0.002122655709777652,0.010697296630241077,-0.014078094761562417,0.004913766951404695,0.004666607136860071,0.004557081206742068,0.004056835667029776,0.008959840593351098,0.006177382317013093
2017-09-13,1.1974613666534424,1.3289213180541992,110.22599792480469,10.5,0.0012684952800507596,0.00903565752739839,0.0075676303101706805,-0.0075901620555276885,0.004850740198189006,0.0045847249830019724,0.004560799738780074,0.004423992875535602,0.0073284655040844375,0.006376716937857679
2017-09-14,1.1890605688095093,1.3206027746200562,110.51499938964844,10.4399995803833,-0.007040230737258596,-0.006279294300551245,0.002618468100488292,-0.00573071490215623,0.006025338664129421,0.0047613934930993175,0.00641930530959664,0.004609812056595226,0.007249828866015082,0.0062571987511020515
2017-09-15,1.1921650171279907,1.3399077653884888,109.91899871826172,10.170000076293945,0.0026074388715421597,0.01451249998816347,-0.005407533582180998,-0.026202324698989973,0.004073054383892403,0.004720541301924212,0.00847677521432632,0.005070824602627582,0.0063685203050114604,0.006228730686819664
2017-09-18,1.193716287612915,1.3575152158737183,111.1969985961914,10.149999618530273,0.0013003754213913215,0.013055201715721998,0.01155967116434242,-0.0019685496577600387,0.004307217898194095,0.004699225653015155,0.009321552478835015,0.0056064029966602915,0.006986432761568625,0.0066024828811150306
2017-09-19,1.1959290504455566,1.3516618013381958,111.49600219726562,10.180000305175781,0.0018519597279447737,-0.004321182120285698,0.002685345113560221,0.002951373195779545,0.003971566725911707,0.00453260561912191,0.009817920141709133,0.00571080707565757,0.0063605143528559895,0.006447693769253355
2017-09-20,1.199256420135498,1.3515340089797974,111.5780029296875,9.779999732971191,0.0027783834456705627,-9.454909482022339e-05,0.0007351886300572717,-0.04008558435718441,0.0041459309885437294,0.00451646387427039,0.009775282588690436,0.005723154639410163,0.006077635162256178,0.006444230423481158
2017-09-21,1.1872113943099976,1.3489633798599243,112.5459976196289,9.670000076293945,-0.010094523826527133,-0.0019038195755640777,0.008638081656485426,-0.011311139388207003,0.00550122348086137,0.004998879177744573,0.008846754316171391,0.005790072686415455,0.006687846204846769,0.006567383521587893
2017-09-22,1.194557547569275,1.3579760789871216,112.4520034790039,9.59000015258789,0.006168672724767713,0.0066589833778414745,-0.0008355109435104776,-0.008307412548466593,0.0061641743441069345,0.005048843993851575,0.007092305500808935,0.005594721618564156,0.005312276780498193,0.006456634995977593
2017-09-25,1.1927196979522705,1.3507307767868042,112.44400024414062,10.210000038146973,-0.0015397038475801963,-0.005349651967079262,-7.117276193592313e-05,0.06264673110631766,0.006191370528221384,0.00499217699357569,0.004749906829943943,0.005783601250700399,0.003814382761309777,0.00617203728656863
2017-09-26,1.185564637184143,1.3477815389633179,111.76100158691406,10.170000076293945,-0.00601701171679182,-0.0021858258570992793,-0.006092645252410548,-0.003925418350479121,0.006540143459282548,0.005169061917111258,0.004464279656127717,0.005846043239939458,0.005288036209453287,0.006302344271452476
2017-09-27,1.1786059141159058,1.3448090553283691,112.37699890136719,9.869999885559082,-0.005886836853223914,-0.0022078995958593798,0.005496603556913127,-0.029942375711765806,0.006181477671655778,0.004519937370780707,0.004507259839836799,0.00578543864583865,0.005754778750259865,0.006349859754557802
2017-09-28,1.1749638319015503,1.3398897647857666,112.86000061035156,9.550000190734863,-0.0030949455631941935,-0.0036646911834098206,0.004288837539103072,-0.03295866738568999,0.0049838369287898586,0.00453361147605006,0.004661904715120908,0.005904904172600332,0.004606456452629813,0.006191245171261352
2017-09-29,1.178175449371338,1.343021035194397,112.46700286865234,9.510000228881836,0.0027296467229846197,0.0023342347650321758,-0.0034882471619178067,-0.004197273840086403,0.0036098043830010487,0.004588484303260105,0.0028558748967572887,0.005894644946821507,0.004947132509542446,0.006019127743041654
2017-10-02,1.1807351112365723,1.3394052982330322,112.63800048828125,9.449999809265137,0.002170207648058877,-0.002695872096210289,0.0015192701181225674,-0.006329179302721537,0.00424855921988974,0.004441452066866575,0.0023248404948970247,0.0059532275936775665,0.004990211517910425,0.005916767253049628
2017-10-03,1.173378348350525,1.3275628089904785,112.7699966430664,9.510000228881836,-0.006250154855581805,-0.008880921407264887,0.0011711755709888486,0.006329179302721625,0.004304310541419766,0.004595705459016398,0.004006194467509798,0.006361500309874608,0.0034748721944800184,0.005852711244847432
2017-10-04,1.1747568845748901,1.3241175413131714,112.8479995727539,9.630000114440918,0.0011741541657486819,-0.0025985557539700854,0.0006914602035626077,0.012539337069036876,0.0038743556177366534,0.0045966832864035535,0.00399010008910811,0.006409224983194791,0.0027938008077251658,0.0057814387220072585
2017-10-05,1.175723671913147,1.323276400566101,112.822998046875,9.1899995803833,0.0008226295598220761,-0.0006354481379353614,-0.00022157500294600423,-0.046767346986372936,0.0036468129054078474,0.004595698531921501,0.004111280416978417,0.006353994881061451,0.0020219674237767775,0.0057852166838227494
2017-10-06,1.1712344884872437,1.3112690448760986,112.77400207519531,9.649999618530273,-0.0038255380743325205,-0.009115378025996091,-0.00043436723381542526,0.04884198511289894,0.0036565620839117035,0.004592891630648025,0.0039335899710554395,0.0064493831633826056,0.0008528695574478134,0.005114794751303591
2017-10-09,1.1742464303970337,1.3084039688110352,112.5510025024414,10.329999923706055,0.0025682950913297697,-0.002187354828200917,-0.001979359955889265,0.06809439992552754,0.003750909915280458,0.004644166033844064,0.0040070046920419305,0.006469301216583525,0.0012130543024925068,0.00512142149889671
2017-10-10,1.1741636991500854,1.314405918121338,112.65799713134766,10.079999923706055,-7.0457239084023e-05,0.004576740248601951,0.0009501808287428977,-0.024499020671500924,0.0024084055050783157,0.004174646009345812,0.004902478182024154,0.006480780436173904,0.0011553272838061694,0.0046802201833804746
2017-10-11,1.1814883947372437,1.3211086988449097,112.34500122070312,9.850000381469727,0.006218846333423547,0.005086517169723178,-0.0027821505920252263,-0.023081761162490996,0.0036761789974176407,0.00445708591537917,0.005789269919536503,0.006393333886303465,0.0014838748253378571,0.004761376976477003
2017-10-12,1.1865493059158325,1.3239772319793701,112.43399810791016,9.90999984741211,0.004274356681467382,0.0021689535493596237,0.000791861269275752,0.006072839032643383,0.003917228992764379,0.004483871925486665,0.005902163501782106,0.00638947766281764,0.0016576334287601092,0.004317265102128311
2017-10-13,1.1831799745559692,1.326435923576355,112.23899841308594,9.609999656677246,-0.0028436443420641394,0.0018553275719410639,-0.0017358538570096953,-0.030740145687903387,0.0035720323540867566,0.004498506940579559,0.0028852852625301864,0.006095488606645089,0.001708704640448411,0.0041196355907737224
2017-10-16,1.181404709815979,1.3288860321044922,111.88200378417969,9.90999984741211,-0.001501544931142891,0.0018454328811168983,-0.003185733843160417,0.030740145687903356,0.00386984336561619,0.004266728825503111,0.0015903451203065663,0.005946639128809593,0.0019572924043061335,0.0041844947034511085
2017-10-17,1.1794538497924805,1.3252933025360107,112.19499969482422,10.3100004196167,-0.0016526703470598411,-0.0027072260836882764,0.002793647802753868,0.03957000578430739,0.0040612443263261955,0.004225267020476742,0.0027903734254316084,0.005050409530426115,0.0025466645137662775,0.003988376766587776
2017-10-18,1.1771907806396484,1.319487452507019,112.21299743652344,10.069999694824219,-0.0019205864297465773,-0.004390427708594521,0.0001604019639930379,-0.02355366230380818,0.00284495911261418,0.0042161694657953585,0.0030763445728771064,0.004101390997531181,0.0023099181107938322,0.0032055157610842225
2017-10-19,1.1795234680175781,1.321300745010376,113.01300048828125,10.050000190734863,0.001979610503095839,0.0013732966468437589,0.007104032603910984,-0.001988022941352476,0.0018456588287026378,0.0042198393122430105,0.0029376753741716436,0.004080718770550558,0.00406764210893974,0.003481222009134278
2017-10-20,1.184805989265442,1.3150626420974731,112.68000030517578,9.970000267028809,0.004468522795391385,-0.004732363213204367,-0.0029509149471100143,-0.007992042726700737,0.0028365451907119213,0.004299438962196521,0.0031408956488995863,0.00414916972240004,0.004303450561839087,0.003562873488478956
2017-10-23,1.175364375114441,1.3189828395843506,114.0479965209961,11.069999694824219,-0.008000833040873344,0.0029765624083010578,0.012067436187042879,0.10465810839574674,0.004718706616427764,0.004096518412903835,0.0034840890119447287,0.004241616905783788,0.005896933662974533,0.003987978559251998
2017-10-24,1.1759172677993774,1.3206549882888794,113.33999633789062,11.15999984741211,0.0004702904875673446,0.0012669532998395088,-0.0062272634729114065,0.008097224127690763,0.0047435775482579864,0.0038291366207717464,0.003590396148707319,0.003920289006143473,0.007466311672028988,0.004238378970096859
2017-10-25,1.1759034395217896,1.3131976127624512,113.94599914550781,11.229999542236328,-1.1759635881293249e-05,-0.005662728013780842,0.005332526030421719,0.006252784707365365,0.004687263417610719,0.003827320077879625,0.003944819338662539,0.003936351273653684,0.007500611790771458,0.004366978516217565
2017-10-26,1.182075023651123,1.327351450920105,113.55799865722656,11.300000190734863,0.005234651900610724,0.010720477728551567,-0.0034109366710987537,0.006214014609706075,0.005259991522688525,0.003827114114165786,0.006627226301821726,0.004685518747185571,0.00755895492676149,0.00420562464496733
2017-10-27,1.163724422454834,1.3130252361297607,114.1240005493164,9.800000190734863,-0.01564581794464382,-0.010851751152671396,0.00497187357809077,-0.14242033745821897,0.00824564182063648,0.0049317988697097125,0.008287640309532936,0.005157161576702399,0.007361429562660326,0.004178676710559953
2017-10-30,1.1604562997817993,1.3134045600891113,113.73899841308594,10.5,-0.002812281158441295,0.00028885140012818207,-0.003379245462008225,0.06899285202421052,0.007869796988087378,0.004925292205614706,0.008106352105654222,0.005131889753613108,0.005327190541282829,0.00418497447615995
2017-10-31,1.1652703285217285,1.3212482929229736,112.99600219726562,10.180000305175781,0.004139812097083693,0.005954299443269739,-0.006553896604812416,-0.03095021606312692,0.008376978369016986,0.004979089515922289,0.00866389641442752,0.005296188238762531,0.005415597392555466,0.0043660754940492135
2017-11-01,1.165175199508667,1.3292216062545776,113.6500015258789,10.199999809265137,-8.164019452086343e-05,0.006016546263071321,0.005771124423438636,0.0019626604903779277,0.008373266687015248,0.00494459617075219,0.008291642773469504,0.00546620867247669,0.005538041832660836,0.004518096137372873
2017-11-02,1.1628718376159668,1.3255391120910645,114.1520004272461,9.930000305175781,-0.0019787939054160286,-0.0027742587118517554,0.00440733364638116,-0.026827192800940973,0.007418024974655874,0.004793858758511653,0.007014620415538925,0.005158607649302892,0.005620921655563255,0.004596181317140455
2017-11-03,1.1661807298660278,1.30532968044281,114.01599884033203,9.140000343322754,0.00284140815238091,-0.015363616174813887,-0.0011921181187294347,-0.0829000857610654,0.0030063974115079233,0.004833093242654909,0.008782974503141364,0.0060903792558073926,0.005204449690892932,0.004611011833882996
2017-11-06,1.1614941358566284,1.30804443359375,114.1780014038086,9.399999618530273,-0.004026851354010363,0.002077585534230911,0.0014198672228014314,0.0280492256653492,0.003361162108282538,0.004888149783411893,0.008893275211476063,0.006118082992634955,0.004902885295496085,0.004612601533443838
2017-11-07,1.1612648963928223,1.3175057172775269,113.77100372314453,9.890000343322754,-0.0001973854897280328,0.007207117818107264,-0.003570957573877412,0.05081453165467937,0.0025435787710800664,0.0048333971807726275,0.009145841440419585,0.006015739276562551,0.0038592501245791407,0.004692029746871923
2017-11-08,1.1601063013076782,1.3172106742858887,113.76100158691406,9.779999732971191,-0.00099819898040769,-0.00022396565627802117,-8.791849940649875e-05,-0.011184723605584555,0.0025218302299566957,0.004789108359549358,0.008419729790248473,0.005992912454804853,0.0029761817052884145,0.004663596516797384
2017-11-09,1.15968918800354,1.3113033771514893,113.927001953125,10.5,-0.0003596121387038146,-0.004494788282872307,0.0014581391469210571,0.0710358004203113,0.0024470182839483835,0.004788124341278878,0.008503454763905391,0.005997075640879303,0.002094294020592763,0.004667259747078279
2017-11-10,1.164686679840088,1.3144404888153076,113.375,11.289999961853027,0.0043000786630653445,0.0023895043207766056,-0.004857001113464909,0.07254211761926446,0.002980864069572421,0.004674828307240537,0.004258704462307437,0.005912820078930201,0.0029212584062970597,0.004757033949858327
2017-11-13,1.1661127805709839,1.312026023864746,113.68599700927734,11.5,0.0012237010803180745,-0.0018385657072301513,0.0027393273864572817,0.018429660586462084,0.002121489662342763,0.0045657446599485455,0.00445641145984476,0.005897104552601818,0.003250010679248634,0.004782435771446349
2017-11-14,1.1664936542510986,1.3123359680175781,113.58499908447266,11.59000015258789,0.0003265648913710829,0.0002362053369404493,-0.0008887885668578235,0.0077956351479338964,0.0020726743646646466,0.004547825662181332,0.0025645476512661356,0.005877529317886494,0.0028932145423491975,0.004766934316523021
2017-11-15,1.1792869567871094,1.3157894611358643,113.4020004272461,13.130000114440918,0.010907609447217186,0.0026281052401318197,-0.001612415664933725,0.12475702651355414,0.004621117465409593,0.005164355066006424,0.00300095091807271,0.005894655490750151,0.0029416117836951806,0.00471991903155627
2017-11-16,1.1792869567871094,1.3157894611358643,113.4020004272461,11.760000228881836,0.0,0.0,0.0,-0.11019573509747056,0.0045526065149847006,0.005152419314747511,0.0018520258817316753,0.005873514204059594,0.0027485176468343836,0.004695987348077488
2017-11-17,1.1777453422546387,1.3200448751449585,113.02799987792969,11.430000305175781,-0.0013080981138200777,0.003228896177338848,-0.0033034570412866122,-0.028462457426959534,0.004935272198674689,0.005143230486708695,0.0020705331686652747,0.005847090164584837,0.0022320012309377047,0.004764999090182868
2017-11-20,1.1731857061386108,1.3202714920043945,112.03800201416016,10.649999618530273,-0.0038790094132601784,0.0001716588684689066,-0.008797457106208707,-0.07068164816958256,0.005668487888764286,0.005188484322643704,0.0015466301392880121,0.005839446157838998,0.0035019115180058707,0.004892683392369062
2017-11-21,1.1741223335266113,1.3245033025741577,112.5510025024414,9.729999542236328,0.0007980439055144413,0.0032001319657764403,0.004568357044669996,-0.09034600718539336,0.005654033177641141,0.005087738803061717,0.001625492060706798,0.005780217087850872,0.004874724221397249,0.004967610992523743
2017-11-22,1.173722743988037,1.3245558738708496,112.34100341796875,9.880000114440918,-0.00034038833844638117,3.9690541582658854e-05,-0.001867555448658858,0.015298674191578704,0.0018053413687725572,0.004797469934650413,0.0017232769959377096,0.005749900721684361,0.00487322547714798,0.004173655686990285
2017-11-23,1.1814744472503662,1.3316820859909058,111.31300354003906,9.880000114440918,0.006582660069541397,0.005365655731796448,-0.00919283433761793,0.0,0.0038779862857966905,0.005002469533980037,0.0022726059718340733,0.005851898172118548,0.005657614288622538,0.004402766568505706
2017-11-24,1.1853959560394287,1.330672025680542,111.25399780273438,9.670000076293945,0.003313668861567561,-0.000758772361945751,-0.0005302289946947533,-0.02148420598790583,0.003928301374940508,0.005045370477542172,0.002587423863375674,0.005702330805582795,0.005841437025070803,0.0041846444833779
2017-11-27,1.1926485300064087,1.3324450254440308,111.6709976196289,9.869999885559082,0.00609963059633493,0.0013315224163305897,0.0037411713520751695,0.020471524495606245,0.0030873028960328288,0.005088309207058833,0.0024765598059813734,0.005241630325850576,0.005499778351233807,0.0042723824441251446
2017-11-28,1.1904903650283813,1.3322319984436035,111.16999816894531,10.029999732971191,-0.0018111957909793374,-0.00015988954681663253,-0.004496482283483874,0.01608073350026642,0.0037609924457835384,0.003666435780588604,0.002469604363643285,0.004630718234414474,0.004796025156788288,0.004142225358648077
2017-11-29,1.184805989265442,1.3365410566329956,111.64800262451172,10.699999809265137,-0.00478625465344035,0.003229245683349624,0.004290543736621991,0.06466314829134018,0.005000989340398179,0.003787200632533347,0.002518163331376506,0.004661822363395397,0.0056955021329646895,0.004270160704651654
2017-11-30,1.18519926071167,1.3417235612869263,112.00199890136719,11.279999732971191,0.00033187390605268443,0.003870051590556339,0.0031656299580855203,0.0527874987549737,0.004257436638124887,0.003720613471915711,0.0020305834260054504,0.004572272587067256,0.0037185512355027406,0.004152386645736716
2017-12-01,1.1898245811462402,1.3529969453811646,112.55599975585938,11.430000305175781,0.0038949725055720153,0.008367064291058981,0.0049341549334653454,0.013210282109116483,0.0043558575647898706,0.003773448510232536,0.0032344642794339276,0.004727281379586779,0.0038702665329827593,0.004096598382855787
2017-12-04,1.1859863996505737,1.349400281906128,112.86399841308594,11.680000305175781,-0.0032310523571200717,-0.0026618333991438184,0.002732666590298192,0.02163649902188187,0.0033776324319645993,0.003828795603199777,0.004199602254935848,0.0047232860361293505,0.0038038509330270355,0.004017030942542081
2017-12-05,1.1867746114730835,1.347527265548706,112.4990005493164,11.329999923706055,0.0006643836844992693,-0.0013890003536261735,-0.0032392023942964857,-0.030423935222028457,0.0034320481623931476,0.003804138666967446,0.004426198025074288,0.0031079337455315217,0.0032592505258956274,0.004056953873035161
2017-12-06,1.1832919120788574,1.341525673866272,112.46399688720703,11.020000457763672,-0.0029389064537555013,-0.004463728890973139,-0.0003111948435141546,-0.027742223041994953,0.002935651454196306,0.003745075492102707,0.005271459434582679,0.0033482582422118407,0.003233348736678596,0.0040324464213965855
2017-12-07,1.1804285049438477,1.3392258882522583,112.29100036621094,10.15999984741211,-0.002422797988340597,-0.0017157771803288538,-0.001539423436848591,-0.08125341813227814,0.0030539062270845867,0.0038041634328922352,0.005029832295418658,0.0031115120809595514,0.003295613138161138,0.003986268389287528
2017-12-08,1.1772184371948242,1.348435878753662,113.1729965209961,9.579999923706055,-0.0027231131814485885,0.006853560715764424,0.007823871359425706,-0.05878084311295074,0.001590026696820753,0.003859158377212496,0.004375334645122177,0.003362504901466175,0.004349210534374067,0.004372396508578643
2017-12-11,1.1769968271255493,1.3392080068588257,113.54299926757812,9.34000015258789,-0.00018826661545196552,-0.00686691284177028,0.003264022671104194,-0.025371315441107333,0.0016447531584049301,0.003857163228577481,0.005182348877943377,0.003580258159434121,0.004405409434706626,0.004422373192754813
2017-12-12,1.1777591705322266,1.334935188293457,113.54000091552734,9.920000076293945,0.0006474925079878913,-0.003195656993508858,-2.640754304406781e-05,0.06024666040991902,0.0016391482278915106,0.003771276701776509,0.005233973956954395,0.0036707286644533078,0.0037870223305192263,0.0042958303886056395
2017-12-13,1.1742602586746216,1.331948161125183,113.54499816894531,10.180000305175781,-0.002975242802169791,-0.002240089292244618,4.401218432677089e-05,0.025872112112647422,0.0016470449076066876,0.003838941425847756,0.005050564646676822,0.0036849392569450828,0.003739562371279035,0.004254193928586713
2017-12-14,1.1835860013961792,1.3409678936004639,112.78199768066406,10.489999771118164,0.007910432083082026,0.006749008593850463,-0.006742486692642596,0.029997359488804602,0.0044121953399582445,0.004166422314989942,0.00621625236420821,0.0039023619483051514,0.005327367867235429,0.0044855042648189675
2017-12-15,1.1774957180023193,1.3432915210723877,112.39600372314453,9.420000076293945,-0.0051589039474551224,0.001731299172967472,-0.0034283485347631993,-0.10758730390173885,0.004961977760199666,0.003662499966503858,0.005196372664539852,0.003888998622727609,0.0038203056738036617,0.004526889433628374
2017-12-18,1.1743566989898682,1.3317352533340454,112.71600341796875,9.529999732971191,-0.002669402938509404,-0.008640167448667063,0.0028430283611215333,0.011609592958881768,0.005113161634270275,0.003704083729847533,0.005748196886756061,0.0043921902559700505,0.0036950079111902215,0.004579278989266897
2017-12-19,1.1784253120422363,1.3380789756774902,112.56800079345703,10.029999732971191,0.0034585584970408443,0.0047521915293090205,-0.0013139205894556847,0.05113588570453367,0.005409821846814676,0.0037743377200373917,0.006117469303722403,0.004448124157404768,0.003613920777650104,0.004536081734258893
2017-12-20,1.1841325759887695,1.3386881351470947,112.98300170898438,9.720000267028809,0.00483143721251939,0.00045514567005633144,0.0036798895082454874,-0.031394929406385025,0.005422196705418571,0.0038019320442487657,0.005934940678335216,0.004447183787377615,0.0043486066068129684,0.004173569656116499
2017-12-21,1.1878176927566528,1.3372023105621338,113.24099731445312,9.619999885559082,0.0031072487323386346,-0.0011105273312257287,0.002280887248330525,-0.010341393162977216,0.004363254119122245,0.003844442120443534,0.005002302188378487,0.0044234370484931935,0.003041693186392183,0.004091999847314231
2017-12-22,1.1857331991195679,1.338043212890625,113.322998046875,9.899999618530273,-0.0017564352044181224,0.0006286543413032064,0.0007238637884333263,0.028690465826778103,0.003370833821881633,0.0038714176879101948,0.004899144629351473,0.004422720892116795,0.0019738336753826447,0.004064508681992598
2017-12-25,1.1856067180633545,1.3365052938461304,113.30799865722656,9.899999618530273,-0.00010667475836490332,-0.0011500402480076719,-0.00013236838639436746,0.0,0.0027329428817123363,0.003622565055461065,0.0024075309145306315,0.00429492077922897,0.0019700162111888626,0.0034608976160645593
2017-12-26,1.187253713607788,1.3376137018203735,113.3030014038086,10.25,0.0013881944230198205,0.0008289893153718713,-4.4104243990225244e-05,0.034742986976169274,0.0025922834711233664,0.003565521706084518,0.0009774022623343706,0.004292009660754367,0.0016444017810257447,0.0034534943390102826
2017-12-27,1.1857894659042358,1.337470531463623,113.2030029296875,10.470000267028809,-0.001234067632668466,-0.00010703988689842627,-0.0008829653846232109,0.02123634480221222,0.0019881157020474067,0.003308636782164944,0.0009332930678195413,0.0042854859088645525,0.001200902922573016,0.0034082686082027324
2017-12-28,1.1900794506072998,1.3403927087783813,113.21700286865234,10.180000305175781,0.003611301394254342,0.0021824702850755766,0.00012366344513876766,-0.0280890092862785,0.002171646014330017,0.0033887516532875826,0.0012292158268170372,0.004305919337499774,0.0005764947182128892,0.003214890291378341
2017-12-29,1.1941723823547363,1.344085931777954,112.875,11.039999961853027,0.0034333082699906565,0.00275154011202314,-0.003025344772636092,0.08109999629325673,0.0021348900322073878,0.003289396842538102,0.0016042724737275725,0.004291506284808685,0.001306618230047037,0.003218192090241897
2018-01-01,1.200494647026062,1.351607084274292,112.66600036621094,11.039999961853027,0.005280299334562936,0.0055801398509796015,-0.001853318849098005,0.0,0.0025007700979995393,0.0034526650645911707,0.0021749025221781495,0.004374766137765719,0.001315977203253435,0.0031978231182626074
2018-01-02,1.2011579275131226,1.3511322736740112,112.7699966430664,9.770000457763672,0.0005523534177722327,-0.00035135508258987534,0.0009226235881778072,-0.12220852448490782,0.0026184864313386165,0.0033725908011634368,0.002417817992357554,0.003990392045645166,0.0015641904111044292,0.0030290423265890874
2018-01-03,1.2063454389572144,1.359619379043579,112.24400329589844,9.149999618530273,0.004309459786959923,0.006261830066965163,-0.004675214034600484,-0.06556267531195109,0.0017685105620784912,0.0033658673420308986,0.0026857221406030272,0.004163401442113934,0.0022823143577527755,0.0031308904714775774
2018-01-04,1.2010425329208374,1.3511322736740112,112.60700225830078,9.220000267028809,-0.0044055338609388685,-0.006261830066965266,0.0032287983490858624,0.007621228933663394,0.003909509814660505,0.0035426256536751845,0.00511166065663442,0.004383715289281085,0.003157696768385235,0.0031405341817042575
2018-01-05,1.2068840265274048,1.3552889823913574,112.78299713134766,9.220000267028809,0.004851896369631849,0.003071740569910753,0.001561692260461521,0.0,0.004101358470960782,0.0035672768609487245,0.00513172214456643,0.00430202376729522,0.0031174785997649056,0.0031558055011383372
2018-01-08,1.2037460803985596,1.3575890064239502,113.15399932861328,9.520000457763672,-0.0026034254630769985,0.0016956343729106983,0.003284123773717862,0.032019830357280246,0.004096976149964762,0.003575480712568335,0.004662483290677863,0.004281145494210089,0.003264290613180924,0.0032016164469155575
2018-01-09,1.1970456838607788,1.3571282625198364,113.14099884033203,10.079999923706055,-0.005581836821075154,-0.0003394415424460831,-0.00011489859166788539,0.05715835818668655,0.004927057573971358,0.0037601859495436135,0.004661697634758113,0.004050807102092554,0.003292519098421999,0.0027318073180433605
2018-01-10,1.1929330825805664,1.353234887123108,112.75499725341797,9.819999694824219,-0.003441541320087566,-0.0028729567661039315,-0.0034175192945335394,-0.026132163784968167,0.004114854416018409,0.0038618177151000786,0.003723556402696566,0.003796182722935018,0.00279355599853634,0.0027215437038300466
2018-01-11,1.1956144571304321,1.351278305053711,111.44400024414062,9.880000114440918,0.0022451934756694413,-0.001446901731818238,-0.011695074166118606,0.006091432053454601,0.0043086269238015226,0.0038775211754946584,0.0023859513710836103,0.0037334835519322877,0.005918950748533248,0.003643260018720047
2018-01-12,1.2042099237442017,1.3541878461837769,111.29399871826172,10.15999984741211,0.007163443657419456,0.0021508620615441404,-0.00134688781666559,0.02794590378897739,0.0051271507529582535,0.004021730130910109,0.002111390498948986,0.003694212998780305,0.005606710129436711,0.0036391285738216626
2018-01-15,1.2192296981811523,1.3733056783676147,111.0999984741211,10.15999984741211,0.012395577440172478,0.014018838255383281,-0.0017446540446076006,0.0,0.0074218816991665345,0.004469752983557681,0.006802918426955526,0.0044945677299550145,0.004642411102715495,0.0034062514190070048
2018-01-16,1.2268433570861816,1.379824161529541,110.58100128173828,11.65999984741211,0.0062252298447128904,0.004735334489496985,-0.004682387224835281,0.1377057407040636,0.005909544322083667,0.0043375124685046205,0.00668788488482023,0.004560347438606299,0.00419756744055998,0.0034643778730243857
2018-01-17,1.227129340171814,1.3798813819885254,110.38800048828125,11.90999984741211,0.00023307764364815267,4.146852487722944e-05,-0.0017468589801266192,0.02121420271955673,0.004718578705560031,0.00423594173231193,0.00611608081450422,0.0040087860050345165,0.00437568247946452,0.0033753887784850225
2018-01-18,1.218397855758667,1.382800817489624,111.3759994506836,12.220000267028809,-0.007140809171959861,0.0021134798554538884,0.008910422787882377,0.02569560503977075,0.007474952098655592,0.00464494714599748,0.005515736083903099,0.003949466700170016,0.005223871075409703,0.003973568252113022
2018-01-19,1.2236607074737549,1.3894678354263306,111.0260009765625,11.270000457763672,0.004310183172470693,0.004809801375269703,-0.003147442580407845,-0.08092960692565507,0.007257375923016888,0.0046285319546077045,0.005344654569015154,0.0040036543741882,0.005388868297727719,0.0038987959696727107
2018-01-22,1.2255502939224243,1.3891589641571045,110.68399810791016,11.029999732971191,0.0015430167694837121,-0.0002223193633232799,-0.003085139518580935,-0.021525559613488735,0.005133476479764551,0.0046145401340399045,0.002435554726236927,0.003978443549044928,0.005499585726567071,0.003864958255325607
2018-01-23,1.2256253957748413,1.3984841108322144,110.96600341796875,11.100000381469727,6.12782288566978e-05,0.0066903697552677,0.002544601491382798,0.0063263336288398656,0.004237053962494639,0.004570997961225693,0.0030135176873648125,0.004106196963715265,0.0051461318540009455,0.003923534771919295
2018-01-24,1.2310267686843872,1.401738166809082,110.10700225830078,11.470000267028809,0.00439735155950313,0.0023241422422921165,-0.007771238104014897,0.032789811736977724,0.004724381357500636,0.004596213707639573,0.0026654208454211657,0.00404530627581432,0.006410693823447589,0.004177051232727313
2018-01-25,1.239111304283142,1.4220906496047974,109.32599639892578,11.579999923706055,0.006545840132911253,0.014415063054281486,-0.0071184294256677666,0.00954451113451812,0.002564705240982141,0.004709229256078052,0.005571114012234579,0.004798377654883269,0.004121221132472382,0.004344499455563289
2018-01-26,1.239234209060669,1.4150274991989136,109.7040023803711,11.079999923706055,9.918292422570005e-05,-0.004979112344028106,0.0034516400387452646,-0.04413779112302295,0.002854451187973767,0.00467484693022902,0.007354329866816992,0.005044273866756369,0.005250568405877132,0.004476012772863319
2018-01-29,1.2428072690963745,1.4149274826049805,108.63899993896484,13.84000015258789,0.0028791319849890973,-7.068422969114223e-05,-0.009755392902284481,0.22242128678125747,0.0028010740226357684,0.00466545527646154,0.007334678454051871,0.005075130223981985,0.006226254818423114,0.004797059345612777
2018-01-30,1.2381141185760498,1.4076577425003052,108.9260025024414,14.789999961853027,-0.0037833976858985714,-0.005151133163115569,0.002638317070618721,0.06638831292880744,0.004007549425620363,0.004809203733474869,0.007999634357600843,0.005326923380502375,0.006249960677779123,0.004883643104687602
2018-01-31,1.2409565448760986,1.4155884981155396,108.73200225830078,13.539999961853027,0.002293139592610932,0.005618196784786037,-0.0017826157666662554,-0.08830300947669255,0.003801682143769645,0.004743324465656583,0.008236412504582413,0.005328113180123352,0.0058375657210295775,0.004883504645027322
2018-02-01,1.241865873336792,1.420051097869873,109.20099639892578,13.470000267028809,0.0007324958037122442,0.0031475110199716714,0.004304028004118153,-0.005183254420537541,0.0026183107529209426,0.004741753660320187,0.004805978495413015,0.0053035479623337305,0.005819854909120118,0.005018537786265098
2018-02-02,1.2510008811950684,1.4266760349273682,109.40599822998047,17.309999465942383,0.007328950679841816,0.004654432060761584,0.0018755291110031725,0.2508193280893314,0.004007815656902937,0.00486849768320361,0.004365528873825824,0.005256676606195939,0.005609558066366104,0.005013133447729258
2018-02-05,1.244694471359253,1.411133885383606,110.03500366210938,37.31999969482422,-0.005053840607735393,-0.010953732195596418,0.005732813370344681,0.7682450294663026,0.004972511725492376,0.004908706563467857,0.007214769057702115,0.005692908124864769,0.0028478553394789053,0.005144327966852039
2018-02-06,1.2367818355560303,1.3943694829940796,109.09500122070312,29.979999542236328,-0.006377383172319828,-0.011951225665113053,-0.008579456818838978,-0.21899889039638815,0.00560109472842374,0.005135525701153503,0.008774371601040647,0.006410825585255024,0.00572738005565858,0.00534940348115382
2018-02-07,1.2381294965744019,1.395868182182312,109.62699890136719,27.729999542236328,0.0010890581283255556,0.0010742449297864829,0.00486461105408414,-0.07801563428568233,0.005491085976540702,0.005068202458468108,0.00800280158456469,0.006410332168389665,0.005889377160408468,0.005426920466058925
2018-02-08,1.2268133163452148,1.3879250288009644,109.19599914550781,33.459999084472656,-0.009181762489920628,-0.0057067277173331555,-0.003939259740085149,0.18783582507703145,0.006627087483425853,0.0053505491325742845,0.007305376594081724,0.006574297880719244,0.0061067918551449005,0.005443699879785363
2018-02-09,1.2260762453079224,1.3934950828552246,108.52899932861328,29.059999465942383,-0.000600981855033339,0.004005192510795998,-0.006127012590940621,-0.14098802843245245,0.0042149113204883615,0.005268970394821428,0.007103256539929239,0.006543829360140976,0.006523796401478012,0.005516626279670908
2018-02-12,1.2252799272537231,1.3827433586120605,108.80000305175781,25.610000610351562,-0.0006496959447372854,-0.007745572452038365,0.002493950284055339,-0.1263797157203978,0.004402176099104236,0.005278957629383015,0.006518709307775011,0.0068038502934735555,0.0057242756568096085,0.005111446903932811
2018-02-13,1.2303755283355713,1.3852334022521973,108.69000244140625,24.969999313354492,0.004150100441697588,0.0017991800704704414,-0.0010115464338856025,-0.025307847251119286,0.004952357840238396,0.005152091409133902,0.0051076068577853755,0.006801544288645721,0.004505522454245628,0.005111148745237247
2018-02-14,1.235376238822937,1.3886960744857788,107.76399993896484,19.260000228881836,0.004056140127369198,0.002496584041641463,-0.008556165665512705,-0.259644658539091,0.005426151025400318,0.004542719381599097,0.0053095412615947555,0.006167867829079843,0.004322987438815006,0.005354105371155698
2018-02-15,1.2467273473739624,1.401581048965454,106.58699798583984,19.1299991607666,0.009146425433200864,0.0092356891433812,-0.010982116192975946,-0.0067726786716266274,0.0040700486425272984,0.004752864731498704,0.006156914224784841,0.006385582555224393,0.0055144289124388094,0.00569633765919905
2018-02-16,1.2503595352172852,1.4104173183441162,106.11100006103516,19.459999084472656,0.0029091421930713865,0.006284710948376022,-0.004475817579967307,0.017103290129086884,0.0035103749211520194,0.004773718440554844,0.006424943229762159,0.006492242953849693,0.005467068295061702,0.005727669315597246
2018-02-19,1.241187572479248,1.4031543731689453,106.26100158691406,19.459999084472656,-0.007362497093656409,-0.0051628052198713645,0.001412630192862012,0.0,0.0060564785764531765,0.004791595149896556,0.005430835531856797,0.0066166936598447985,0.005132047309181081,0.005264617208181316
2018-02-20,1.2398641109466553,1.3992668390274048,106.70899963378906,20.600000381469727,-0.0010668553718264204,-0.002774412795813247,0.004207153168138548,0.05693006460225121,0.006166711168063173,0.004743176274424705,0.006022044184434503,0.00658792695487347,0.006439590030261344,0.005428357643367502
2018-02-21,1.233532428741455,1.4001091718673706,107.38099670410156,20.020000457763672,-0.0051198390023570895,0.0006018004456060531,0.006277727018994459,-0.028559297561090536,0.006580868470748033,0.004890389871147429,0.006043815966713513,0.006587042736084397,0.007021574155855937,0.005684029193170142
2018-02-22,1.2281843423843384,1.3910139799118042,107.55500030517578,18.719999313354492,-0.004345012256307387,-0.006517250335296841,0.0016191204964144442,-0.0671393623827286,0.003999660024223725,0.004989644226009862,0.005129118759913836,0.0065841932741502384,0.004043907502212633,0.005656983126663715
2018-02-23,1.2326656579971313,1.3953033685684204,106.81400299072266,16.489999771118164,0.0036420916071724634,0.0030788969874028646,-0.006913315398424691,-0.1268383116781951,0.004274246075978876,0.004961148799939809,0.0039828827031940725,0.006600155803689169,0.005019966242083318,0.0056139028620014846
2018-02-26,1.228712558746338,1.3968042135238647,107.0739974975586,15.800000190734863,-0.003212105009122826,0.0010750625152280038,0.0024311287617637986,-0.042744170586720996,0.0035143834325460084,0.004786860399995557,0.003776723600047991,0.005750760069718048,0.005045231720853104,0.005517448904287804
2018-02-27,1.2315573692321777,1.3966480493545532,107.06900024414062,18.59000015258789,0.0023126013299230768,-0.00011180729418535928,-4.667211603062913e-05,0.1626138578366678,0.0040306541911926345,0.004820620690723546,0.003632586331061748,0.005676093580240083,0.004833974378980286,0.0054344566906771976
2018-02-28,1.2230321168899536,1.3906078338623047,107.4260025024414,19.850000381469727,-0.006946405230548275,-0.00433417325197814,0.0033287730099362213,0.06558021640940212,0.0045123650823296925,0.004966700309818819,0.003957089881172156,0.0057298937562181235,0.004104072917524171,0.005151282582152237
2018-03-01,1.2191256284713745,1.375421166419983,106.63999938964844,22.469999313354492,-0.003199213284151269,-0.010980955039083298,-0.007343591585422411,0.12397702928809712,0.0043719879250377945,0.0049511303856651055,0.005581180438276598,0.006066218591468862,0.005101879011902139,0.005298245755404437
2018-03-02,1.2270842790603638,1.377543330192566,106.16300201416016,19.59000015258789,0.006506946640574449,0.0015417301571069627,-0.004483002318623702,-0.13716181589339502,0.005300344372727015,0.005150047944861624,0.005246228912721526,0.005913065240927377,0.004570128492996044,0.0053491469722291305
2018-03-05,1.2315422296524048,1.3795006275177002,105.55599975585938,18.729999542236328,0.0036263787619993924,0.001419852337488769,-0.005734052365435518,-0.04489274772965498,0.005437562185966934,0.005219805392217681,0.0053078912767277305,0.005863307017068232,0.004393533319591646,0.00529526210049825
2018-03-06,1.2336541414260864,1.3852334022521973,106.25,18.360000610351562,0.001713382605229048,0.004147077359996984,0.006553192341608975,-0.019952073579971905,0.0053929451052378,0.004955520849354992,0.006072239489599064,0.00583965229734305,0.006106096035556112,0.0055278702016550215
2018-03-07,1.2416653633117676,1.390008568763733,105.53700256347656,17.760000228881836,0.006472901653150981,0.0034412647789417313,-0.006733181182786709,-0.03322566798437833,0.004026003030028486,0.005073979787936046,0.006204387209355515,0.005508211527454949,0.005749761637934953,0.005406958993730501
2018-03-08,1.2414649724960327,1.390627145767212,106.18599700927734,16.540000915527344,-0.00016140177040260427,0.00044491769306603763,0.006130618589250458,-0.07116700550365268,0.002932876618791813,0.004877676638198055,0.00153737655133933,0.004901543892950344,0.006618170686917207,0.005450622022574748
2018-03-09,1.2306632995605469,1.3805670738220215,106.40599822998047,14.640000343322754,-0.008738819743630995,-0.007260491572099694,0.002069704449502319,-0.12202421296368898,0.005759368815815079,0.005227188961891995,0.004555428277729978,0.00512182334703306,0.006363610592813488,0.005333148871908877
2018-03-12,1.2308752536773682,1.38554048538208,106.89099884033203,15.779999732971191,0.00017221271392751176,0.0035959678449723293,0.004547663144636219,0.07498576651157736,0.005504500906745457,0.004833832900935773,0.004771453060703352,0.00505515608559018,0.005459820238337212,0.005443170070476169
2018-03-13,1.2339584827423096,1.3907625675201416,106.26000213623047,16.350000381469727,0.002501775781071896,0.00376190077025775,-0.00592067167852502,0.03548462217899347,0.005580498343542289,0.004856083470779206,0.00470808150328056,0.005046055848141054,0.005977828004821086,0.005434030545364259
2018-03-14,1.239234209060669,1.397233486175537,106.50800323486328,17.229999542236328,0.004266335039781299,0.004641993855396196,0.002331188944621166,0.05242410329726621,0.005002872549211336,0.004923362905851313,0.004903272098375415,0.004837875537003556,0.004643881964633757,0.005429212299007782
2018-03-15,1.2375624179840088,1.3971552848815918,106.15499877929688,16.59000015258789,-0.0013499625381387281,-5.5970232041975195e-05,-0.0033198513746191295,-0.037851910572074765,0.005017393865818583,0.004869319839394136,0.004923464513828571,0.00482983591207981,0.00437201543530675,0.00545235372866069
2018-03-16,1.2309207916259766,1.3938642740249634,106.30899810791016,15.800000190734863,-0.005381152570823163,-0.002358286864294626,0.0014496513088194966,-0.048790161295187505,0.003716873758988503,0.004934662786978981,0.002992443509230132,0.004839879215836748,0.004304839752940079,0.005210341197470206
2018-03-19,1.228078842163086,1.3943500518798828,105.96900177001953,19.020000457763672,-0.0023114690130010985,0.00034845087432573447,-0.003203314793032564,0.18548112907998673,0.0038583656453817883,0.004489796520558312,0.0028875508241986347,0.004397767859456581,0.0034951186421939657,0.004713797660571985
2018-03-20,1.2336845397949219,1.4025245904922485,105.99600219726562,18.200000762939453,0.00455422106110146,0.005845497517407424,0.0002547630683063399,-0.04406944518223561,0.004331707968559724,0.0045655669822655945,0.003435806296807698,0.004367654676529912,0.0026289674809712267,0.004619488426128662
2018-03-21,1.2251899242401123,1.4004818201065063,106.46900177001953,17.860000610351562,-0.006909380265738672,-0.0014575569571790687,0.004452501309364311,-0.018858026379926878,0.004433419825176311,0.0045345726104350954,0.003197730427408228,0.004238939066616669,0.0032881214993464966,0.004709878197881334
2018-03-22,1.2347661256790161,1.414627194404602,105.92900085449219,23.34000015258789,0.007785708051778266,0.01004969489820649,-0.005084813155922939,0.2676050237734511,0.006371303092241322,0.004870545205026529,0.005293476553195394,0.004707577391554577,0.0037815108885338,0.004739522298138291
2018-03-23,1.2324985265731812,1.4114724397659302,104.96800231933594,24.8700008392334,-0.0018381487711451225,-0.0022325865025553033,-0.009113502535077955,0.06349365816409866,0.005862832890821235,0.004761313059761588,0.005264942306480975,0.0047432019032659966,0.005167996829361715,0.0048517924692850906
2018-03-26,1.235437273979187,1.4147672653198242,104.85900115966797,21.030000686645508,0.002381543956155749,0.0023315977343438543,-0.0010389622657306044,-0.16771226919475257,0.005722994322415315,0.0046869670252277715,0.005134409706660253,0.0045005681135654296,0.005189030034913923,0.004815562219499978
2018-03-27,1.2457488775253296,1.423892855644226,105.5,22.5,0.00831188172368744,0.006429527574471395,0.006094351282789821,0.06756528684500536,0.006472130249108657,0.004945669347005169,0.0052238271910627215,0.004637059488996709,0.006374883593543714,0.004872946525727407
2018-03-28,1.240787148475647,1.417635440826416,105.49299621582031,22.8700008392334,-0.003990881759450981,-0.0044042671969626085,-6.638878358873744e-05,0.016310735520134442,0.005537988921861851,0.004976047264602364,0.005968929139745067,0.004773583565352923,0.005704689357592119,0.00482877215863936
2018-03-29,1.2310267686843872,1.4080342054367065,106.81199645996094,19.969999313354492,-0.007897382931562176,-0.006795750064348846,0.012425682489552536,-0.13559493168663675,0.006216790002015642,0.005261454077165326,0.0053144816681689145,0.005031629137536977,0.008091609279119637,0.0055799345793798435
2018-03-30,1.2302846908569336,1.4029377698898315,106.47899627685547,19.969999313354492,-0.0006029938609045437,-0.0036261059703735056,-0.00312249898033874,0.0,0.006180050258258929,0.005032614588918826,0.005434766918933124,0.005002291279450084,0.006354511185069643,0.005560134967174474
2018-04-02,1.231420874595642,1.403823971748352,106.31199645996094,23.6200008392334,0.0009230866886203371,0.0006314763913320722,-0.0015696139111241328,0.16786273325597006,0.006051408466434679,0.004973742341125055,0.005205924625096433,0.004308630365960245,0.006439736891734401,0.005349164885945498
2018-04-03,1.229271411895752,1.4046719074249268,105.79900360107422,21.100000381469727,-0.0017470394477167334,0.0006038361733958517,-0.004837032109993352,-0.1128207877386875,0.0034316417862712144,0.0048039921135284176,0.003261509873808954,0.004306919585164973,0.006863137252910517,0.005363365998963138
2018-04-04,1.2278525829315186,1.4068654775619507,106.43599700927734,20.059999465942383,-0.001154869778581974,0.0015604064835310245,0.006002735826733749,-0.05054530265037734,0.0033914412539473218,0.004743733603129174,0.0035671248691758607,0.004307852642018866,0.007249165072193399,0.005365836485619921
2018-04-05,1.228682279586792,1.4088078737258911,106.77400207519531,18.940000534057617,0.0006755016584394306,0.0013797029908867923,0.003170633183534315,-0.057451639955505604,0.001154454089733881,0.004729601494806053,0.002132494089893039,0.004248295895801049,0.004518600563897505,0.00522711661507917
2018-04-06,1.2251598834991455,1.400874137878418,107.052001953125,21.489999771118164,-0.002870925082302187,-0.0056474411701910076,0.0026002453333879875,0.12631158404852685,0.0016164473020582454,0.004518199542298173,0.0030233281743946763,0.004414521473055739,0.004270442765450781,0.005009844029254552
2018-04-09,1.227144479751587,1.4091651439666748,106.96800231933594,21.770000457763672,0.001618556583301758,0.005901006580828295,-0.0007849699693992491,0.012945196269927605,0.0018223428042484378,0.004542454543616876,0.004139272860393019,0.004570384048585934,0.004162079371536753,0.004864291008639591
2018-04-10,1.2322403192520142,1.4138271808624268,106.7490005493164,20.469999313354492,0.004144001211158943,0.003302907409987502,-0.002049456465658066,-0.06157253014451998,0.0026767940191246105,0.004254754630117766,0.004287248541615971,0.004248596532131703,0.003228066818868831,0.004873548043182167
2018-04-11,1.2363078594207764,1.4182183742523193,107.11299896240234,20.239999771118164,0.0032954948055088436,0.003101077877099289,0.003404052757434028,-0.011299533018332437,0.0027355134317695916,0.004310481625993811,0.004365359171035543,0.004235943820309258,0.002508875001259617,0.004830273393028103
2018-04-12,1.2371643781661987,1.4189025163650513,106.8290023803711,18.489999771118164,0.0006925638918780253,0.0004822791501448793,-0.002654894757087969,-0.09043080009052253,0.002734436973994013,0.004281641840196875,0.004395409847895094,0.004193813808049508,0.0027459391178914867,0.004684603580539938
2018-04-13,1.2329696416854858,1.4238117933273315,107.22200012207031,17.40999984741211,-0.0033963667390498223,0.003453939656234293,0.0036720050706672515,-0.06018528800463542,0.002940765684768284,0.0042395744159714555,0.0019205902426060546,0.004150906346289004,0.0030179697485529845,0.004721643275011503
2018-04-16,1.233258605003357,1.4246840476989746,107.49800109863281,16.559999465942383,0.00023433623354313018,0.0006124315762329431,0.002570800363275653,-0.050054628308458644,0.0029649055144563945,0.004233101817430622,0.0015059216861520756,0.004146353113901268,0.0030839614893456205,0.004673148311126329
2018-04-17,1.2385127544403076,1.4342057704925537,107.0459976196289,15.25,0.0042513295822551745,0.006661157726573315,-0.004213626579794158,-0.08241061365383635,0.002993661724276269,0.004164774640319723,0.0025280812624782043,0.004254690216954188,0.0037060590561933766,0.004777290154956427
2018-04-18,1.237317442893982,1.4296538829803467,107.01599884033203,15.600000381469727,-0.0009655845061456074,-0.0031788508489166084,-0.0002802812268348851,0.022691435655257993,0.002781310832620662,0.004134679757931949,0.0036781185692494993,0.004357354214525091,0.0033470189078593,0.004715050058631258
2018-04-19,1.237914800643921,1.4204343557357788,107.34600067138672,15.960000038146973,0.00048266805112577506,-0.006469665940485497,0.0030789234332711944,0.022814655703145195,0.0027728958519358245,0.0040268131345531,0.0052058767391154415,0.004511908410761912,0.0032689463339212995,0.004747900522596926
2018-04-20,1.2345526218414307,1.4086490869522095,107.43199920654297,16.8799991607666,-0.002719696805180505,-0.008331558396899079,0.0008008133030481707,0.05604384503836758,0.0025671747366228475,0.0037675003989303697,0.00598324456547689,0.004882308228287613,0.0029067857181150343,0.004669075308976953
2018-04-23,1.2273402214050293,1.4001679420471191,107.86900329589844,16.34000015258789,-0.00585924857787994,-0.006038962732330288,0.004059476587703884,-0.0325133406800305,0.003752946362382285,0.0036040263332387775,0.005957294428061871,0.004539705322726652,0.003242668735734079,0.004562494981843778
2018-04-24,1.22089684009552,1.3938252925872803,108.76100158691406,18.020000457763672,-0.0052637028397498915,-0.004540211677375134,0.008235270388749319,0.09786617881312008,0.0027182289000852317,0.0037460138338673717,0.0019578675186617245,0.0046085797426925566,0.0033156267518197986,0.004251628914632393
2018-04-25,1.2241400480270386,1.3993842601776123,108.8030014038086,17.84000015258789,0.0026528923546068075,0.003980349361284728,0.0003860916037479884,-0.010039141878284853,0.003666625580246545,0.0037561445247277564,0.004811569233502833,0.004671026268991237,0.0031511361347880784,0.004220031312457132
2018-04-26,1.2171669006347656,1.3939224481582642,109.36399841308594,16.239999771118164,-0.005712650234150854,-0.00391064752305645,0.0051428332077659705,-0.09396581506517351,0.003604443657757082,0.0033748048734511113,0.0046539476193870125,0.004456165674945135,0.0032466845256569838,0.004177275558911549
2018-04-27,1.2109616994857788,1.391943335533142,109.30000305175781,15.40999984741211,-0.00511110874201837,-0.0014208243409650132,-0.0005853305777498257,-0.052460681209673184,0.00365317402036564,0.003429222797629614,0.0039297354544990774,0.00439150654765506,0.003598866454197318,0.004188789994166654
2018-04-30,1.2122827768325806,1.37710702419281,109.0979995727539,15.930000305175781,0.0010903377604621455,-0.010715914400112356,-0.0018498661542792755,0.03318750364910701,0.004006714235999265,0.0031013014480329912,0.005325394100913636,0.004712819542997128,0.004257723978857252,0.0034794292460398704
2018-05-01,1.2081234455108643,1.3772207498550415,109.322998046875,15.489999771118164,-0.003436890367875175,8.257961406603101e-05,0.0020602282395716727,-0.028009503426582354,0.003764089315514748,0.0031555708549689536,0.005460478102172181,0.0046809901707959975,0.00270621063734714,0.003363184570319648
2018-05-02,1.1991558074951172,1.3609329462051392,109.87200164794922,15.970000267028809,-0.007450468811979409,-0.011897064644493135,0.005009281688413768,0.030517339294898603,0.0032490393117444727,0.00342778078063829,0.0054413444898520685,0.005223937156465583,0.0031793189188071627,0.0033976758623447795
2018-05-03,1.19510018825531,1.3573862314224243,109.8270034790039,15.899999618530273,-0.0033877940587112173,-0.00260949253090179,-0.00040963471408103137,-0.004392893713193796,0.003129015415999326,0.0034578111892177373,0.005570270436786983,0.005209839812526609,0.0027248981196982564,0.003124792896810949
2018-05-04,1.1989257335662842,1.3572388887405396,109.09600067138672,14.770000457763672,0.003195912401978984,-0.00010855471787614456,-0.006678197453425239,-0.07372095769828987,0.004190641510660372,0.00358738425841935,0.005824564606697696,0.005174322630118671,0.004382566156737538,0.00344606239368207
2018-05-07,1.195500135421753,1.3531982898712158,109.14600372314453,14.75,-0.0028613126228246057,-0.0029815130152604018,0.00045823491010826774,-0.0013550447502601436,0.003818769741651954,0.0035840423058212476,0.004896663795084443,0.005136837588148177,0.004309142602079214,0.003417682567245563
2018-05-08,1.1933743953704834,1.3570362329483032,108.94300079345703,14.710000038146973,-0.0017797005116395965,0.002832187111638103,-0.001861652665775151,-0.002715545579214714,0.003820298736314341,0.0035679757236329857,0.005515305103860608,0.005154904611778588,0.004216335321788615,0.003450352751261201
2018-05-09,1.1867886781692505,1.3553440570831299,109.02400207519531,13.420000076293945,-0.005533851088539423,-0.001247742501988216,0.0007432435588969837,-0.09178139997798568,0.0032471168883007532,0.0036248218277598002,0.0023399767665818264,0.004888196959779902,0.003040885651024033,0.0034323464214031474
2018-05-10,1.184721827507019,1.3544628620147705,109.84700012207031,13.229999542236328,-0.0017430672818787454,-0.000650374824280079,0.0075204290879787436,-0.014259193702193503,0.0031628850710542266,0.003396918245663724,0.0021197093642431135,0.0047639114315116225,0.005132657371693398,0.0036451640303114866
2018-05-11,1.1917530298233032,1.352338194847107,109.43599700927734,12.649999618530273,0.00591735512042152,-0.0015698734848882717,-0.003748613430660337,-0.04482975850861582,0.00426702306907225,0.0036222581497478332,0.0021643739957764355,0.0046303000470245504,0.004269093424625292,0.003765589470203732
2018-05-14,1.1952143907546997,1.355380892753601,109.33799743652344,12.930000305175781,0.0029002183504962887,0.002247426035536876,-0.0008958978836306917,0.02189303136809524,0.004478952301890242,0.003720037600842648,0.002061376592936616,0.0046931704358494485,0.004324696048012692,0.0037029945649017628
2018-05-15,1.1931180953979492,1.3562448024749756,109.73100280761719,14.630000114440918,-0.0017554472898831247,0.0006371895296053292,0.0035879635390492237,0.12352400646846416,0.004476620309219131,0.0036980184742204146,0.0015678983120881737,0.004571809422379551,0.004314190332497588,0.0037002087844754754
2018-05-16,1.1820889711380005,1.3500195741653442,110.2969970703125,13.420000076293945,-0.00928694064996898,-0.004600614295814249,0.00514475895276196,-0.08632808562575009,0.005758573746093883,0.004028559382295316,0.002569594724834074,0.004553621797218321,0.004577158250884425,0.0037901399677962243
2018-05-17,1.1816978454589844,1.354830026626587,110.35900115966797,13.430000305175781,-0.0003309314358126005,0.003556913132253817,0.000561997783743029,0.0007448960299561571,0.005734944814787252,0.00380628273978202,0.0032297069268723434,0.004298926636143718,0.003542164435138589,0.003599162494076739
2018-05-18,1.1795234680175781,1.3515340089797974,110.8280029296875,13.420000076293945,-0.0018417401567751084,-0.0024357545644295496,0.004240777841675126,-0.000744896029956075,0.0044710865850121455,0.0037980446412151665,0.0033591796076337587,0.004296981755615401,0.0025735578221502773,0.0036284750821272303
2018-05-21,1.1766643524169922,1.3477089405059814,110.87999725341797,13.079999923706055,-0.0024269007581673207,-0.002834180624589515,0.0004690342670605368,-0.0256617970324463,0.003527961422241511,0.0037514910260084858,0.0032304939185059697,0.004208221881689062,0.0021585106517051987,0.0036201652822180426
2018-05-22,1.1792453527450562,1.3431833982467651,110.97799682617188,13.220000267028809,0.002191086827304078,-0.0033636028174050467,0.0008834442007314071,0.010646514426208722,0.004274426837469786,0.0038699670327875676,0.0031767434332515263,0.004002410885072305,0.0022489436812121125,0.0036194782027873357
2018-05-23,1.1788560152053833,1.3441040515899658,110.72599792480469,12.579999923706055,-0.0003302127283434639,0.0006851915892184389,-0.002273292460740576,-0.049622609414797965,0.0017889366966265634,0.003791821979957297,0.0029386853059358052,0.0039487231593630205,0.0023159468042102025,0.0036558764513969113
2018-05-24,1.1710150241851807,1.3371307849884033,109.86900329589844,12.529999732971191,-0.006673574838505811,-0.005201545369214468,-0.007769885406619651,-0.00398249761077406,0.0032493924009669604,0.0038638124876931293,0.0021342993561830476,0.003972563955802769,0.004487852520184552,0.003777233418902675
2018-05-25,1.1722642183303833,1.3383476734161377,109.31199645996094,13.220000267028809,0.0010661932567615083,0.0009096604817165332,-0.005082630662877925,0.053605107025572064,0.003494671820956552,0.003788939503032896,0.002668046796341279,0.0038070746478501938,0.003688890581765575,0.003958000659610011
2018-05-28,1.1688934564590454,1.3309022188186646,109.62300109863281,13.220000267028809,-0.0028795704251883274,-0.005578701288966981,0.0028410701928343954,0.0,0.003538863350772487,0.0037027817644402364,0.0031342187521899273,0.0038625784567289266,0.004307736186140092,0.0038504167944246035
2018-05-29,1.162696123123169,1.3315579891204834,109.38899993896484,17.020000457763672,-0.005315985270053203,0.0004926047819413096,-0.002136880605645645,0.25265829541846974,0.0032551823697864746,0.0037116488305435477,0.0033393372305293933,0.0039000299046341004,0.003950108614803563,0.0038778232211100763
2018-05-30,1.1539349555969238,1.3253810405731201,108.39399719238281,14.9399995803833,-0.007563750116088786,-0.004649681160831555,-0.009137624910332843,-0.13034699842298353,0.003468726142220686,0.0038416341514784127,0.003221513445056371,0.0034433477622890984,0.004788528895041257,0.004331430185117947
2018-05-31,1.1667250394821167,1.328356385231018,108.71199798583984,15.430000305175781,0.011022910220800021,0.0022423815376036373,0.00292945407252896,0.032271534535272615,0.007309397748893122,0.0047557074677057965,0.0035415654933349814,0.0035275515799141955,0.005199367577461556,0.004357814112267965
2018-06-01,1.1693171262741089,1.3289390802383423,108.7490005493164,13.460000038146973,0.0022192132434978853,0.0004385624588877377,0.0003403144847392031,-0.13659135910246892,0.007398042930498006,0.004633048355622279,0.0034731318289300925,0.0027041676759688178,0.004987458064563312,0.004200082575783719
2018-06-04,1.1668611764907837,1.3356484174728394,109.5979995727539,12.739999771118164,-0.002102537023960953,0.005035940024267966,0.007776642698482301,-0.05497569487227085,0.007343611349880903,0.0046114787757615405,0.003532316952006039,0.0029760306723922133,0.0062694842111980995,0.0045531907750392805
2018-06-05,1.1700559854507446,1.3316465616226196,109.96299743652344,12.399999618530273,0.002734209840494974,-0.0030006871263584534,0.003324799987011161,-0.027050190331106873,0.006847864664318997,0.004592069459623643,0.0039116517348071235,0.0030107699325612274,0.00628979501945824,0.004359818628622989
2018-06-06,1.1726216077804565,1.3406083583831787,109.85900115966797,11.640000343322754,0.00219033413974912,0.006707316948912771,-0.0009461863260120834,-0.06324897004892983,0.004783103828968774,0.004626390746592734,0.0038234210498042744,0.0033732724234183243,0.0033569700432656362,0.004368581852785111
2018-06-07,1.178550362586975,1.3421558141708374,110.125,12.130000114440918,0.005043244345701682,0.0011536280192721798,0.002418348321413819,0.04123426059212118,0.002584282538224353,0.004788923288041689,0.0038572871377990643,0.003314566914370339,0.003355446918292755,0.004363218468090598
2018-06-08,1.1795234680175781,1.3419216871261597,109.69400024414062,12.180000305175781,0.0008253392859986731,-0.00017445624812134655,-0.0039214108670083845,0.004113554946739122,0.00263174630932636,0.004665247622373402,0.003931022652679657,0.0033109519606214378,0.004435073714437708,0.004462560280793073
2018-06-11,1.1783976554870605,1.341381549835205,109.44300079345703,12.350000381469727,-0.0009549196576974336,-0.0004025913216291881,-0.002290800360145981,0.013860806624989213,0.0022328664293643787,0.0046564883813574156,0.0036002228472037747,0.0033106678472932683,0.003083124045259776,0.004186049887637045
2018-06-12,1.177412509918213,1.3374348878860474,110.38600158691406,12.34000015258789,-0.0008363539989250407,-0.002946573530825243,0.008579455554377266,-0.000810063119673782,0.0024833318910973583,0.004448998958423123,0.0035857807002393416,0.0033458431001623756,0.004950448365366712,0.004497403880868978
2018-06-13,1.17482590675354,1.3372559547424316,110.4520034790039,12.9399995803833,-0.002199270438669329,-0.00013379725314856988,0.0005977403575558163,0.04747722580233045,0.002822155293121786,0.004393158329050713,0.0014974792512202418,0.003290667507563059,0.004864204312503128,0.004488286738308537
2018-06-14,1.1807769536972046,1.3382760286331177,110.24199676513672,12.119999885559082,0.005052684987134998,0.0007625204605664079,-0.0019031489485121574,-0.06546628544603085,0.0028260592818650405,0.004558021372965128,0.0013962505794708072,0.00329304064056909,0.004949395354904068,0.004458685282877386
2018-06-15,1.1566576957702637,1.3256621360778809,110.6449966430664,11.979999542236328,-0.020638107698380467,-0.009470179897224257,0.0036489276155412913,-0.011618416722202882,0.009763011442347327,0.0060134166770386,0.004165506303890539,0.0037113912379546014,0.004506824817693596,0.004390756352454445
2018-06-18,1.159595012664795,1.3275099992752075,110.61699676513672,12.3100004196167,0.002536267703775233,0.0013929465574346492,-0.0002530925230118146,0.02717341980718159,0.010145023673321702,0.006059243731838599,0.004452378276128922,0.003617134986442754,0.0041290367828313145,0.004390493013658704
2018-06-19,1.1630746126174927,1.3258730173110962,110.13800048828125,13.350000381469727,0.0029962096356120605,-0.0012338830553795792,-0.0043396256894171256,0.08110443913694253,0.010508145328788689,0.006109433798168312,0.0044347949122930915,0.003602291866580692,0.002965576240415548,0.004386820501562715
2018-06-20,1.1588560342788696,1.317332148551941,110.07099914550781,12.789999961853027,-0.0036336856020979945,-0.006462531622391332,-0.0006085250371459153,-0.04285280081258055,0.010519148475118607,0.006131634427751175,0.00475463029868604,0.0037753399816154417,0.0029075466994411877,0.004384028443871713
2018-06-21,1.1579033136367798,1.3175230026245117,110.35199737548828,14.640000343322754,-0.0008224597834486959,0.00014486873999089222,0.0025496285472667852,0.1350939193759841,0.009729965474117174,0.006097698996575534,0.004638982333789625,0.003746337753591002,0.0031178141996198805,0.004420283151969417
2018-06-22,1.1605775356292725,1.3247840404510498,109.9520034790039,13.770000457763672,0.0023068753656377444,0.0054959972368017265,-0.0036312943429933405,-0.06126518600006092,0.002842643698887712,0.0061338079850007405,0.004340686775593899,0.00397525951144699,0.0027865132688754276,0.004459090400160922
2018-06-25,1.1661399602890015,1.3262423276901245,109.93699645996094,17.329999923706055,0.0047813585160605306,0.0011001681489770277,-0.00013649631468999645,0.22994675334098222,0.0033430860956048876,0.006089526810483117,0.004316873130511099,0.003857583692570397,0.0027974768373840446,0.004137056682457575
2018-06-26,1.1702749729156494,1.3278449773788452,109.64299774169922,15.920000076293945,0.0035396255050087304,0.0012076843745484588,-0.0026778295082275786,-0.08486291411652415,0.0034268831441726997,0.006136468770428777,0.004307505332744654,0.0038628172499796465,0.002407720660392735,0.004025865869605467
2018-06-27,1.1650259494781494,1.3221042156219482,110.09700012207031,17.90999984741211,-0.0044953797831452195,-0.004332740229757711,0.004132183769818414,0.11778302234434666,0.003740241613836639,0.006181114059124118,0.0035019074163675033,0.0037910989215666894,0.0033143661465900283,0.004076250208928659
2018-06-28,1.1563634872436523,1.3120431900024414,110.21499633789062,16.850000381469727,-0.007463204842131897,-0.007638960919830357,0.0010711738715897105,-0.061008528115393416,0.005391328961991117,0.006282677677050193,0.005160596426871317,0.004094267701312279,0.003093922011754875,0.004046086736262216
2018-06-29,1.1562966108322144,1.3075141906738281,110.48600006103516,16.09000015258789,-5.783505454369426e-05,-0.0034578390033828143,0.0024558462695901313,-0.0461527089498326,0.005209853640868512,0.006066581397659022,0.003785371403910582,0.004046725969333025,0.0025859413398206478,0.003466054375552892
2018-07-02,1.1678558588027954,1.3207770586013794,110.70999908447266,15.600000381469727,0.00994714712822947,0.010092473966486751,0.0020253449508450673,-0.030927031779012168,0.006836547153876231,0.005977975996368924,0.006873666886923679,0.004616792472630074,0.0025351285418874453,0.0034457602895159424
2018-07-03,1.1642121076583862,1.314405918121338,110.87100219726562,16.139999389648438,-0.003124912448468689,-0.004835453894683792,0.0014532215324980237,0.03402968631704133,0.006693767867242892,0.005993936581796589,0.00695748921267659,0.004714676497452074,0.0011892672314921895,0.003446431660504844
2018-07-04,1.1659224033355713,1.3194352388381958,110.40799713134766,16.139999389648438,0.0014679804760208625,0.003819005421951667,-0.004184814130822488,0.0,0.0064507795221300035,0.005988273564963979,0.0072339151949995595,0.0046533753793664015,0.002707110413926403,0.0032439154592545133
2018-07-05,1.166235089302063,1.3229262828826904,110.50199890136719,14.970000267028809,0.0002681516744493763,0.0026423682354097433,0.0008510413958739915,-0.07525240875658754,0.00491144639081418,0.0059569365776269995,0.006023202120425923,0.004667659009884044,0.0026985797634443047,0.0031775289920612133
2018-07-06,1.1695905923843384,1.3225764036178589,110.5790023803711,13.369999885559082,0.002873078600661516,-0.00026450872165571397,0.0006966087693775653,-0.11303483371481093,0.004823294452897598,0.005971463120664681,0.005491771707450382,0.004398247693151305,0.0024897031900230843,0.003168051628035826
2018-07-09,1.1752262115478516,1.329787254333496,110.4219970703125,12.6899995803833,0.004806882998706923,0.005437315097710348,-0.0014208563478246504,-0.05219913389474765,0.0029764434390971537,0.005961940664075799,0.004041607093277873,0.004571699891421981,0.002318183275243464,0.0031513260919643605
2018-07-10,1.1756960153579712,1.325556755065918,110.9530029296875,12.640000343322754,0.0003996761874951096,-0.0031864066064684936,0.004797351803782781,-0.0039478327792526555,0.0019024622183924204,0.005959388298090896,0.003430797448376889,0.004608917962739367,0.00330326730013155,0.0031667548170985957
2018-07-11,1.1727042198181152,1.3257324695587158,110.83100128173828,13.630000114440918,-0.0025479448635795567,0.00013255022607350155,-0.0011001844852514603,0.07540683822437215,0.002799854225690469,0.005979307941513537,0.003250122943513017,0.004611187353618807,0.002476329060989362,0.0031263705411764724
2018-07-12,1.1676785945892334,1.3210039138793945,111.95800018310547,12.579999923706055,-0.004294710183780235,-0.003573125559301977,0.010117272461085246,-0.08016500889710054,0.0037466978525972703,0.0060414177844019075,0.0036107276935666774,0.004628702872834763,0.004868718066614063,0.0033248045198551036
2018-07-13,1.1665889024734497,1.3180439472198486,112.66500091552734,12.180000305175781,-0.0009336480898713101,-0.002243208957583839,0.006295019331692218,-0.032312957870359406,0.003455191954492726,0.006029256273392771,0.003714075845174455,0.004641243781291834,0.00495927209326006,0.003536285074263247
2018-07-16,1.1679104566574097,1.3227688074111938,112.39900207519531,12.829999923706055,0.0011321950635473854,0.0035783417242988,-0.0023637628465705126,0.051990885343784154,0.002205180159689264,0.005919847481239012,0.0029653737233289582,0.004720426917178139,0.005215766680935263,0.0035549964539802505
2018-07-17,1.170946478843689,1.3236442804336548,112.3740005493164,12.0600004196167,0.002596160411045844,0.0006616299310329602,-0.00022246022155769519,-0.0618919465878911,0.002763738221690802,0.003875131423837123,0.0027677674635243226,0.004280374003481571,0.005395463690682524,0.0035069402578540095
2018-07-18,1.1653246879577637,1.3106160163879395,113.01200103759766,12.100000381469727,-0.004812627760435433,-0.00989148284745959,0.005661418081595028,0.003311258035991887,0.0032607389463345203,0.0040108543531322,0.005064104862457349,0.00474745025546413,0.005092213665811723,0.0036536451957829745
2018-07-19,1.164564609527588,1.3078221082687378,112.79100036621094,12.869999885559082,-0.0006524588597063798,-0.0021340272685442655,-0.0019574650520990263,0.061693528586848484,0.002786328981359404,0.003965951650825346,0.005013846338828196,0.004757203378744559,0.004188009235896885,0.003521594554172937
2018-07-20,1.1655147075653076,1.3023037910461426,112.36299896240234,12.859999656677246,0.0008155070803001822,-0.004228397906809327,-0.0038018593550833884,-0.0007773206034422148,0.00283303389091388,0.003881261361114868,0.0051149341250866865,0.004649234093930616,0.003692337061577582,0.00365776684520342
2018-07-23,1.1741912364959717,1.3147169351577759,111.0530014038086,12.619999885559082,0.007416802719637017,0.00948654099683014,-0.01172711506386965,-0.01883884406767623,0.004479061706304632,0.004159345787123683,0.007128307360770072,0.005116144984323176,0.006302456114851233,0.0045222860708055476
2018-07-24,1.1694128513336182,1.3102725744247437,111.45999908447266,12.40999984741211,-0.004077814856735979,-0.003386196374130011,0.003658196452833846,-0.016780261123892023,0.004887385466720444,0.00425868914094302,0.007090780461054243,0.005002982041064622,0.006853934668865596,0.004488381680682929
2018-07-25,1.1685519218444824,1.3152183294296265,111.24099731445312,12.289999961853027,-0.0007364777587126888,0.0037674941837579352,-0.0019667791716820432,-0.009716666446916437,0.004235003774171413,0.004145947458910879,0.0058230283077092635,0.005075419063020721,0.005548988829261235,0.0045199073945437806
2018-07-26,1.1737502813339233,1.3199577331542969,110.84500122070312,12.140000343322754,0.004438682606524639,0.003597033915181396,-0.0035661546971341,-0.012280106562395527,0.004477760177677359,0.004185768549730478,0.005687932551411732,0.005136198212068213,0.005508393733021477,0.004553825642917569
2018-07-27,1.1642934083938599,1.3108737468719482,111.14600372314453,13.029999732971191,-0.008089604616354043,-0.00690581852377275,0.0027118457973969758,0.07074855673172394,0.006267050915353502,0.004437656906804841,0.006474556789261674,0.005260881443587989,0.006146726103441094,0.004509667905496445
2018-07-30,1.16604483127594,1.3111830949783325,110.93399810791016,14.260000228881836,0.0015031493557779215,0.00023595835367263017,-0.001909273035742088,0.09020406039340109,0.004870317419011696,0.004122915964440415,0.004606954852431682,0.005005732840385107,0.0031913008580457783,0.004534222869380326
2018-07-31,1.1707408428192139,1.3135426044464111,110.99400329589844,12.829999923706055,0.004019211446705295,0.0017979098571592872,0.0005407626714156726,-0.10567225835575164,0.005095142219528039,0.0041933742633526875,0.004383735915009761,0.004959541769241498,0.002468146472768725,0.004509087754397006
2018-08-01,1.168961763381958,1.3121638298034668,111.80799865722656,13.149999618530273,-0.0015207742859470093,-0.0010502124317369862,0.007306927010264347,0.024635556933650618,0.005144056912570267,0.0036488993886963778,0.003998088293372548,0.0044443603288433775,0.004249437220470957,0.004744861524202932
2018-08-02,1.1665889024734497,1.3126115798950195,111.62000274658203,12.1899995803833,-0.002031950545646603,0.00034117212028240035,-0.001682832535127267,-0.07580582054451593,0.004549889990222181,0.0036109568946971287,0.0033899977499969075,0.004328173689071025,0.003801511120269331,0.004760324903683802
2018-08-03,1.1586008071899414,1.3018121719360352,111.69000244140625,11.640000343322754,-0.00687094620857647,-0.008261452929677254,0.0006269284446795762,-0.04616843727177926,0.004100622802690876,0.0038868485331166945,0.003972900449094076,0.004571796942097997,0.0037345049528105974,0.0046535053327175745
2018-08-06,1.1562297344207764,1.3003562688827515,111.23400115966797,11.270000457763672,-0.0020485936709178547,-0.00111899228532819,-0.00409109750751574,-0.03230310312879455,0.003863659341662232,0.003902462803195084,0.0038796110388108623,0.004514299471448153,0.004248143912553323,0.004755181507113799
2018-08-07,1.1558021306991577,1.2944984436035156,111.33999633789062,10.930000305175781,-0.0003698943193172203,-0.004514962014611476,0.0009524489601413936,-0.03063303856020039,0.0025000413683300407,0.0038339184434526127,0.003480301610806614,0.004581543738503246,0.004252146808971671,0.004756509987532736
2018-08-08,1.1602946519851685,1.2946659326553345,111.34500122070312,10.850000381469727,0.0038793948110081187,0.0001293769168061776,4.495033673757157e-05,-0.0073462149644101735,0.0038615199055182406,0.0037770112272298545,0.0036734317586434983,0.0043622765908745585,0.002087305867323236,0.004741326663894316
2018-08-09,1.1610760688781738,1.2881617546081543,110.89199829101562,11.270000457763672,0.0006732375104906637,-0.005036489137945297,-0.00407676091821716,0.03797925352461052,0.003954710927405573,0.003780842627120039,0.0033378377702231433,0.0044195143569321265,0.0025541984293783247,0.00472493385474443
2018-08-10,1.1523923873901367,1.2828407287597656,111.09100341796875,13.15999984741211,-0.007507102373803506,-0.0041392674492853635,0.0017929767480748225,0.15503754563276792,0.0041958122308613606,0.004043192775961978,0.002294072844946278,0.004447298073071864,0.0028150284289315685,0.004733837353886968
2018-08-13,1.1394712924957275,1.2758845090866089,110.62899780273438,14.779999732971191,-0.011275742016472816,-0.0054372675174291845,-0.004167475025805802,0.11609298315080728,0.006255119851304815,0.004570555788905379,0.0022514343185974254,0.004506148624635498,0.002835615245800649,0.004250321524539551
2018-08-14,1.1402509212493896,1.2762752771377563,110.66100311279297,13.3100004196167,0.0006839682303000879,0.0003062253831521797,0.0002892612422552813,-0.10475923351971028,0.006379058806591032,0.004586537041241123,0.0028272906852519087,0.004521028467418161,0.002729680914666595,0.003974124414184289
2018-08-15,1.1345715522766113,1.271779179573059,111.24600219726562,14.640000343322754,-0.004993251859405852,-0.003529047206287158,0.005272482848005991,0.09524186805072947,0.005216110599861134,0.004634198487455088,0.002290638780282027,0.004395777449311474,0.004028867499629872,0.004161542810142302
2018-08-16,1.134429931640625,1.2693899869918823,110.57599639892578,13.449999809265137,-0.0001248308008382202,-0.001880389008807697,-0.006040950312653794,-0.08477844011735569,0.005027660193897661,0.0045605283726546835,0.002218233346838185,0.004361629886297363,0.004564255579056364,0.004326759845459593
2018-08-17,1.1371389627456665,1.2714558839797974,111.00399780273438,12.640000343322754,0.0023851641885435427,0.001626149359758962,0.003863182122085331,-0.06211267598649599,0.005539355577937573,0.004565244107437022,0.002846005908429355,0.004036116663791293,0.004912867750910165,0.004215767492762716
2018-08-20,1.1437721252441406,1.2747135162353516,110.4749984741211,12.489999771118164,0.0058162558222769525,0.0025588509804442,-0.0047769796997953785,-0.011938110068042226,0.003940027954497841,0.004798660623435033,0.002505357707637347,0.004117495313051061,0.005043100419681786,0.004294281241156751
2018-08-21,1.149134635925293,1.2804261445999146,109.947998046875,12.859999656677246,0.004677486716083236,0.004471487778464569,-0.004781728219973657,0.029193386300245622,0.004309837317033703,0.004930135628008961,0.0032812974121935227,0.004225679216612568,0.005397780798942432,0.004330274798832103
2018-08-22,1.1576753854751587,1.290555715560913,110.13400268554688,12.25,0.007404847816651862,0.007879964875089289,0.0016903216286689425,-0.04859575512178875,0.002956671887413663,0.004929205496367189,0.003600553776303827,0.004050228223396544,0.004465810672339867,0.0036346733908375695
2018-08-23,1.1584800481796265,1.2904725074768066,110.58799743652344,12.40999984741211,0.0006948261978871789,-6.447669451467647e-05,0.004113730312002916,0.012976649930220439,0.0026782039981867365,0.004875611601464848,0.003042165596640787,0.004012651311565919,0.0044829188213106694,0.0036599696325215845
2018-08-24,1.154334545135498,1.281065821647644,111.36699676513672,11.989999771118164,-0.0035848160899412435,-0.007316031559624038,0.00701946383356229,-0.03442963697092799,0.004439075276161431,0.00492182159264531,0.005718930823562208,0.004120407238384852,0.005305786995243071,0.003960840246255067
2018-08-27,1.164890170097351,1.2860909700393677,111.28199768066406,12.15999984741211,0.009102781442062224,0.003914957455127031,-0.0007635254658442183,0.014078914039646118,0.005146907938659353,0.005237553109051082,0.005812735284117391,0.004138535166902556,0.004525099802768924,0.0038832572208953027
2018-08-28,1.1683608293533325,1.2896735668182373,111.13700103759766,12.5,0.002974957959103324,0.002781775304275028,-0.0013038154513991885,0.027576780318580765,0.00511892588022977,0.004983481237516392,0.005664151720636126,0.004013964991773549,0.003471191551772813,0.003852782883467768
2018-08-29,1.1691256761550903,1.2867693901062012,111.16200256347656,12.25,0.0006544181771759916,-0.002254408881234152,0.0002249360148207733,-0.020202707317519466,0.004639485555586264,0.004975855654666073,0.004470721828262953,0.0040202087258757796,0.003579992971974471,0.0038293142799555664
2018-08-30,1.1709738969802856,1.3035939931869507,111.71199798583984,13.529999732971191,0.0015796090309269939,0.012990331613531693,0.004935493036032187,0.09938348545590657,0.004595428314952568,0.0049115883776478355,0.007582073304463692,0.004968230887221329,0.003725343092948808,0.0039659567966583275
2018-08-31,1.1664663553237915,1.301100730895996,110.9990005493164,12.859999656677246,-0.0038568234970335043,-0.001914437825976911,-0.006402915681105071,-0.050787730334117834,0.004681034956952479,0.004971127404305825,0.006172485253883144,0.004977475665869023,0.004046570496367754,0.0038877339604326522
2018-09-03,1.1601063013076782,1.292306900024414,111.14399719238281,12.859999656677246,-0.005467329671144762,-0.006781706408353465,0.0013054353738981026,0.0,0.0036453279133927346,0.005087394708936958,0.007526228910646975,0.0051564425906323805,0.004138331884596671,0.003890422277064106
2018-09-04,1.161548137664795,1.2869019508361816,111.08799743652344,13.15999984741211,0.0012420767865190061,-0.004191174435793179,-0.0005039756506544078,0.023060222189821785,0.0032554964282654458,0.004874443379071143,0.007748030896410545,0.004941066077932039,0.004102629308265737,0.003886524603504008
2018-09-05,1.1586545705795288,1.2858428955078125,111.46099853515625,13.90999984741211,-0.00249423774492734,-0.0008232883176840593,0.0033520838525648512,0.055426080663350606,0.0031159983178353544,0.0048847798179755325,0.007690014904252112,0.004939771390211855,0.004390557786991887,0.003859710722935468
2018-09-06,1.1635212898254395,1.2914891242980957,111.4489974975586,14.649999618530273,0.004191522661239412,0.004381459415809134,-0.00010767608292886164,0.05183231445848964,0.003935305188310303,0.0049603192076806855,0.004174055238382471,0.004960416451670318,0.0036432268407401215,0.0038550803118428205
2018-09-07,1.1620069742202759,1.2925406694412231,110.49500274658203,14.880000114440918,-0.0013023413584009917,0.0008138800904853903,-0.008596768782125648,0.01557772767168095,0.003673770941778712,0.004905107310497068,0.00434110255580808,0.004964107134732507,0.00455435248552901,0.004272677086418636
2018-09-10,1.1561094522476196,1.2930254936218262,110.91999816894531,14.15999984741211,-0.005088212679201238,0.0003750236162674015,0.0038389083173527294,-0.04959695960627505,0.0035544582733442586,0.005023572285160176,0.0030895862137202586,0.004839033233045201,0.004983214296169798,0.00427704172349957
2018-09-11,1.159595012664795,1.302643060684204,111.14800262451172,13.220000267028809,0.0030103695028976135,0.007410507831807646,0.0020534659191871673,-0.06869022286720176,0.003868849304035631,0.00478956335875058,0.0033923552656148688,0.004973753533227182,0.005100198777515086,0.004282565418157439
2018-09-12,1.1596084833145142,1.3015578985214233,111.60700225830078,13.140000343322754,1.1616617293630954e-05,-0.0008333936148457043,0.004121122070000981,-0.006069815437863327,0.0036770189042879676,0.004037983105982854,0.0033947812973197733,0.0047971155580828805,0.005232372572815965,0.004260864074012516
2018-09-13,1.1629259586334229,1.3045463562011719,111.22000122070312,12.369999885559082,0.0028567736307313144,0.0022934301144930725,-0.003473559493889532,-0.06038686203162,0.0033450422146523396,0.0040616083166644945,0.0032184832406111055,0.00480399716691627,0.00550139809427893,0.004340305913036929
2018-09-14,1.1691803932189941,1.311131477355957,112.01200103759766,12.069999694824219,0.005363777321440594,0.005035127019650232,0.007095784941133812,-0.024551167327293844,0.004009628684259485,0.003945170237391057,0.003375481076793117,0.004766713782708633,0.003910459832463284,0.004457033758556392
2018-09-17,1.1628988981246948,1.307326316833496,111.9530029296875,13.680000305175781,-0.0053870469228903305,-0.0029064155316920505,-0.0005268511439712687,0.12521192467696163,0.004127851856363145,0.0041916706250618415,0.0041974105875916415,0.004805050596415645,0.004083726265088619,0.0042321376429197925
2018-09-18,1.1669156551361084,1.3146305084228516,111.69000244140625,12.789999961853027,0.0034481379521063144,0.005571571899250875,-0.0023519681206453993,-0.06727132189438634,0.004180918164866463,0.004212940971265929,0.0036747191490240695,0.004889186854767959,0.00448542154508842,0.0042086939984367225
2018-09-19,1.167992353439331,1.3168463706970215,112.2770004272461,11.75,0.000922261926881197,0.0016841210466130463,0.0052418376135109105,-0.08481037201802095,0.0041325692182732875,0.004083413805804629,0.0033787531064558025,0.004883872000670982,0.0047047140870467245,0.00417736831141636
2018-09-20,1.167460560798645,1.3141123056411743,112.31700134277344,11.800000190734863,-0.00045540858189432155,-0.002078380070825895,0.000356206449282354,0.004246307045422489,0.0041142709417084835,0.004006355552320034,0.003915434132867878,0.004892338654172446,0.004015481025469898,0.003993823908074511
2018-09-21,1.1775927543640137,1.327087163925171,112.49500274658203,11.680000305175781,0.008641386999915996,0.00982505320560863,0.0015835581531939624,-0.010221544107446278,0.005156588037073241,0.004111900914490803,0.0053365451990572445,0.005034682001953091,0.002838042413733074,0.003992970452450185
2018-09-24,1.1751019954681396,1.30804443359375,112.52400207519531,12.199999809265137,-0.0021173676071735976,-0.01445321504484555,0.00025775004024033293,0.043557932577061545,0.004192548312325036,0.00415797754092516,0.009267754893993195,0.0060486196570435635,0.0027628470225773403,0.003932303687365848
2018-09-25,1.175295352935791,1.311733365058899,112.78600311279297,12.420000076293945,0.00016453172755568672,0.0028162189214286483,0.0023256948174393607,0.017872146542956775,0.004183356516646378,0.004051723451958002,0.00893784994637495,0.0057964858918414085,0.0020319610984464243,0.003698540861728801
2018-09-26,1.1763184070587158,1.3179919719696045,112.96900177001953,12.890000343322754,0.0008700869206251829,0.004759902974791833,0.0016212149750868782,0.037143760937747294,0.004185007766778334,0.0036057469846874383,0.009222029207511438,0.00581895254076349,0.0008926615530998815,0.003692368435766853
2018-09-27,1.1748534440994263,1.3172800540924072,112.7040023803711,12.40999984741211,-0.0012461557398680272,-0.00054029935997145,-0.0023485264659645474,-0.03794925666495328,0.004287317178983237,0.0035768342264516887,0.00915351596874711,0.005816708905282486,0.0018547619050630097,0.00372571681045981
2018-09-28,1.1637378931045532,1.3078734874725342,113.35700225830078,12.119999885559082,-0.009506265183163212,-0.007166519390368579,0.005777216598637655,-0.02364561572210813,0.004158578487779095,0.0041348433777719,0.0078834639719947,0.006036216224901468,0.0029724498024563052,0.0038813196192952356
2018-10-01,1.1605371236801147,1.3039000034332275,113.7959976196289,12.0,-0.0027542106030115305,-0.003042750160987221,0.0038652001787763445,-0.00995032141084811,0.004158772619417663,0.004148737525429711,0.004729769134545815,0.005423451233721278,0.003024799893989953,0.0038346083123167824
2018-10-02,1.157755732536316,1.3043591976165771,113.94599914550781,12.050000190734863,-0.0023995177924754293,0.0003521077873771883,0.0013172936893550706,0.004158025977282852,0.0038989024194492857,0.004102407215268261,0.004396973276000148,0.005406641960796301,0.003051834837848381,0.00347676082966922
2018-10-03,1.1551746129989624,1.2981956005096436,113.5770034790039,11.609999656677246,-0.002231905179333874,-0.004736583171918993,-0.003243592830273199,-0.03719790962678013,0.003333501915362445,0.003965585269779656,0.003068411347981013,0.005298948014308341,0.0038834755930978074,0.0036026291921828295
2018-10-04,1.147631287574768,1.294062852859497,114.48600006103516,14.220000267028809,-0.0065514443949888455,-0.0031885332623041744,0.007971493678590904,0.20278267701498873,0.003228668307806143,0.004173856816841451,0.002743236661970947,0.005263515745840116,0.004327142327084059,0.003878503434962868
2018-10-05,1.1518083810806274,1.3024225234985352,113.89399719238281,14.819999694824219,0.003633144332951674,0.006439242524126277,-0.0051843786824452695,0.041328156122290675,0.003647317991957194,0.0042416805388914135,0.004471002672118081,0.005418317671895944,0.0053186318215943384,0.004091859609414252
2018-10-08,1.1522595882415771,1.31271493434906,113.71499633789062,15.6899995803833,0.0003916613335415117,0.007871451622948668,-0.0015728806548384404,0.05704594072494537,0.003767163286537674,0.004127203419300906,0.0056362722201867685,0.005583417929845001,0.005124724314585597,0.004122243067793972
2018-10-09,1.1494120359420776,1.309311866760254,113.09700012207031,15.949999809265137,-0.0024743353677267104,-0.0025957549313932876,-0.005449427321421066,0.016435277271826917,0.0037721143846471163,0.004146355298228915,0.0059137752698074355,0.005628438490579267,0.005521031436373426,0.0038199543943259456
2018-10-10,1.1506949663162231,1.3157029151916504,112.99800109863281,22.959999084472656,0.001115539847432275,0.004869352434352096,-0.0008757294874267263,0.3642947143039256,0.0038930067045838328,0.004028404714397742,0.0051997501752261005,0.005701504450072233,0.005434503241279984,0.003788632114824208
2018-10-11,1.1533360481262207,1.3206725120544434,112.09200286865234,24.979999542236328,0.0022925758813270494,0.003770026603606841,-0.008050140892594352,0.0843219547957439,0.002294465629542642,0.004003883646684896,0.004038117692951967,0.005551058671114158,0.0029708025487895314,0.004222528607871277
2018-10-12,1.1590440273284912,1.3234164714813232,112.08000183105469,21.309999465942383,0.004936896711930574,0.002075543167434769,-0.0001070699048723912,-0.15889906532306058,0.0027067341999067887,0.004153863608833778,0.003866176694633219,0.005549315495049036,0.0033984977133530323,0.004139764981852072
2018-10-15,1.1551345586776733,1.3103927373886108,112.19200134277344,21.299999237060547,-0.00337871276967803,-0.009889737039113432,0.0009987829015155724,-0.00046938415253863173,0.0034339969693245663,0.004160800392103968,0.006044613967611114,0.005979884212401594,0.0038702567294629,0.004060225477219272
2018-10-16,1.1583458185195923,1.315477967262268,111.84100341796875,17.6200008392334,0.00277613066095182,0.0038731809771402736,-0.003133450916032244,-0.1896723687590015,0.0030824843229415658,0.004027338234006043,0.006136470358901048,0.00594017520659141,0.0035866461141305555,0.003835907554172092
2018-10-17,1.1575279235839844,1.318721890449524,112.34200286865234,17.399999618530273,-0.0007063381347118181,0.0024629299235351706,0.004469565227278331,-0.012564483840687984,0.0032496069099866676,0.003873308420468492,0.0058383394964133545,0.005918864726645243,0.004712469111513113,0.003953639492155679
2018-10-18,1.1500862836837769,1.3104442358016968,112.62799835205078,20.059999465942383,-0.006449661883067655,-0.006296811689301847,0.002542522433327408,0.14225757161384167,0.004582581718355145,0.004000850463736653,0.006138859276921567,0.005965220612793076,0.0028599708130607397,0.003943390716524307
2018-10-19,1.1460003852844238,1.3024225234985352,112.18499755859375,19.889999389648438,-0.0035590143590289915,-0.006140181069209424,-0.003941065462456976,-0.008510693731250043,0.003473781749009371,0.004030407745514462,0.006022585322443561,0.006083056811944003,0.0036267809666542857,0.0038899180622828764
2018-10-22,1.1509466171264648,1.3065404891967773,112.4800033569336,19.639999389648438,0.004306794612387999,0.003156786123784351,0.0026261853576528722,-0.012648790330171394,0.004426641000891131,0.0041785587048695704,0.005163597931583121,0.006120678300611658,0.003787288778882012,0.003930743471903853
2018-10-23,1.1467890739440918,1.2965964078903198,112.75700378417969,20.709999084472656,-0.003618821551799291,-0.007640112733450707,0.002459636366261474,0.05304835935111799,0.004071230554753788,0.00366696337762155,0.005242878124699077,0.005877788740225903,0.003225417440326439,0.003951234867606355
2018-10-24,1.147315263748169,1.2981280088424683,112.44400024414062,25.229999542236328,0.00045873224217338594,0.0011805501348458956,-0.002779772167901608,0.19741711330886696,0.004195610812349562,0.0036775517454865026,0.004937962984408063,0.0050706444920694226,0.00325981201821919,0.003998458545316441
2018-10-25,1.1399258375167847,1.2888258695602417,112.01200103759766,24.219999313354492,-0.006461454314165988,-0.007191608208769381,-0.0038493044293060365,-0.04085503473474618,0.004198899389066479,0.0038379379207450657,0.005094350215344305,0.0052201629524704606,0.0033543770491795233,0.004041551482553659
2018-10-26,1.1377859115600586,1.2824623584747314,112.3499984741211,24.15999984741211,-0.0018790143987378028,-0.004949677759129004,0.003012967373737814,-0.002480343023704325,0.0040861297425427365,0.003805501427191301,0.00495593193639636,0.0051374369800678684,0.0033217803927381656,0.004083939286585408
2018-10-29,1.1398738622665405,1.2831040620803833,111.90799713134766,24.700000762939453,0.0018334180682723267,0.000500243231975817,-0.003941905517534046,0.022104907771277688,0.003288544301530748,0.0038718785600325334,0.00420438522094043,0.005148983105026976,0.003464534169376824,0.004136720075928347
2018-10-30,1.137617588043213,1.2802459001541138,112.3239974975586,23.350000381469727,-0.0019813685457873696,-0.002230021770610809,0.0037104503678972497,-0.05620627407022853,0.003157672832350795,0.00342595242242206,0.0035575850851903277,0.004981182207697228,0.0038068215420111124,0.0040132331179766655
2018-10-31,1.1346358060836792,1.2708903551101685,113.052001953125,21.229999542236328,-0.002624516859612044,-0.007334447122564226,0.006460377230648291,-0.0951817462988885,0.0029477512322104546,0.0034229578517433598,0.003365306406537271,0.005147465122714569,0.004720213378053763,0.004179754005996577
2018-11-01,1.1316697597503662,1.276943564414978,112.85099792480469,19.34000015258789,-0.0026175181948033402,0.004751660339921954,-0.0017795609750601994,-0.09323975623814611,0.0018701441445828193,0.0034274361097787528,0.004715323729907717,0.005292648066581706,0.004247060024166252,0.004174903261318971
2018-11-02,1.1403288841247559,1.3003731966018677,112.71499633789062,19.510000228881836,0.0076225100963029264,0.018181915385056136,-0.0012058697397082682,0.008751668451628822,0.004419631216401192,0.003878000996441426,0.009665737217088336,0.006607300531908714,0.004288340204805261,0.004132101122853721
2018-11-05,1.1397570371627808,1.3005592823028564,113.13899993896484,19.959999084472656,-0.0005016012498704805,0.00014309152799278093,0.003754674313338567,0.022803058648679837,0.004359400030622073,0.0036423252425136572,0.009688033972753538,0.006566967869925722,0.0035456107593637093,0.0038134068547674995
2018-11-06,1.141291856765747,1.3058068752288818,113.24600219726562,19.90999984741211,0.0013457141043092423,0.004026755796813193,0.0009453123242203848,-0.002508114602990564,0.004237484727374705,0.0035559397528579445,0.009287453811989749,0.006477841468283571,0.0034634780651936524,0.003679328892890859
2018-11-07,1.1438506841659546,1.3112518787384033,113.36299896240234,16.360000610351562,0.0022395351045813323,0.004161168608154798,0.0010325871870359375,-0.1963827419300698,0.0038388445676658086,0.0035975297172913144,0.006914042709693104,0.0063125581714612855,0.00218912259411889,0.0036769672830853166
2018-11-08,1.1434059143066406,1.3128528594970703,113.5469970703125,16.719999313354492,-0.0003889112093649832,0.0012202111706769755,0.0016217720810510026,0.021766198107086673,0.0033182398703975485,0.00356575288479343,0.00727660782110716,0.006291688154289141,0.0017734814326487416,0.0034954111087479077
2018-11-09,1.1368415355682373,1.3066771030426025,113.9530029296875,17.360000610351562,-0.005757617992678804,-0.0047151725575475655,0.0035692860695483507,0.03756317780146399,0.003102548804034959,0.0037384193526688887,0.003626115154403804,0.006279187380038527,0.001374975591751593,0.0035593340859647583
2018-11-12,1.132502794265747,1.2938451766967773,113.84600067138672,20.450000762939453,-0.0038237886881901163,-0.009868810270197452,-0.000939444549615229,0.1638141754056591,0.0034130419105401046,0.00374433896736093,0.0061091609729752696,0.006525342414822286,0.0016163994522541414,0.003042439818045796
2018-11-13,1.1233429908752441,1.2857933044433594,113.69599914550781,20.020000457763672,-0.00812099283730819,-0.006242656450687665,-0.0013184515186538048,-0.021251123043970206,0.004142253640183159,0.0038210564356829587,0.0056940771693587905,0.006583459028218036,0.0019944686662947885,0.003068699692331215
2018-11-14,1.1311193704605103,1.3014055490493774,113.78900146484375,21.25,0.006898682860815119,0.012068986573396707,0.0008176567621417414,0.05962509861803324,0.0058397376434097354,0.004181684328791098,0.00857880783079758,0.006878849110437298,0.001990329895887779,0.003067964221335819
2018-11-15,1.131183385848999,1.2986170053482056,113.56400299072266,19.979999542236328,5.659312249631377e-05,-0.002145015831228938,-0.0019792880953039636,-0.061625145061113364,0.005878285138670223,0.004105641822730454,0.008442228993883034,0.006823900263612079,0.002232841907092182,0.0030096353118377727
2018-11-16,1.1324899196624756,1.276650071144104,113.55500030517578,18.139999389648438,0.0011543485143173634,-0.01706034080992703,-7.927725483951475e-05,-0.09661233926904589,0.0056248943811858,0.004132750756263482,0.010834995973881255,0.007630283933309975,0.0010914408472654396,0.0028919175315767426
2018-11-19,1.141396164894104,1.2833181619644165,112.7300033569336,20.100000381469727,0.007833541738013036,0.005209522379674578,-0.007291694900059034,0.10260042300335659,0.006403225163505652,0.004351027320081285,0.011113938116019828,0.007678148158408334,0.0031658687907724584,0.0032916680074005886
2018-11-20,1.1455016136169434,1.2859750986099243,112.44300079345703,22.479999542236328,0.0035904124545615974,0.0020682244673093414,-0.002549175199561554,0.11190617061871413,0.003423114333246632,0.004366490399507123,0.010871171012920837,0.007613130914425078,0.0031503322747506576,0.0032241671518291972
2018-11-21,1.1372424364089966,1.2789195775985718,112.7030029296875,20.799999237060547,-0.007236214894346958,-0.005501620688806842,0.002309632394184891,-0.07767305463484726,0.005525504860611752,0.004512902709251081,0.008610824764451127,0.007634653120563716,0.0035543111930535737,0.003213064361299838
2018-11-22,1.1388354301452637,1.277726650238037,113.02100372314453,20.799999237060547,0.001399771088484465,-0.0009331971190370978,0.0028176090665270877,0.0,0.005495898267267534,0.004476795782645415,0.008674815597178467,0.007488179039882046,0.004133773302429675,0.003226514148503952
2018-11-23,1.1403158903121948,1.287597894668579,112.97799682617188,21.520000457763672,0.00129913302540532,0.0076959409840443565,-0.0003805936963195462,0.034029806537639325,0.005495001773724809,0.004487297642038599,0.00517688154957501,0.007690801437358105,0.004119923017581223,0.0031642668803099367
2018-11-26,1.1337354183197021,1.2812299728393555,112.91899871826172,18.899999618530273,-0.005787459882789436,-0.004957852531538147,-0.0005223452318115412,-0.12982085468311647,0.004830252299497802,0.004445175231739855,0.005447330613106988,0.007610785566102698,0.002215180728101741,0.0030377303759985207
2018-11-27,1.1333370208740234,1.2812299728393555,113.50399780273438,19.020000457763672,-0.0003514642433935953,0.0,0.005167323064736909,0.006329179302721625,0.004087533864323096,0.0044303831543023985,0.005296539786396788,0.007538637299871143,0.0023849381613703603,0.003159390633796508
2018-11-28,1.1298797130584717,1.2743724584579468,113.76699829101562,18.489999771118164,-0.0030552182237152223,-0.0053666648271092285,0.0023144229593711606,-0.02826104816438351,0.0030887723764125375,0.0044472552790843205,0.005266462558014727,0.007621790810711069,0.0023851557027311713,0.003022481873325411
2018-11-29,1.1368545293807983,1.2824130058288574,113.55500030517578,18.790000915527344,0.006154085648589298,0.006289596049062925,-0.0018651784570682538,0.016094829129201856,0.00452512240559881,0.004643435207761711,0.006113250080152453,0.007735203882705107,0.0028067200199122723,0.0029959709449495914
2018-11-30,1.1392766237258911,1.2784454822540283,113.41100311279297,18.06999969482422,0.0021282563230342836,-0.003098591169898396,-0.0012688879350638347,-0.03907177443394828,0.004614882083123741,0.004627535754325225,0.004805316813972402,0.007593359462956937,0.002936535222216379,0.002701935798539052
2018-12-03,1.1342240571975708,1.2753475904464722,113.76300048828125,16.440000534057617,-0.004444753317076851,-0.0024261114654840874,0.003098925507358697,-0.09453566560231473,0.004230213548888655,0.00469613080010068,0.004461281595005943,0.007545654010074385,0.0029857872596107246,0.0027365096138938986
2018-12-04,1.135486125946045,1.2725884914398193,113.58699798583984,20.739999771118164,0.0011120969434071908,-0.0021657529831514985,-0.0015482959206720255,0.232346769652323,0.004242976369131094,0.004395172656338971,0.004454716674503916,0.006357037353048939,0.002363218795943857,0.00274682945589261
2018-12-05,1.1342884302139282,1.2720541954040527,112.6989974975586,20.739999771118164,-0.001055343439309746,-0.0004199379711585865,-0.00784851969939583,0.0,0.003920312692027397,0.004398605645177111,0.00384870353782841,0.006353425652514461,0.00390180815765435,0.003146862596226816
2018-12-06,1.13490629196167,1.2727665901184082,113.0510025024414,21.190000534057617,0.0005445647806004922,0.0005598781155965723,0.0031185407766305753,0.02146520571788001,0.0025663203040493013,0.004388342254989219,0.0015219662187600977,0.006264997783669186,0.0044993841587798325,0.003217100680801595
2018-12-07,1.1374752521514893,1.2778573036193848,112.68900299072266,23.229999542236328,0.00226102987934065,0.003991745135850627,-0.0032072279012409976,0.0919151295931136,0.002598766396675738,0.00438892645568753,0.002596054240916348,0.006258239571459841,0.004622060002160567,0.003273873435236747
2018-12-10,1.1400948762893677,1.2721028327941895,112.50199890136719,22.639999389648438,0.002300368502689518,-0.004513388669537767,-0.0016608490638661759,-0.025726300700615795,0.0013892698508528231,0.0044223154309909075,0.003169664694648975,0.006273214554210808,0.003934408373591836,0.0032582651334537795
2018-12-11,1.1356538534164429,1.2561235427856445,113.18099975585938,21.760000228881836,-0.003902916391754538,-0.012640879742682923,0.0060173155027862975,-0.03964479386978198,0.0026001271625055323,0.0043266039810931035,0.006377084449401605,0.00668474623884318,0.005431690206320497,0.003437854042113666
2018-12-12,1.1323105096817017,1.2492972612380981,113.38400268554688,21.459999084472656,-0.0029483233608125887,-0.005449223083185821,0.001792006548452391,-0.01388273796569548,0.0029161906268954053,0.004294121924763526,0.006342910480924086,0.006494203537878903,0.00370287723899318,0.0034632302541895174
2018-12-13,1.1373459100723267,1.2628655433654785,113.28500366210938,20.649999618530273,0.004437154988177638,0.010802177342283814,-0.0008735118340841162,-0.03847539360658179,0.003643331977702033,0.003988031591799118,0.009086800056651386,0.006916062135043405,0.00361842584963317,0.0034575895100617047
2018-12-14,1.1363636255264282,1.2655024528503418,113.55999755859375,21.6299991607666,-0.0008640370211149319,0.0020858596888330225,0.0024245103900150007,0.046365900231525356,0.0035164174352478646,0.003736247454082348,0.00883199276844869,0.006333212701512694,0.003039847614974427,0.003496084628219441
2018-12-17,1.1305949687957764,1.2585581541061401,113.38999938964844,24.520000457763672,-0.005089346754260064,-0.005502495658276633,-0.0014981115049631658,0.12540792857154523,0.0037502938483608625,0.0039036548937632864,0.008914645956850523,0.006395408852579185,0.002997587303702971,0.0034852008097973597
2018-12-18,1.1349835395812988,1.2615749835968018,112.8290023803711,25.579999923706055,0.003874133037778065,0.002394183772750414,-0.0049597792838244,0.04232166343113233,0.004182348420362507,0.003984958325496286,0.006763704661103447,0.005397597297295649,0.002947702795629522,0.003637825190254328
2018-12-19,1.1375399827957153,1.2655024528503418,112.52400207519531,25.579999923706055,0.0022498726790910906,0.003108311885526167,-0.0027068686494260293,0.0,0.003942108159597626,0.0036310474245050766,0.005776866007129623,0.005308878207647986,0.002702697222769473,0.003336560653269199
2018-12-20,1.1389521360397339,1.262785792350769,112.41000366210938,28.3799991607666,0.0012406398541556292,-0.002149012518844213,-0.00101361661588349,0.1038738489924653,0.0034590352521340845,0.0035493047411207356,0.003695924951092017,0.005282678730727227,0.0026949985732260995,0.003298359273457941
2018-12-21,1.1456853151321411,1.2669775485992432,111.1709976196289,30.110000610351562,0.005894325669240089,0.003313954326776912,-0.011083399026056607,0.059172720603768734,0.004150481711378124,0.0034221742321653265,0.0039051346771813373,0.005245433260006032,0.004111794718057492,0.004008676914449523
2018-12-24,1.1372811794281006,1.2648941278457642,111.05400085449219,36.06999969482422,-0.007362502855146589,-0.001645755780681415,-0.0010529578287752257,0.18060412369042553,0.005089348598249271,0.00378333375018323,0.002676720077866312,0.005250908470708181,0.0041904079723297195,0.003934779346320309
2018-12-25,1.140393853187561,1.2710840702056885,110.31099700927734,36.06999969482422,0.002733204388363113,0.004881709675131446,-0.0067129550073002,0.0,0.004962308240626038,0.003820079319615871,0.003182927606232688,0.005074089060241323,0.0043442383436131885,0.004129576356463944
2018-12-26,1.1415525674819946,1.2688745260238647,110.4020004272461,30.40999984741211,0.001015549167608685,-0.0017398273676279895,0.000824631301125898,-0.1706899897832085,0.00491199206625168,0.0035979082123181903,0.003307222847826085,0.004987728940566909,0.004955560075251043,0.004148272402566161
2018-12-27,1.1361312866210938,1.2648781538009644,111.20600128173828,29.959999084472656,-0.004760354329909309,-0.003154511147589967,0.007256095230353291,-0.01490836858088965,0.005451659915286407,0.0037559591005941347,0.0035338241453490462,0.005019703855016495,0.007056073055532581,0.004317204626274237
2018-12-28,1.143105387687683,1.2646220922470093,110.8550033569336,28.34000015258789,0.006119700433588459,-0.00020246019365273427,-0.0031612773948224183,-0.05558888844397321,0.005518229666795682,0.0038943667237379587,0.0031171293980470963,0.004904827032185183,0.005193183598298903,0.0042789403661285235
2018-12-31,1.1439945697784424,1.269357681274414,110.33000183105469,25.420000076293945,0.0007775629855240129,0.003737673512616556,-0.004747179957997935,-0.10873797088407904,0.0039461960267275775,0.003687778305848375,0.003476294806847253,0.004768633796789892,0.00553100302394658,0.0043445736219827205
2019-01-01,1.1493064165115356,1.2738043069839478,109.62999725341797,25.420000076293945,0.0046324981013964464,0.0034969304050372087,-0.006364856735126795,0.0,0.0042156429109637735,0.0037847692975434967,0.0030944956496123848,0.0048023926668149105,0.005447524672389528,0.004476154703064379
2019-01-02,1.14617121219635,1.2754288911819458,109.66799926757812,23.219999313354492,-0.002731637394770495,0.0012745671279488907,0.000346578766276228,-0.09052232206419498,0.004646974162579716,0.0036969846302101813,0.0028507080374794223,0.0047842103475867785,0.0054063005042018575,0.004377668116762171
2019-01-03,1.1318106651306152,1.2521913051605225,107.44100189208984,25.450000762939453,-0.012608298115566716,-0.018387446632091863,-0.0205157360968823,0.09170182627605743,0.00746731068246326,0.004625327992001795,0.009295673508580089,0.00618062523491783,0.008012483549654005,0.005941684917721373
2019-01-04,1.1391078233718872,1.2628813982009888,107.80799865722656,21.3799991607666,0.006426636088957116,0.008500873475822986,0.0034099774662673453,-0.1742599066308067,0.007538945263392125,0.004826096934646621,0.010461917165287164,0.00648726849199759,0.009224013051436806,0.005946497790682048
2019-01-07,1.1410444974899292,1.2734960317611694,108.52200317382812,21.399999618530273,0.0016987238668561887,0.00836996529241277,0.006601091880462514,0.0009350378584183692,0.007595145691293152,0.004836365958521637,0.011092266954570778,0.006746732436550098,0.010748578575725214,0.00613313528456705
2019-01-08,1.1479737758636475,1.278608798980713,108.61599731445312,20.469999313354492,0.006054385516065666,0.004006711634940346,0.0008657549234550208,-0.044430538072911516,0.007858191811977201,0.004977225699685261,0.01112725339638876,0.00674715209460016,0.010720283877062683,0.00615192743615615
2019-01-09,1.1456066370010376,1.2737879753112793,108.7760009765625,19.979999542236328,-0.0020641436330749562,-0.003777492159940696,0.0014720292582935885,-0.024228615819893468,0.007810637274857889,0.004985582624776549,0.011296139538216133,0.006725361069335956,0.010789747396014642,0.006188381570882904
2019-01-10,1.1554949283599854,1.279967188835144,108.18900299072266,19.5,0.008594450913368567,0.004839324982988025,-0.005411005529287016,-0.024317284739611384,0.004277467609858956,0.005200869589443811,0.004994900224571023,0.006162384635518238,0.0044093932668088556,0.006001428087368418
2019-01-11,1.151012897491455,1.2753963470458984,108.2979965209961,18.190000534057617,-0.0038864264493645136,-0.0035774531489794446,0.00100692918954366,-0.06954244367971371,0.005271417068449798,0.00523667804068915,0.005411761589468899,0.006083623025034157,0.0042623591256843694,0.005979787759051762
2019-01-14,1.146013617515564,1.2849836349487305,108.45800018310547,19.06999969482422,-0.00435283427225836,0.00748899208617463,0.0014763484619053496,0.04724438171941504,0.006021955251042811,0.005276706787259129,0.005159870283689155,0.005864933624301427,0.002971501599509456,0.006023306537844308
2019-01-15,1.1472889184951782,1.2874983549118042,108.25,18.600000381469727,0.0011121961372727578,0.0019550929989054344,-0.0019196360706863946,-0.0249548023811221,0.00532312193595327,0.005271961973524164,0.005019794583942979,0.005863623047269402,0.0030019072245257143,0.005942731395780059
2019-01-16,1.1416828632354736,1.2872166633605957,108.64399719238281,19.040000915527344,-0.004898327287011697,-0.0002188137718802595,0.0036330892588824918,0.02338047621935703,0.005718224867416653,0.005262579429521789,0.004306288239714894,0.0056998244909680015,0.0035022114304467614,0.0060699644024637955
2019-01-17,1.1398088932037354,1.2885768413543701,109.03700256347656,18.059999465942383,-0.0016427589079669254,0.001056123573347561,0.00361084153913815,-0.052842559030095146,0.0024807788540559994,0.005222618128357771,0.00402741454406864,0.005691634261120732,0.002287159303119916,0.006141767641879516
2019-01-18,1.13926362991333,1.2983977794647217,109.15299987792969,17.799999237060547,-0.0004784957874557275,0.0075926413898484745,0.001063268931513712,-0.014501103981270722,0.0025520064820122243,0.005203805763879421,0.003702115485872838,0.005850225558583934,0.002283880451159871,0.006160634490313595
2019-01-21,1.1365574598312378,1.2853471040725708,109.66100311279297,17.799999237060547,-0.0023781934087444396,-0.010102225235644764,0.004643250803172593,0.0,0.002240750135647013,0.005222164042369928,0.006416245509985548,0.00629377404461304,0.0026588090440287046,0.006293387744718751
2019-01-22,1.136932134628296,1.2891747951507568,109.66999816894531,20.799999237060547,0.0003296032683529126,0.0029735182284916298,8.202266077143573e-05,0.15575453559121874,0.002014901879314798,0.005050149460487093,0.006507103768676428,0.006287727023552258,0.001934262730008058,0.005889341042327546
2019-01-23,1.1364023685455322,1.2957731485366821,109.3550033569336,19.520000457763672,-0.00046606963613473793,0.005105222898799019,-0.0028763385639847205,-0.06351334559153629,0.001073654688401132,0.0048019910391561,0.006836387884131608,0.006327828304687006,0.0029790318281610957,0.0059085541680889905
2019-01-24,1.1388224363327026,1.308215618133545,109.49199676513672,18.889999389648438,0.002127322710837133,0.009556542217805658,0.0012519561704776897,-0.032806955233365374,0.0016268212823148305,0.004787072412252091,0.007748845262040812,0.0065360626628481865,0.00269581706732208,0.005764895823424232
2019-01-25,1.1313496828079224,1.3121638298034668,109.59700012207031,17.420000076293945,-0.006583448410776002,0.0030134678859851053,0.0009585453077545351,-0.08101367339855636,0.0033215428633107933,0.004975991994527851,0.007333531072399118,0.006508993919118624,0.0026939853326813173,0.005766253222717259
2019-01-28,1.1413049697875977,1.3208470344543457,109.4000015258789,18.8700008392334,0.008760988515929479,0.006595670566667043,-0.0017990990547393489,0.07995442805090369,0.005510738791214568,0.005240818842176831,0.0027552116873042426,0.006507146883553743,0.0017935548980836644,0.005516544573198634
2019-01-29,1.143000841140747,1.3160146474838257,109.25399780273438,19.1299991607666,0.0014848026534814308,-0.003665260421910348,-0.0013354774693592748,0.013684335727209264,0.0055085374641507,0.005082564310628205,0.004962113637056562,0.0066033191576239,0.0017952127766106274,0.005492130903691754
2019-01-30,1.1435366868972778,1.30804443359375,109.41699981689453,17.65999984741211,0.0004686962359195961,-0.006074740052601002,0.0014908428289566117,-0.07995555304664195,0.0054592378475362404,0.005080728420352745,0.00664227501162835,0.006795551868740084,0.0015544153270931472,0.005431835310872237
2019-01-31,1.1487650871276855,1.3117163181304932,108.98100280761719,16.56999969482422,0.004561711164055767,0.0028032231102147484,-0.003992688424288067,-0.06370837351439929,0.0056616573438175955,0.005077664409854148,0.005228532696638938,0.006786790469924682,0.0022207393750732296,0.005329915098662354
2019-02-01,1.1449507474899292,1.3109424114227295,108.84400177001953,16.139999389648438,-0.0033259073301630383,-0.0005901696027055514,-0.0012579001747588942,-0.026293187995383722,0.004541151038840559,0.005094322261274543,0.005046592308427811,0.006799189579794337,0.001953228580098531,0.0053320550263577455
2019-02-04,1.1455278396606445,1.3077365159988403,109.43800354003906,15.729999542236328,0.0005039053289246995,-0.00244848422763887,0.0054425305047547685,-0.02573093705684819,0.0028205117812011484,0.0042523618650261285,0.003340516058256944,0.005288634625522244,0.0035751573371951267,0.003031122697691953
2019-02-05,1.1436283588409424,1.3031013011932373,109.96099853515625,15.569999694824219,-0.0016595470915367278,-0.0035507526703384066,0.00476753294939615,-0.010223721723207995,0.0029596584480281684,0.004065360374456966,0.0033265666978572863,0.005203734994874686,0.003992983693851572,0.0030990522237670827
2019-02-06,1.140992522239685,1.2957228422164917,109.94100189208984,15.380000114440918,-0.0023074618573273305,-0.005678320959848307,-0.00018186867861748432,-0.012277994727274122,0.0031309380702229297,0.004083776880959211,0.003206915960394527,0.0051727831755646195,0.004041730894140821,0.0028305073669095075
2019-02-07,1.1365960836410522,1.2934435606002808,109.9739990234375,16.3700008392334,-0.003860612972666276,-0.0017606301414318265,0.0003000898661565472,0.062382471131200955,0.0017040753729542272,0.003927686141754001,0.0019323175020639037,0.005147895992145221,0.0030660062311118515,0.0028304571037729496
2019-02-08,1.1338768005371094,1.2949174642562866,109.75599670410156,15.720000267028809,-0.002395346293797252,0.0011388703516697339,-0.001984275202330665,-0.04051663866196492,0.0015876379519999938,0.003934784983876132,0.0024994224190571877,0.005058188647281143,0.0032590830089366477,0.002873299478134863
2019-02-11,1.1324259042739868,1.293677806854248,109.80999755859375,15.970000267028809,-0.001280408356981286,-0.0009577839460963055,0.0004918872411215959,0.01577817495994682,0.0009867122442401306,0.0033752360887988955,0.002588441897941896,0.0049853677312838894,0.0024864037737091903,0.0025629132695465175
2019-02-12,1.1279042959213257,1.2864052057266235,110.4000015258789,15.430000305175781,-0.004000844109966494,-0.005637508834666579,0.0053585702877448895,-0.03439829279442298,0.0011486512091371385,0.0033801146401875415,0.003003368831273333,0.005083669221019182,0.002731373854706803,0.00275071643588836
2019-02-13,1.1334655284881592,1.2892080545425415,110.51499938964844,15.649999618530273,0.004918473500405294,0.002176452471002454,0.0010411051642498907,0.014157206457949906,0.0036646301982459872,0.003507539735514851,0.0030311349197555447,0.004851300719032243,0.002676012647977622,0.0027477399414772494
2019-02-14,1.12649405002594,1.2856775522232056,110.9229965209961,16.219999313354492,-0.0061695798826221495,-0.0027422612659033356,0.003684982709094463,0.0357741137429045,0.00417427229281943,0.0036870937395591945,0.003122473781003328,0.004871362951636552,0.0028631779877030593,0.0027381349434922545
2019-02-15,1.1295350790023804,1.2798361778259277,110.53800201416016,14.90999984741211,0.002695914497866886,-0.004553773712583978,-0.003476864072851825,-0.08421288781128672,0.0045887250566691564,0.003643447604281874,0.0030921267995884147,0.004964688629145972,0.003377377492279798,0.0028435646290932174
2019-02-18,1.1298030614852905,1.290555715560913,110.56400299072266,14.90999984741211,0.00023722211329471452,0.00834082920079635,0.0002351943998135612,0.0,0.004596485093046071,0.003637071856122002,0.005770118506258759,0.0052890755813208715,0.0033969057594864295,0.0027740804632732244
2019-02-19,1.131196141242981,1.2924071550369263,110.59100341796875,14.880000114440918,0.0012322692836783213,0.0014335783252403826,0.00024417649700720116,-0.0020140814468496415,0.004165308694164559,0.003653582201395914,0.005007117349713717,0.005028502585700065,0.0025626603341215716,0.002773515323718106
2019-02-20,1.1343011856079102,1.3061310052871704,110.5719985961914,14.020000457763672,0.0027411608677647453,0.010562844957425599,-0.00017186257783658961,-0.059533122838663,0.003684825837034526,0.003679390199951461,0.0066603388284596525,0.005022795895604178,0.002537665385205357,0.002624837403890949
2019-02-21,1.1346358060836792,1.30451238155365,110.76499938964844,14.460000038146973,0.00029495792912739876,-0.0012400191838421119,0.0017439546404714914,0.030901305111517216,0.0012319992293155133,0.003679209320602984,0.006386907143051204,0.00501346378077431,0.0019279576768793298,0.0026398446002287817
2019-02-22,1.1343011856079102,1.3041380643844604,110.70800018310547,13.510000228881836,-0.0002949579291274804,-0.0002869814714664372,-0.0005147282775905152,-0.06795605045495379,0.0011954922294288965,0.0036785614713680482,0.005339783781662347,0.004910272160392665,0.0008629147704640475,0.0025443637052158575
2019-02-25,1.1342240571975708,1.306557536125183,110.77200317382812,14.850000381469727,-6.799872349992361e-05,0.0018535078796036626,0.0005779573011935414,0.09456972202313732,0.0012410273716860723,0.003645341517451794,0.004698760862034445,0.0044734306860626715,0.0008693408859653275,0.002539675239271775
2019-02-26,1.1367511749267578,1.31271493434906,111.0459976196289,15.170000076293945,0.0022255802146592192,0.004701618205690627,0.0024704449969968523,0.0213199074528001,0.0014005587314828661,0.0033833142926570467,0.0047465443541454535,0.004542563495386152,0.001265062234889716,0.0025721203987947453
2019-02-27,1.1393154859542847,1.3258028030395508,110.55599975585938,14.699999809265137,0.00225328383968603,0.00992070346739004,-0.004422330738412936,-0.031472317580175824,0.001256778913235109,0.002841849938819168,0.004496875897786642,0.004818716317131972,0.0027063017909427023,0.0027435777198242064
2019-02-28,1.1380189657211304,1.3318239450454712,110.86199951171875,14.779999732971191,-0.0011386297452060565,0.004531224945285569,0.0027640024901680166,0.0054274166436240725,0.0015528812421028995,0.002828100809702573,0.003831159587015909,0.004824906611961563,0.0029045460577460775,0.0027537555648962215
2019-03-01,1.1373459100723267,1.3264886140823364,111.35700225830078,13.569999694824219,-0.0005916024068003128,-0.004014078862737686,0.004455096651220574,-0.08541344609538,0.0016003461685656743,0.00282522150223183,0.0050708393519430335,0.004708930352733717,0.0034149866074891337,0.0028663496495971003
2019-03-04,1.1375917196273804,1.3239772319793701,111.93800354003906,14.630000114440918,0.00021610223753054902,-0.0018950501537485917,0.0052039013664028876,0.07521277149660488,0.0015784277724619218,0.002617286809120392,0.0056053254861704385,0.004712520510388341,0.003817703633128184,0.002804215580382797
2019-03-05,1.1337354183197021,1.3178529739379883,111.7770004272461,14.739999771118164,-0.0033956403273073116,-0.004636383517967598,-0.001439359343221378,0.0074906483788717325,0.002054838714789163,0.002620982427487991,0.006266985641381356,0.004831398846239065,0.004110559297278585,0.0028120971939743036
2019-03-06,1.1307101249694824,1.3156682252883911,111.86599731445312,15.739999771118164,-0.0026719963826243357,-0.001659184783807601,0.0007958835537305893,0.06564035721459394,0.001488831097981087,0.002653350318433057,0.0036300328623517265,0.004813388845753193,0.002716704382189428,0.00264870896541367
2019-03-07,1.1314009428024292,1.3182177543640137,111.62300109863281,16.59000015258789,0.0006107727107340299,0.001935945512901418,-0.002174570679555479,0.052594884952091095,0.0017773843444401003,0.0026539947197115506,0.0025793130274797296,0.00474742286608839,0.003354202422908148,0.002591067004656012
2019-03-08,1.1198333501815796,1.3092432022094727,111.63400268554688,16.049999237060547,-0.010276757477315702,-0.006831376149563633,9.855535760581529e-05,-0.03309131135908011,0.004374435533973482,0.003363178129402942,0.0033168814538227244,0.0048248929307403805,0.0028848651319070017,0.002587302542655857
2019-03-11,1.1232421398162842,1.2988362312316895,111.08000183105469,14.329999923706055,0.00303939147306997,-0.007980605252535522,-0.004975008180141597,-0.11335356552484639,0.005041426655804884,0.003390754111532187,0.004026304451478483,0.0051342585206603,0.0022557315482875104,0.0028560802911422236
2019-03-12,1.1259232759475708,1.3248542547225952,111.34200286865234,13.770000457763672,0.0023841175775367028,0.019833800166576834,0.0023558924318828776,-0.03986289053189684,0.00544252433366463,0.003419026884867787,0.01123190967274856,0.0066285744894881305,0.002856221749712473,0.0028293485928459696
2019-03-13,1.1287446022033691,1.3066771030426025,111.30599975585938,13.40999984741211,0.0025026548306310145,-0.01381510482759146,-0.0003234083637165398,-0.026491660069189443,0.005625046456708064,0.0034632686609242375,0.013123812059413936,0.007341461616249057,0.002743485543142384,0.0028368767839666914
2019-03-14,1.133105993270874,1.3285682201385498,111.19599914550781,13.5,0.00385648502303467,0.016614484026737115,-0.0009887607289510321,0.006688999529461137,0.005941714347178528,0.0034521500469687594,0.015479029061088867,0.007968286953793903,0.002667157962699601,0.0026479594253299584
2019-03-15,1.1308379173278809,1.3258554935455322,111.75299835205078,12.880000114440918,-0.0020036509660536087,-0.0020439295530960337,0.0049966617626492765,-0.047013955883011826,0.0022883690776889136,0.0033152236125090087,0.01496955205246655,0.008001101346430775,0.003745757582424781,0.002827025775224062
2019-03-18,1.1319772005081177,1.329716444015503,111.56099700927734,13.100000381469727,0.001006960990779451,0.0029078129165640916,-0.001719564327112871,0.016936529765559972,0.002227470578849489,0.0030310163801786387,0.013806596815613185,0.007956599802510013,0.0027758828195430505,0.0027719421167265853
2019-03-19,1.133619785308838,1.326435923576355,111.37300109863281,13.5600004196167,0.0014500240764859019,-0.0024701309662764448,-0.0016865615545659267,0.03451205413050152,0.002178586417272804,0.0029939803714220206,0.01101530820309993,0.007892868172142499,0.0028211151721355275,0.0026818055342905174
2019-03-20,1.135486125946045,1.3271400928497314,111.4010009765625,13.90999984741211,0.0016450012745673303,0.0005307323291638231,0.00025137473687496064,0.02548368150826399,0.002098671376305768,0.0030106160060409544,0.007854384400834984,0.0077508118079455636,0.002813506895922424,0.00268177704673441
2019-03-21,1.1427918672561646,1.320533037185669,110.66000366210938,13.630000114440918,0.0064134108071521164,-0.004990849741586935,-0.0066738423164608264,-0.02033474086100378,0.003019894874461792,0.003283217219149301,0.0030234364560474763,0.007864567955754903,0.004204220137494194,0.0030712082125380195
2019-03-22,1.1375011205673218,1.313232183456421,110.80599975585938,16.479999542236328,-0.004640417885864895,-0.005544057133327246,0.0013184517049634717,0.1898742425997099,0.003923799482676216,0.0034139522338553787,0.003611792985429861,0.0076773464449589905,0.003068328707602686,0.0030829951027877183
2019-03-25,1.129586100578308,1.3206549882888794,110.08100128173828,16.329999923706055,-0.006982574004310345,0.005636402776364291,-0.006564452178580697,-0.00914359439404098,0.00536972964611385,0.0037345375918358278,0.00459472599643885,0.00775354659234691,0.0037618756803946747,0.003367291805269653
2019-03-26,1.131580114364624,1.3215277194976807,110.06800079345703,14.680000305175781,0.0017637043133131368,0.0006606138462479516,-0.00011810626597271604,-0.10651785833545212,0.005398835699730701,0.0037578361316559653,0.004620164239065525,0.007751254774943864,0.00392628928125171,0.00336704573776762
2019-03-27,1.127484679222107,1.321143627166748,110.55400085449219,15.149999618530273,-0.0036257832363158385,-0.00029068490421403317,0.004405733277093543,0.03151446280094769,0.0054239500826381935,0.003831806023356566,0.004578031691563864,0.007748250201689437,0.00492810333261735,0.0035085262832282994
2019-03-28,1.1251758337020874,1.3152703046798706,110.48999786376953,14.430000305175781,-0.0020498839618826913,-0.0044555463254901,-0.0005790973098787374,-0.04869111284137581,0.003258904537847833,0.0038075054785143133,0.004463439350501444,0.007758007074962878,0.004003666211151778,0.0034625086935155787
2019-03-29,1.1230024099349976,1.30565345287323,110.63700103759766,13.710000038146973,-0.0019334983338959073,-0.007338553773655815,0.0013295816088886294,-0.05118389757783949,0.003163938970437172,0.00376960137404694,0.0049823828788640315,0.007587161504103494,0.004004799148006331,0.00334592815508596
2019-04-01,1.1223849058151245,1.3022867441177368,110.99500274658203,13.399999618530273,-0.0005500201511864402,-0.002581892506301765,0.0032305985980073306,-0.02287081786766737,0.0020198689822547846,0.0037680978631018736,0.003227203819105501,0.007504908412998729,0.0021383422516294682,0.003365483296250246
2019-04-02,1.1205737590789795,1.3068991899490356,111.45099639892578,13.359999656677246,-0.0016149625564934353,0.00353554767848772,0.00409982011643518,-0.0029895360782868233,0.001105732291750644,0.0037739291056328914,0.004128456681928233,0.007534005166636418,0.0020961692307631076,0.003344146704305817
2019-04-03,1.1203854084014893,1.312766671180725,111.30500030517578,13.739999771118164,-0.00016809826851559137,0.004479572093854157,-0.0013108164701722696,0.028046127725448067,0.0008514372649506809,0.0037704951441926106,0.005119740138733414,0.007607127459995515,0.0023398642426085687,0.003147620737939432
2019-04-04,1.1246949434280396,1.3176966905593872,111.3949966430664,13.579999923706055,0.0038390967308610242,0.0037484081495527226,0.0008082294029900692,-0.011713153623697261,0.002311893947526639,0.003838416965347742,0.005158933455708088,0.007594097751201774,0.00212578667340371,0.003143916531665544
2019-04-05,1.1225864887237549,1.3077024221420288,111.65799713134766,12.819999694824219,-0.0018764497341418646,-0.0076135598938225895,0.0023581894661974605,-0.05759168882457858,0.0023006067841171273,0.00381933730733726,0.005262079393857922,0.007760137347999586,0.0021389967072212583,0.0031838232081506275
2019-04-08,1.121956706047058,1.3038150072097778,111.71099853515625,13.180000305175781,-0.0005611678088361302,-0.002977133340059637,0.0004745636666822159,0.027694124540960267,0.002301188649423248,0.0038137927565145805,0.005319110266923596,0.00776414270817399,0.0020431179203117765,0.0031509409105751713
2019-04-09,1.1256444454193115,1.306335687637329,111.45600128173828,14.279999732971191,0.0032814920734817597,0.0019314449668671092,-0.002285260496420346,0.08015938598312099,0.002514670368618521,0.0031816283060438454,0.005114685430683593,0.00764773330957565,0.001828917374638763,0.0031894332964247383
2019-04-10,1.126697063446045,1.305721640586853,111.1050033569336,13.300000190734863,0.0009346878341712132,-0.0004701635413224333,-0.0031541753361134664,-0.07109588864326666,0.0024446292897023223,0.0031244248702970378,0.004445241112060351,0.007444171001414445,0.002289315057799375,0.0030778296628419903
2019-04-11,1.1276500225067139,1.3099292516708374,110.98500061035156,13.020000457763672,0.0008454413460724173,0.003217260167073705,-0.0010806678023960721,-0.021277377629752393,0.0019245451712645802,0.0030888075545246695,0.0043052643987832925,0.006079383038612858,0.002202614240726691,0.0030400881210316945
2019-04-12,1.1260753870010376,1.3056023120880127,111.62100219726562,12.010000228881836,-0.0013973625671128659,-0.0033086532696423947,0.005714161428109085,-0.08074701678942574,0.0017817336711622932,0.0030542450698338524,0.002898109662887459,0.005354261341582132,0.00350692064493318,0.003285883802861091
2019-04-15,1.1305055618286133,1.3083868026733398,112.02799987792969,12.319999694824219,0.003926453887287985,0.0021304538896492276,0.0036396149875220075,0.02548427818511486,0.002133218310579844,0.003058602796227712,0.0026142798966352285,0.003903044446509445,0.00389331408586726,0.003358315980453217
2019-04-16,1.1304928064346313,1.3102725744247437,111.94300079345703,12.180000305175781,-1.1282974955778956e-05,0.0014402576324924782,-0.0007590186970509067,-0.01142864599737849,0.0019534423846718873,0.0030290443245684427,0.00256520839331614,0.003916401080694347,0.0036670642681625462,0.0031985723489281214
2019-04-17,1.128502607345581,1.3046314716339111,111.99299621582031,12.600000381469727,-0.0017620218189266376,-0.00431458397136335,0.00044651528884714204,0.03390155689557344,0.002273570726778965,0.0030421069180922035,0.0034054084337555345,0.003916562995384113,0.002965110420481596,0.0031738729522772327
2019-04-18,1.129713773727417,1.3039339780807495,112.03600311279297,12.09000015258789,0.0010726753274142547,-0.0005347717611305018,0.00038394045083308775,-0.04131816698510575,0.0022889128574945226,0.00303376895588613,0.002839600250521428,0.0039005114998636498,0.0026951068574624297,0.0031466039847588196
2019-04-19,1.1235954761505127,1.2994438409805298,111.98899841308594,12.09000015258789,-0.005430513022733237,-0.0034494736181885986,-0.00041963798751618216,0.0,0.0034709819218318033,0.0032039228174522314,0.0028697839687330624,0.003929133834858742,0.0017449289078200622,0.0031500412117953895
2019-04-22,1.1244546175003052,1.299376368522644,111.91000366210938,12.420000076293945,0.0007643436363329363,-5.192545267598198e-05,-0.0007056284621378652,0.026929405400461143,0.0026725300490821327,0.0028298005475500825,0.002414877222340036,0.0038275600718751853,0.0005862575881721709,0.0027590576629274643
2019-04-23,1.1258978843688965,1.2981449365615845,111.92900085449219,12.279999732971191,0.0012827031012071087,-0.0009481593478403204,0.00016973978658862108,-0.011336181674183212,0.0028573507220816066,0.0027202121712358615,0.0018979084177251167,0.0036749144384603063,0.0005114872403303029,0.002753905418764884
2019-04-24,1.122435212135315,1.2938116788864136,111.87699890136719,13.140000343322754,-0.0030802152729997824,-0.003343622101100569,-0.00046470563003268183,0.06768913821054837,0.00302265566101768,0.002381148041264137,0.001612095096208163,0.0034497548259113556,0.0004613568570529036,0.0022793575104467644
2019-04-25,1.1153494119644165,1.2904890775680542,112.12999725341797,13.25,-0.00633289171461129,-0.0025713749770072836,0.0022588442679744047,0.008336513247703608,0.0034843509518304515,0.0026583906052771557,0.0015089355968825543,0.003447456917556533,0.0012124864847660858,0.0022932556239222525
2019-04-26,1.113684892654419,1.289607048034668,111.53900146484375,12.729999542236328,-0.0014934894594870038,-0.0006837183769968075,-0.005284569317510539,-0.04003617582235681,0.003096569819640533,0.0025827810721464214,0.0013795468624659437,0.003444186867502459,0.002762674213193185,0.002497980227705278
2019-04-29,1.1150261163711548,1.2920230627059937,111.59300231933594,13.109999656677246,0.0012035870718230023,0.0018716975500088478,0.000484026088867949,0.02941389497788062,0.0031912925241230836,0.002586538183220906,0.0020137017743169137,0.0034145316472164225,0.0028239494076912003,0.0024883373443289375
2019-04-30,1.1185182332992554,1.2932428121566772,111.677001953125,13.119999885559082,0.003126975986935249,0.0009436163243790823,0.0007524489286057468,0.0007625032055570149,0.0036878690323826763,0.0026684933988979248,0.0022243025214963926,0.003102875246455383,0.0028735604674622046,0.0024816728082421836
2019-05-01,1.121604323387146,1.3039849996566772,111.3949966430664,14.800000190734863,0.0027552885720882737,0.008272088190419656,-0.0025283806310495687,0.12048941886424806,0.003906551139160798,0.0027388973529730654,0.004111919705550602,0.0035724797782137273,0.003020506275869083,0.002475397863795505
2019-05-02,1.1200841665267944,1.3053126335144043,111.4520034790039,14.420000076293945,-0.0013562607830761623,0.0010176178872184957,0.0005116231059855906,-0.026011056509914764,0.002196546087654136,0.002732323204620398,0.0034725674063400716,0.0034953058520970953,0.002646937607991489,0.0023168215242461267
2019-05-03,1.1173559427261353,1.3033220767974854,111.49500274658203,12.869999885559082,-0.0024387022843649175,-0.0015261294311510677,0.0003857353264279834,-0.11371712443167822,0.0024717877343096895,0.002780646121136336,0.0036675311447520583,0.003356019802182569,0.0013759165771707147,0.0022992672588929776
2019-05-06,1.1185808181762695,1.3150626420974731,110.62300109863281,15.4399995803833,0.0010956263111556311,0.008967852507571582,-0.007851737479550461,0.18206250470341528,0.002466297691684556,0.002653085965059013,0.004759816279734899,0.003811510242815884,0.0036665908634993956,0.0028447919664439008
2019-05-07,1.1201846599578857,1.3099292516708374,110.80500030517578,19.31999969482422,0.0014327914841074847,-0.003911171674642547,0.0016438684030374846,0.2241792955691415,0.0021323897619207966,0.0026501583392367083,0.005801721777487105,0.0035352726142627517,0.003836199292583143,0.0028167535767434615
2019-05-08,1.1191065311431885,1.3068820238113403,110.25700378417969,19.399999618530273,-0.0009629197866596529,-0.0023289637012900424,-0.00495786370662325,0.0041322334173704315,0.0016562844124673212,0.0026548864745864283,0.005087321419591115,0.0035112241753827776,0.004130833599016444,0.0029748361626619315
2019-05-09,1.1198333501815796,1.3012022972106934,110.02799987792969,19.100000381469727,0.0006492528629151659,-0.004355484624236509,-0.0020791609500409682,-0.015584691381073318,0.0016232121111298496,0.002551811655185451,0.005487568190452651,0.003610095821756591,0.003883703397531519,0.0029695813796890838
2019-05-10,1.1222084760665894,1.3009653091430664,109.80699920654297,16.040000915527344,0.0021187176311267208,-0.00018214665934929521,-0.0020106056520330646,-0.17460269550868968,0.001154903328631282,0.0025898641083755597,0.005465619366961087,0.0036095117384008003,0.0035620180499777057,0.0029322633320709116
2019-05-13,1.1236460208892822,1.3010668754577637,109.65399932861328,20.549999237060547,0.0012801764504052242,7.806691658145821e-05,-0.0013943243103666995,0.2477752443001041,0.0011669353974612209,0.002599712160092448,0.002051471364264534,0.003530587576227498,0.0023511187376264696,0.0029358074658518605
2019-05-14,1.1232547760009766,1.2963106632232666,109.15399932861328,18.059999465942383,-0.0003482529293695144,-0.003662322846614186,-0.004570224793955097,-0.12916138539869315,0.00123487190201784,0.0025855500403067075,0.002000133854681198,0.003545671369454083,0.0016358366881845435,0.00270049127912455
2019-05-15,1.1204482316970825,1.2906556129455566,109.6709976196289,16.440000534057617,-0.0025017087894480925,-0.004371962122103507,0.004725230299813321,-0.0939820963042524,0.0017777825252020562,0.002467735802324433,0.0022537150078333614,0.003601843926042715,0.003458486353380221,0.002797778651122962
2019-05-16,1.1207244396209717,1.2847524881362915,109.4749984741211,15.289999961853027,0.000246485180568536,-0.004584232801568609,-0.001788754540462349,-0.07251840466721576,0.0017636510599635692,0.002470310675727153,0.0023026194953823993,0.0036661714627633777,0.0034396008861159602,0.002802750741741565
2019-05-17,1.1173559427261353,1.2797706127166748,109.87100219726562,15.960000038146973,-0.0030101684148013666,-0.003885230501334873,0.0036107715862566357,0.04288657696574975,0.001829259255218606,0.0025171033814192496,0.0019158784346498526,0.003648194635661005,0.003915619463830082,0.0029581187947588
2019-05-20,1.1165324449539185,1.2731555700302124,110.16000366210938,16.309999465942383,-0.0007372774880440244,-0.005182333540191798,0.002626917328378795,0.021692789476915577,0.0014123058028929357,0.00249440058900985,0.0005992119636423648,0.003760418498798718,0.003940606313565469,0.003040872518836289
2019-05-21,1.1168566942214966,1.2729123830795288,110.06999969482422,14.949999809265137,0.00029036522491189705,-0.0001910294272594955,-0.0008173634012085734,-0.08706709681022891,0.0015396608150900345,0.002245342223629625,0.0019850459158453947,0.003726907676851366,0.002835783300855771,0.0030398876633609875
2019-05-22,1.1168566942214966,1.2729123830795288,110.06999969482422,14.75,0.0,0.0,0.0,-0.013468204292681689,0.0013863778523892378,0.0022344065173570114,0.002483873575743736,0.0037275117267951668,0.0023004581221780823,0.003044491163282608
2019-05-23,1.1155484914779663,1.2664159536361694,110.22100067138672,16.920000076293945,-0.0011720120537771794,-0.005116662955786897,0.0013709230060339785,0.13725327590134673,0.0013016255504296691,0.0022123617678489133,0.0025903054627328826,0.0038326596551632904,0.0018208286318149845,0.003072480270139867
2019-05-24,1.1184556484222412,1.2664639949798584,109.55799865722656,15.850000381469727,0.002602643865678214,3.7934165589620405e-05,-0.006033370134328874,-0.06532683429639567,0.0014647283514221544,0.00221869056709598,0.002793989421322861,0.00380716019310295,0.0033249798015421578,0.003274971849065607
2019-05-27,1.1209630966186523,1.2724751234054565,109.4010009765625,15.850000381469727,0.002239375060896092,0.004735158565813434,-0.0014340374940664167,0.0,0.0015897775428098404,0.0017956474212921254,0.003485065936679296,0.0039758648886100405,0.002803804229600616,0.0031962519058759266
2019-05-28,1.1193821430206299,1.2682307958602905,109.50900268554688,17.5,-0.0014113484229803018,-0.0033410647498914826,0.0009867225429661085,0.09903135653868846,0.0018797449814786998,0.001791978687445253,0.0037765994006405596,0.00401743738906594,0.0030037117153559646,0.0030848543256165027
2019-05-29,1.1170687675476074,1.2659670114517212,109.34600067138672,17.899999618530273,-0.0020687923774008418,-0.0017865890375134775,-0.0014895893792697304,0.02259981060608287,0.0022037901701309984,0.0018425842283325837,0.003773962144150812,0.003978856981389469,0.002950409232687404,0.0030733485199515038
2019-05-30,1.1137346029281616,1.2629451751708984,109.54199981689453,17.299999237060547,-0.0029892075171091474,-0.0023898320669452867,0.0017908628837985578,-0.03409423413236527,0.0025722598730391717,0.0018227678406117034,0.003200888090897219,0.00396772283456212,0.003050437713639055,0.003108108617528365
2019-05-31,1.1131147146224976,1.2609704732894897,109.35700225830078,18.709999084472656,-0.0005567402489159767,-0.001564792615432477,-0.0016902553313099024,0.07835163395029686,0.0019968351824538244,0.0017001596386343226,0.0032076753124709477,0.003373724163858282,0.0016308523241174695,0.0030920034078865508
2019-06-03,1.1174057722091675,1.2639508247375488,108.21199798583984,18.860000610351562,0.0038475888526603077,0.0023607490930877433,-0.010525532976733075,0.007985218214053217,0.002659910498964401,0.0019027474437200665,0.002182420224063361,0.003433543455205126,0.004903064515065483,0.0036983332859047043
2019-06-04,1.124631643295288,1.2664159536361694,108.0270004272461,16.969999313354492,0.006445830078432219,0.0019484366452918072,-0.0017110475454096673,-0.105596270783718,0.004046599854365431,0.0022884450371673595,0.002253396017111723,0.0035096009468126776,0.004606147190290624,0.003678680992207567
2019-06-05,1.1254037618637085,1.2702767848968506,108.25399780273438,16.09000015258789,0.0006863168436886033,0.0030439904551303773,0.0020990975693274258,-0.05324906829612693,0.003708664740925888,0.002283284199541931,0.002474129255662696,0.0028489094342789623,0.005099929365828451,0.0034574066385632163
2019-06-06,1.1229015588760376,1.2688584327697754,108.3280029296875,15.930000305175781,-0.0022258578473965626,-0.001117193180362839,0.0006833913213751142,-0.009993827408434353,0.0034874591691765222,0.002327852452727025,0.002119440499128069,0.002801690896906131,0.0049144031094942265,0.0034285875605717434
2019-06-07,1.1276500225067139,1.269841194152832,108.4540023803711,16.299999237060547,0.004219828344535549,0.0007742242695634099,0.0011624531721803374,0.022960917927357626,0.0033882768377605428,0.0024718824430623935,0.0016320510197809935,0.002833164447015804,0.005152397649646539,0.0033417043052271734
2019-06-10,1.1320157051086426,1.2722970247268677,108.4489974975586,15.9399995803833,0.003864012256703314,0.00193209898640919,-4.614858085143192e-05,-0.0223334139693071,0.0033898026323224274,0.002583195990516033,0.0015795137380282167,0.0028281223074005124,0.0014315287823448077,0.003331275832034892
2019-06-11,1.1318106651306152,1.2691160440444946,108.35900115966797,15.989999771118164,-0.0001811446154029547,-0.0025033178451953873,-0.0008301939376495609,0.003131865494494718,0.0027430767875881476,0.002560660051627866,0.002247544023164059,0.0028386105282428254,0.001121675389102052,0.003317915867325836
2019-06-12,1.1329518556594849,1.2724426984786987,108.4739990234375,15.90999984741211,0.0010077795044543913,0.00261780794464389,0.0010607045463961978,-0.005015679772797037,0.0027296334657361055,0.002556792629263052,0.0021283564459492785,0.002939778423451645,0.0008382152426534299,0.003331305530335615
2019-06-13,1.1295605897903442,1.2693415880203247,108.48799896240234,15.819999694824219,-0.0029977898381629686,-0.0024401063564239004,0.00012905429627531483,-0.005672889710001529,0.0029908505674893326,0.0026530659041836095,0.0024174924947568334,0.002898551649147353,0.0008289692447881964,0.003205631866324407
2019-06-14,1.1280443668365479,1.268005609512329,108.32099914550781,15.279999732971191,-0.0013432139022488056,-0.001053051496265238,-0.0015405250831762541,-0.03473017678633623,0.0025858045662833966,0.0026068501057262073,0.0024236877587372188,0.0027968616555575977,0.0009880737779093187,0.003012453053297534
2019-06-17,1.1217050552368164,1.2596044540405273,108.57599639892578,15.350000381469727,-0.005635586181714401,-0.006647533597027385,0.0023513222971286735,0.004570732621986857,0.0025910855153944115,0.002898673287918299,0.0033266843618664117,0.0029594976831241746,0.0015377707647116602,0.0030611545435060106
2019-06-18,1.1224603652954102,1.2541544437408447,108.53900146484375,15.149999618530273,0.0006731322746558854,-0.004336150808926422,-0.00034078653988965196,-0.013114992108795907,0.002750266829363855,0.00281941324508412,0.003492152728215347,0.0029826382074795467,0.0014670422385737046,0.00292924933012716
2019-06-19,1.1198208332061768,1.2566603422164917,108.572998046875,14.329999923706055,-0.0023543285384641957,0.0019960845552560386,0.0003131709199450502,-0.055645270259849014,0.0023111670908511966,0.0028659027703022847,0.0032743485698459806,0.0028850931443845243,0.0014112375522234895,0.0028500540501587416
2019-06-20,1.1238480806350708,1.2656625509262085,108.11499786376953,14.75,0.0035898806005276213,0.007138060680073104,-0.004227284148496302,0.02888784626982,0.0034389697989691903,0.0029593059268272167,0.005416458287557058,0.003323521336571284,0.002429696913130383,0.0029500116343005207
2019-06-21,1.1295605897903442,1.2707933187484741,107.2770004272461,15.399999618530273,0.005070115747244044,0.004045625143004705,-0.007781177307741134,0.04312440186299293,0.004358562642569154,0.0031287349610548396,0.005773445562737946,0.003448156793144684,0.004043534486572329,0.0032940894906481025
2019-06-24,1.1384724378585815,1.2750873565673828,107.31199645996094,15.260000228881836,0.007858698550878718,0.00337332533490596,0.0003261680098490183,-0.009132443793701196,0.003947092477650537,0.0034707043766469417,0.004231847283271091,0.003330194894351504,0.0035816495696743954,0.003263125419582018
2019-06-25,1.140029788017273,1.2739664316177368,107.3270034790039,16.280000686645508,0.001366994847334753,-0.0008794832240053711,0.0001398349700818305,0.06470236189651536,0.003857439595056837,0.0034522045828479456,0.0029293231080634446,0.0033394972139677947,0.0036544933703780815,0.0030899527100351587
2019-06-26,1.1369967460632324,1.2690677642822266,107.16600036621094,16.209999084472656,-0.0026640390021479346,-0.003852620938029596,-0.0015012437715433795,-0.004309123483222575,0.003967949967370202,0.003517155542024141,0.004330379204610107,0.003294128765469616,0.003419381894130352,0.0030905025623738274
2019-06-27,1.1374752521514893,1.269841194152832,107.73799896240234,15.819999694824219,0.00042076235336564207,0.0006092616215800073,0.005323306673985481,-0.024353336219410188,0.004109602424899743,0.003487700597554047,0.0032233879561239702,0.0032170605993519516,0.004712314213974434,0.0033467958222164512
2019-06-28,1.1372941732406616,1.267748475074768,107.74700164794922,15.079999923706055,-0.0001592063874156251,-0.001649375845013929,8.355742187735534e-05,-0.04790558552847331,0.003924795196380581,0.0034381704359018155,0.002689619186641842,0.003213445799708272,0.0025933583427817067,0.003346848211557548
2019-07-01,1.1364928483963013,1.2694543600082397,108.38200378417969,14.0600004196167,-0.0007048372340149661,0.001344697528265176,0.005876156808634721,-0.07003544129329595,0.0015049265231531096,0.0033511844129188884,0.0020368752103052854,0.0031760747996756812,0.0033711794658378854,0.0035940672914659445
2019-07-02,1.1287446022033691,1.2644623517990112,108.36599731445312,12.930000305175781,-0.006841027998014664,-0.003940156868067578,-0.00014769658473922091,-0.0837836998413194,0.002949662030625431,0.003729484347953768,0.002452180901949067,0.003278838101815891,0.003412705677631652,0.0035844460253902375
2019-07-03,1.1293054819107056,1.25982666015625,107.80500030517578,12.569999694824219,0.0004967823546674645,-0.0036728732978627793,-0.005190319468062032,-0.02823721806186382,0.003103688757799234,0.003659756649061879,0.0024099796237209295,0.0033348471093340216,0.0045488022751066955,0.0030006934502030858
2019-07-04,1.1287955045700073,1.2582731246948242,107.77899932861328,12.569999694824219,-0.00045168692846070087,-0.001233895231536324,-0.00024121434552418588,0.0,0.0030015651335146215,0.0034115024501314454,0.0021398372520925264,0.003308470794643294,0.0039219466440557,0.0029810768037933657
2019-07-05,1.128579020500183,1.2583048343658447,107.80799865722656,13.279999732971191,-0.00019180164220305857,2.5200626833730764e-05,0.00026902669510796723,0.05494612561664603,0.002997871334742362,0.0034102859147774876,0.0023002712387366064,0.0032250198696682146,0.003922911815253238,0.002941936089580231
2019-07-08,1.1227376461029053,1.2525520324707031,108.4739990234375,13.960000038146973,-0.005189307743699327,-0.004582349585538922,0.00615864915628679,0.049936976126120906,0.003337667989018418,0.0035628063913362693,0.001974971694484929,0.0033426311983141993,0.00402730609954474,0.0032360246136948845
2019-07-09,1.121604323387146,1.2516427040100098,108.72100067138672,14.09000015258789,-0.0010099377256192056,-0.0007262442392468503,0.002274469990367816,0.009269236673287863,0.00225733638217584,0.003439724465022123,0.0019856113661394256,0.003328793364297707,0.00412409894592921,0.0032626203067840018
2019-07-10,1.120824933052063,1.2458575963974,108.92400360107422,13.029999732971191,-0.0006951303941730276,-0.004632726537331897,0.0018654504773526286,-0.07821096609673715,0.0020802057734213633,0.003315515661688906,0.002216194900655475,0.003379585266036105,0.002519216417908474,0.0032836020566604377
2019-07-11,1.125885248184204,1.2508130073547363,108.33399963378906,12.930000305175781,0.0045046519407322076,0.003969620547557551,-0.005431380284460497,-0.007704154257453925,0.0034433964868256324,0.0034801385492785023,0.003594226809554644,0.0035172881972035065,0.004209459667729048,0.0034921636997710804
2019-07-12,1.1252391338348389,1.2523481845855713,108.58799743652344,12.390000343322754,-0.0005740370210267257,0.0012265909428877233,0.0023418364411721157,-0.042660493035198345,0.003438630801482562,0.003469485951667243,0.003733186125174718,0.0034677012746612275,0.004218179637621724,0.003521435908279369
2019-07-15,1.1272051334381104,1.2571974992752075,107.83200073242188,12.680000305175781,0.001745659265439037,0.003864700098160346,-0.006986413321412909,0.02313624972585418,0.0023461574345884245,0.0034418120438905763,0.0035863293278460486,0.0035778593215883988,0.004620602603995581,0.003827109647041487
2019-07-16,1.1261768341064453,1.251799464225769,107.88899993896484,12.859999656677246,-0.0009126720794380647,-0.00430294931149667,0.0005284530267526313,0.014095719035954475,0.00232778961977042,0.0034355944775085463,0.004247726174978553,0.0036704015183477903,0.004351736412207444,0.0038199624705869293
2019-07-17,1.1212271451950073,1.2412029504776,108.20099639892578,13.970000267028809,-0.0044048128062413846,-0.008501056799065656,0.0028876549775392066,0.08279050027079138,0.0033120361603549845,0.0033496878151034,0.0054813207267882975,0.0038338307391413496,0.004570042573985344,0.0038385635889185425
2019-07-18,1.12296462059021,1.2434717416763306,107.93699645996094,13.529999732971191,0.0015484200315144313,0.0018262284688216693,-0.002442884443978529,-0.03200276993667353,0.002482964655756246,0.0033634743968698256,0.005089910048037523,0.003777847325621926,0.00406767440475185,0.003869388467115813
2019-07-19,1.1261515617370605,1.2541857957839966,107.4010009765625,14.449999809265137,0.002833951669395673,0.008579334567854946,-0.00497818867747367,0.06578497891215394,0.002897419633152673,0.0033709203237414056,0.006749617701067405,0.004211576901439081,0.004000492216202289,0.00399494735717507
2019-07-22,1.1218308210372925,1.2512825727462769,107.80999755859375,13.529999732971191,-0.0038441102150741594,-0.002317510269604015,0.003800893794515758,-0.06578497891215396,0.003196608395064758,0.0033933617097071807,0.006493193401322299,0.003910581438972629,0.003667639752013366,0.004004283422081755
2019-07-23,1.1206114292144775,1.2474894523620605,107.90399932861328,12.609999656677246,-0.0010875570533576903,-0.0030359898859184937,0.0008715408116873996,-0.07041929969604431,0.003196974673446779,0.003196430210077096,0.006352500204179998,0.0038070107049344784,0.0036841250688845724,0.0036236782493711322
2019-07-24,1.1151255369186401,1.243904948234558,108.23200225830078,12.069999694824219,-0.004907467549868986,-0.002877510361242826,0.003035155449168283,-0.04376711292498462,0.0033360468880684357,0.0027623768868064477,0.004971481434927993,0.003709493417848683,0.003713225489675958,0.0036715699782280805
2019-07-25,1.1142433881759644,1.2485953569412231,108.18900299072266,12.739999771118164,-0.000791388790600397,0.0037636218005682293,-0.0003973668645929086,0.05402362235279625,0.0030225598804549426,0.002714383407944279,0.005178232450935593,0.0038534426814999913,0.0034738714557247456,0.003675083915058114
2019-07-26,1.1146159172058105,1.2453454732894897,108.66600036621094,12.15999984741211,0.0003342777468417021,-0.002606225016956378,0.004399235778677355,-0.04659476818873525,0.002212391438155083,0.0027042083487134787,0.0029076713175550765,0.0038171783147904147,0.0020314671800351265,0.0037471076494545157
2019-07-29,1.1132138967514038,1.2376697063446045,108.63300323486328,12.829999923706055,-0.0012586424965775793,-0.006182637511318808,-0.0003037025578070122,0.05363430869134313,0.0019809730529204107,0.0026887005475074023,0.003631403108183368,0.003964688770163684,0.0021218138471040524,0.003600813322578209
2019-07-30,1.1143054962158203,1.2217471599578857,108.86599731445312,13.9399995803833,0.0009801032980864398,-0.012948409901975067,0.0021424849597130274,0.0829762025497312,0.002291129814573106,0.002716094996021067,0.006086244047600726,0.00469484299423891,0.0021005851781001413,0.00361955715172946
2019-07-31,1.1157974004745483,1.2161602973937988,108.56199645996094,16.1200008392334,0.0013379691883316093,-0.004583334225819153,-0.002796337742068773,0.14529841390935702,0.0011180815226756436,0.0027586797377746456,0.006043323236307112,0.004683077362483564,0.002745887317796066,0.003471944272572333
2019-08-01,1.1071745157241821,1.215376853942871,108.81999969482422,17.8700008392334,-0.0077580179364134675,-0.0006444018160345509,0.0023737325130193114,0.10306258699448623,0.0037594095283734635,0.0028588503195959053,0.004708465895886055,0.004669058211215566,0.0027715545157149988,0.0035056810386939045
2019-08-02,1.1078859567642212,1.2124298810958862,107.43099975585938,17.610000610351562,0.0006423671708642403,-0.0024276844213524306,-0.012846359503919802,-0.014656418967104897,0.0037946956671493035,0.002862348131745549,0.004735483378228946,0.00465278840789211,0.006265694828528195,0.004344788046075698
2019-08-05,1.1108025312423706,1.215214490890503,106.5770034790039,24.59000015258789,0.0026290992844662667,0.0022940847909950594,-0.00798101750401591,0.333872905265896,0.004162990052993208,0.0029575861413846517,0.005770412580468284,0.004731308441518103,0.006590725587460899,0.004654189656764919
2019-08-06,1.1243788003921509,1.2158203125,105.59300231933594,20.170000076293945,0.012147950516988368,0.0004984063750903087,-0.009275658084335728,-0.19814350668471745,0.007083021575509619,0.004037524278726595,0.002650352601494657,0.004740033969057937,0.005955136295808337,0.005009440199034419
2019-08-07,1.1206992864608765,1.2169743776321411,106.33699798583984,19.489999771118164,-0.0032778523360136405,0.000948756772111127,0.007021174178447787,-0.03429485397274899,0.0074495899601484655,0.00394383722530774,0.0017769864398365926,0.004718798903212419,0.008425105374941753,0.005070673033506397
2019-08-08,1.1204355955123901,1.2143291234970093,106.12100219726562,16.90999984741211,-0.0002353191249881552,-0.0021759975072373205,-0.0020333041147376726,-0.141996347888958,0.005859723862630524,0.003938618232365592,0.0020549471817577114,0.004720384290277222,0.007778822780241233,0.005025040971324504
2019-08-09,1.1187183856964111,1.2143733501434326,105.8740005493164,17.969999313354492,-0.0015338026478230985,3.641997890491074e-05,-0.0023302602091525956,0.06079850869785085,0.00609717622764182,0.003949230608691666,0.0016305363612652344,0.004671684526025734,0.006441452754357024,0.004986597881163761
2019-08-12,1.1208499670028687,1.2021976709365845,105.38200378417969,21.09000015258789,0.001903564986125621,-0.010076908256485481,-0.004657833572065703,0.16009533914095592,0.006085477587360588,0.0038427679199737807,0.004588933914558311,0.004891441627348537,0.0059406537836800034,0.0049586617671374105
2019-08-13,1.1218308210372925,1.207875370979309,105.35800170898438,17.520000457763672,0.0008747157439385969,0.004711650184498611,-0.00022778850406617257,-0.18545589008945726,0.0020317194041928276,0.003848529211615266,0.005495082450004022,0.00504811582944109,0.004461384835598196,0.004899799039607145
2019-08-14,1.1177055835723877,1.2064181566238403,106.58999633789062,22.100000381469727,-0.003684014354080683,-0.0012071560609889277,0.011625573404550631,0.23223451414847213,0.0021758678972099784,0.003895796912531977,0.005356246004696747,0.004898170792621005,0.006429157281451313,0.005459198576831186
2019-08-15,1.1143302917480469,1.2060399055480957,105.91600036621094,21.18000030517578,-0.003024408733292059,-0.00031358147507326985,-0.006343333761361371,-0.042520271202843185,0.002423288509176684,0.003935240917440092,0.005383244275592396,0.004877771636970026,0.007103193986671844,0.005590957428262949
2019-08-16,1.1113580465316772,1.209160566329956,106.08300018310547,18.469999313354492,-0.0026708564106834526,0.002584185085128329,0.001575477723996248,-0.13690959754704876,0.002526189534440408,0.003869723353533312,0.005662953830974173,0.004710670435568147,0.007050592873505024,0.0055562001138154005
2019-08-19,1.109385371208191,1.2161011695861816,106.43000030517578,16.8799991607666,-0.001776590511615778,0.005723606735791526,0.0032656866136276086,-0.09001831758469728,0.0017771788588286125,0.003854827931718099,0.0030310415818517204,0.004898977764562293,0.006500113956303306,0.005613646360689995
2019-08-20,1.1083157062530518,1.2131506204605103,106.5739974975586,17.5,-0.0009646611520012486,-0.0024291846474522026,0.0013520611425572203,0.036071441479277,0.0010674588715143731,0.003780248133464689,0.003282376357663114,0.004410553154458882,0.006403699881387584,0.005542429874068323
2019-08-21,1.1097793579101562,1.2162343263626099,106.27400207519531,15.800000190734863,0.0013197377273767932,0.0025386734714922484,-0.0028188718861663162,-0.10219092882472047,0.0017305610297232547,0.0037374724831410783,0.0031123878678909504,0.004489143158291049,0.0039177755717458955,0.005485672323166159
2019-08-22,1.10907781124115,1.213224172592163,106.59700012207031,16.68000030517578,-0.0006323495735885972,-0.0024780462906577633,0.0030346857150442574,0.05420046312176289,0.0014914168546598465,0.0037352716637925588,0.003566135868908123,0.004480385068745185,0.0024451537567783447,0.005533463244419375
2019-08-23,1.1084016561508179,1.2251899242401123,106.46800231933594,19.8700008392334,-0.0006098411473300269,0.009814450885824602,-0.001210877591513394,0.17500068357341925,0.0011381191019929544,0.0036021715354944313,0.005312308534306905,0.005044600226089492,0.0026687820803485826,0.005476069318546253
2019-08-26,1.1143054962158203,1.2262415885925293,104.85199737548828,19.31999969482422,0.005312309309738485,0.0008580002430647376,-0.015294685296024652,-0.0280702858114059,0.0026338285237238967,0.003790622865662833,0.0050436890041273014,0.004959795411175496,0.007241376668548794,0.006291192284235393
2019-08-27,1.1103708744049072,1.222195029258728,105.97799682617188,20.309999465942383,-0.003537256893122397,-0.003305425991946233,0.010681688449135631,0.04997253630846539,0.003261896361131687,0.0038636524172464184,0.005232996852147449,0.0049739985416597755,0.009491540685133172,0.006697568023173146
2019-08-28,1.109004020690918,1.2283201217651367,105.73799896240234,19.350000381469727,-0.0012317467317716595,0.0049990348025617595,-0.002267168955994992,-0.048420910107000954,0.003275824350105265,0.003863296927249201,0.005467219384374146,0.004974748155868359,0.009470059567371673,0.006698995849692857
2019-08-29,1.1085859537124634,1.2218515872955322,106.06999969482422,17.8799991607666,-0.00037704624230177567,-0.005280078513536937,0.0031349241428863485,-0.07900971638161233,0.003268207983343158,0.0038548466883051966,0.00614029321588355,0.00426805246185864,0.009480865886353683,0.00672605865079542
2019-08-30,1.1061947345733643,1.218650221824646,106.43800354003906,18.979999542236328,-0.0021593289853707575,-0.0026235320089918134,0.0034634386232602057,0.059703046255193064,0.0034007505361644762,0.0038590473074637975,0.004052336354788579,0.004187440774908733,0.009682112313337134,0.006786675665212548
2019-09-02,1.0991789102554321,1.21592378616333,106.12799835205078,18.979999542236328,-0.006362502791238149,-0.002239764979125372,-0.0029167920082621957,0.0,0.002342727892744352,0.0037419105474822785,0.003918391729775632,0.004214544546484159,0.0054842108690640766,0.006758895452532239
2019-09-03,1.0968520641326904,1.2066656351089478,106.19300079345703,19.65999984741211,-0.0021191385919894787,-0.0076432234401202165,0.0006123034810379515,0.03520033789411415,0.002306670506238618,0.003754056386943696,0.004756142098985469,0.004496094525456428,0.0029590664011371493,0.006237737174707399
2019-09-04,1.0974539518356323,1.2090436220169067,105.86100006103516,17.329999923706055,0.0005485905007386359,0.0019687697673424877,-0.0031312873358216816,-0.12614700763258888,0.0026531222455223355,0.0036984593079305256,0.003606690708500637,0.004487971571498769,0.0031717655323621314,0.006044462273038769
2019-09-05,1.10349702835083,1.2248897552490234,106.32499694824219,16.270000457763672,0.005491346018407023,0.013021192177290485,0.004373499037054484,-0.06311614995870446,0.004354791095513287,0.0027645939693495933,0.007786403786106681,0.005304760768680376,0.0034877405609042285,0.0057744584273502824
2019-09-06,1.1036310195922852,1.2323921918869019,107.0719985961914,15.0,0.00012141682649037292,0.006106307791461607,0.007001079815943746,-0.08127274826417982,0.004311786680200674,0.002717149118012365,0.007889904484497237,0.005445152575785435,0.004465878630725142,0.005773348479287343
2019-09-09,1.1020619869232178,1.2283051013946533,106.94499969482422,15.270000457763672,-0.001422711981305087,-0.0033218992533800033,-0.0011868114896295759,0.017839948106305046,0.0029838345076460314,0.002719321388662635,0.008056679621349509,0.005478074283168318,0.004122164533358321,0.005759770814490652
2019-09-10,1.1048381328582764,1.2345373630523682,107.33699798583984,15.199999809265137,0.0025158795130875685,0.0050610423123010955,0.0036587182548201893,-0.004594733904630838,0.002659827022151645,0.002799726053537907,0.005980644684972377,0.005561060592157291,0.004176697820341813,0.005768505311996642
2019-09-11,1.1050333976745605,1.2354830503463745,107.5999984741211,14.609999656677246,0.00017672051437775128,0.0007657324085944842,0.002447234527988139,-0.03958921304043829,0.002696313952802907,0.0027509302246638196,0.006133555600484707,0.005009035946150777,0.0029928768263576453,0.005656531382606786
2019-09-12,1.1013457775115967,1.233471393585205,108.02100372314453,14.220000267028809,-0.003342692532724868,-0.0016295620287949024,0.0039050535869981735,-0.027056759109954115,0.0021686252500394995,0.0027866275494048335,0.004105769425682884,0.004982212414885675,0.00295636583832484,0.005684225607083515
2019-09-13,1.1058276891708374,1.2329391241073608,108.1760025024414,13.739999771118164,0.004061228432765623,-0.0004316146742719091,0.0014338663477259169,-0.03433817301735544,0.002969065216520069,0.002896978785758796,0.0031637754334063956,0.004968925083193726,0.0020641917185933315,0.00518159212540304
2019-09-16,1.1083402633666992,1.2497344017028809,107.76499938964844,14.670000076293945,0.0022695435289529064,0.01353019931207011,-0.0038066287133274443,0.06549332721943187,0.0028602820502713795,0.0028959241182807327,0.006170081673085179,0.0056289404789404305,0.003142549132120904,0.005044472709706637
2019-09-17,1.100594401359558,1.2428536415100098,108.16100311279297,14.4399995803833,-0.007013239349717472,-0.00552099067432827,0.0036679618252486116,-0.015802492950216736,0.004446140369045206,0.003201049725504636,0.007210423269012717,0.005824516001163039,0.0031441185540315685,0.00507965800186096
2019-09-18,1.1074687242507935,1.2502655982971191,108.08699798583984,13.949999809265137,0.0062265838521357595,0.005945947956114096,-0.0006844468338780449,-0.03452260981072709,0.005472764766555259,0.00348441870939283,0.0074741277191960305,0.005832836328082531,0.003226443423153102,0.005061160264473286
2019-09-19,1.1031439304351807,1.247053861618042,108.42500305175781,14.050000190734863,-0.003912760857539547,-0.002572148658874331,0.0031222781082652223,0.007142914760565355,0.005576237758611915,0.0035756137386759035,0.007611136012899657,0.005837219419587243,0.0030590163115477615,0.005085994490391707
2019-09-20,1.1048502922058105,1.2525050640106201,108.04100036621094,15.319999694824219,0.0015456218977689294,0.004361738368318868,-0.0035479297653768158,0.08653673503716518,0.0052594905911170714,0.0035805443392171376,0.007499387168848119,0.005869195024282277,0.003550963840706627,0.0051128828750034725
2019-09-23,1.1019041538238525,1.2471938133239746,107.6520004272461,14.90999984741211,-0.0026701114277863374,-0.004249518794067741,-0.003606981768391318,-0.02712702584963746,0.005147825664983799,0.0036183560543864035,0.005213121266892749,0.005935783091121631,0.0035017504624482807,0.005167321512752878
2019-09-24,1.0993722677230835,1.243456244468689,107.61399841308594,17.049999237060547,-0.0023003809903158227,-0.003001282054188455,-0.00035307029219336773,0.1341180404396254,0.004142564225915689,0.0036432270242857884,0.004690791974905483,0.005679099152172064,0.0027748236186925794,0.005157437650721712
2019-09-25,1.1016855239868164,1.2485953569412231,107.16300201416016,15.960000038146973,0.002101950365998579,0.004124408784021021,-0.004199677441172161,-0.06606456457051894,0.0026951630992418044,0.003464630901715522,0.0041641371848648925,0.005726673744137364,0.00309705259058579,0.0039394112764021254
2019-09-26,1.0952903032302856,1.2359564304351807,107.69200134277344,16.06999969482422,-0.0058218563359692605,-0.01017409706951238,0.004924254862968604,0.006868566347193799,0.003275394445970234,0.0035913652153313257,0.00613664426808076,0.006135039880055495,0.0038211727006265944,0.003422280746189735
2019-09-27,1.0922753810882568,1.2331976890563965,107.75599670410156,17.219999313354492,-0.0027564192221066833,-0.0022345648697562155,0.000594067838089542,0.069117298365682,0.002833962531643793,0.003618310404298338,0.005106730914349515,0.006076498243435134,0.0036734882364380557,0.003356725011952561
2019-09-30,1.0942714214324951,1.2293167114257812,107.94400024414062,16.239999771118164,0.0018257472434580673,-0.003152047227103084,0.0017431950886102226,-0.05859413848487701,0.0033493280344434034,0.003657672466918958,0.005068792201378663,0.006001920709531069,0.003314151243765645,0.003324759070402258
2019-10-01,1.0899657011032104,1.2289994955062866,108.06900024414062,18.559999465942383,-0.003942544389598497,-0.0002580757677639323,0.0011573378793855533,0.13353137794357536,0.003536195428098505,0.0037134214084070453,0.005200158585813529,0.005968582849700765,0.0032808672733708275,0.0032726017227095445
2019-10-02,1.0934937000274658,1.2292261123657227,107.73699951171875,20.559999465942383,0.00323157095816303,0.0001843743384271362,-0.0030768467486349087,0.10233871602800096,0.003862355064613672,0.003574032462798165,0.0041729657056593095,0.005940139160374318,0.0028608974417635466,0.003281171250554666
2019-10-03,1.0963709354400635,1.230436086654663,107.16300201416016,19.1200008392334,0.002627776184569618,0.000983854113807884,-0.005342008920419147,-0.07261246309518456,0.003302598368781177,0.003598120527931168,0.001731293593004923,0.005655266812570811,0.00307755847668235,0.0035239550038943593
2019-10-04,1.0975382328033447,1.2342326641082764,106.82599639892578,17.040000915527344,0.0010641256168013682,0.0030808038243073745,-0.0031497497193851694,-0.11517137638691566,0.0028608043026672196,0.0036036739946746343,0.002255801746885877,0.005670348384124834,0.003052705058714151,0.003524841402171017
2019-10-07,1.098659634590149,1.2334411144256592,106.76399993896484,17.860000610351562,0.001021221175843762,-0.0006415351304947944,-0.0005805184022189075,0.04700003449327339,0.002822398386955513,0.0033997670557498224,0.0014771391885583865,0.004991402791461618,0.002521781592134628,0.0034163151024198613
2019-10-08,1.0972130298614502,1.2288031578063965,107.2509994506836,20.280000686645508,-0.0013175672354694208,-0.003767264001244798,0.004551086173250829,0.12707160295866954,0.001766050417797646,0.0034071293270284474,0.002504598536039486,0.004888834830994437,0.0037890737773152846,0.003217789332208022
2019-10-09,1.0960105657577515,1.2219561338424683,106.96099853515625,18.639999389648438,-0.0010965267988039308,-0.005587690151559465,-0.002707608307881428,-0.08432543606797953,0.001655423761374752,0.0034025586135383707,0.0035088503497638533,0.004982196849752903,0.0037545773668252493,0.0032622367625168664
2019-10-10,1.0987803936004639,1.2212995290756226,107.1780014038086,17.56999969482422,0.0025240028453327565,-0.0005374834837125685,0.0020267484484026476,-0.05911689168339593,0.0016217560997981734,0.003402873514869251,0.003335281916495273,0.004839718938454471,0.0032559654723805717,0.003193062310497451
2019-10-11,1.1011033058166504,1.2433171272277832,107.87999725341797,15.579999923706055,0.0021118508038712965,0.01786743089929825,0.006528456019205622,-0.1202048492841796,0.0017824397906845344,0.0034392426802381695,0.009415468395271562,0.006225929406566783,0.0037359640119430182,0.003454005627920171
2019-10-14,1.1030004024505615,1.261899709701538,108.45899963378906,14.569999694824219,0.0017214227218684101,0.014835381126576449,0.005352745193056905,-0.06702343628406283,0.0018454279598952641,0.003385265407805817,0.010965564645010507,0.006933890362369761,0.0036675046916561363,0.0035422510800103995
2019-10-15,1.1029006242752075,1.2611771821975708,108.38800048828125,13.539999961853027,-9.046477989097708e-05,-0.0005727352392927739,-0.0006548317293290488,-0.0733163345948488,0.0015538650438874817,0.0032656815432526116,0.01043937040617876,0.006935377555245129,0.0039018816316159907,0.003535138497328884
2019-10-16,1.1034727096557617,1.2760635614395142,108.81700134277344,13.680000305175781,0.0005185753331738292,0.011734440333638515,0.003950198280168571,0.010286669835800254,0.0011025662653961759,0.0032257522729389715,0.00869196835385225,0.006790293079242249,0.0028382380838020958,0.003514862385801562
2019-10-17,1.107493281364441,1.2823801040649414,108.677001953125,13.789999961853027,0.003636940737031737,0.00493781086113994,-0.00128738638181018,0.008008754536357191,0.0014535254729840825,0.0029411898357672214,0.007506784739992991,0.006681085682651386,0.003548978090608099,0.003456553412364883
2019-10-18,1.1127183437347412,1.286860466003418,108.58100128173828,14.25,0.004706823401557925,0.0034876971290871486,-0.0008837481354468164,0.032813217675726924,0.0020371589760884747,0.0028098867478681118,0.006278468318156425,0.0066221369334935574,0.0031117872602522403,0.003459286740251996
2019-10-21,1.1155734062194824,1.2900229692459106,108.40799713134766,14.0,0.002562558558288225,0.0024545191194789906,-0.0015945894797821597,-0.017699577099400975,0.0020329448870356334,0.00269366141130697,0.004566951810550053,0.006568262427406375,0.0022896350087378958,0.003415915859373758
2019-10-22,1.1151753664016724,1.297168254852295,108.60099792480469,14.460000038146973,-0.00035686656150583955,0.005523599266105959,0.0017787358933520295,0.03232888975346327,0.0021121222043209925,0.0026893419197798387,0.0036203504885464234,0.006596641996883621,0.0023967800829209672,0.0033409469610699554
2019-10-23,1.112928867340088,1.2884771823883057,108.48300170898438,14.010000228881836,-0.002016512323627505,-0.006722580807220096,-0.0010871020217053083,-0.03161484268277305,0.002809790049895842,0.002656962742674688,0.004988220734250391,0.00672083987903156,0.0013635226653870257,0.0032447687222851977
2019-10-24,1.1132385730743408,1.2923235893249512,108.64199829101562,13.710000038146973,0.0002782411876379464,0.002980787844438085,0.0014645629057101562,-0.021645880329306155,0.0026285654839368097,0.0025856577222706403,0.00476563028967286,0.006651547044682378,0.0015647370482552742,0.0032491645780348116
2019-10-25,1.1103955507278442,1.2840267419815063,108.60600280761719,12.649999618530273,-0.0025570968400006238,-0.00644079799608244,-0.00033137689226875143,-0.08046831133882339,0.002031206250405274,0.0026443184039025495,0.005725489952935023,0.006850538281381111,0.0015110064307055418,0.0030872043874285993
2019-10-28,1.1084262132644653,1.283202886581421,108.73400115966797,13.109999656677246,-0.0017751204828271693,-0.0006418244937661831,0.0011778629291677104,0.03571808656993594,0.0011935987934392882,0.002314101647004869,0.0054969178817350405,0.006377223783295514,0.001243441554387421,0.002937475700675445
2019-10-29,1.1099148988723755,1.2857435941696167,108.96399688720703,13.199999809265137,0.0013421613323952551,0.001978015840827813,0.0021129805067027106,0.006841543554959068,0.0016705926079402097,0.0021979900419194297,0.004588975807261262,0.006316248186296069,0.001328681369375232,0.002959096569893381
2019-10-30,1.1114816665649414,1.2866700887680054,108.8740005493164,12.329999923706055,0.0014106152649590552,0.0007203309829948832,-0.0008262685488287674,-0.06818150415412919,0.0018179537643083095,0.0021898859384998455,0.003701971821180131,0.0062221090355568396,0.0012450648443455459,0.002958677823973748
2019-10-31,1.1154489517211914,1.290172815322876,108.78900146484375,13.220000267028809,0.003563011187457375,0.0027186202982471814,-0.0007810154964949554,0.0696955436338059,0.002519383248536287,0.0020077304458719454,0.0036456568565885945,0.006201341973112094,0.0013123341576331614,0.0029635943301245717
2019-11-01,1.1157102584838867,1.2939623594284058,107.99600219726562,12.300000190734863,0.00023423408127475206,0.0029329323473914885,-0.007316030087317487,-0.07213157673711974,0.0019450104677913233,0.0019536461246341032,0.0014961171901505487,0.0061863006308854555,0.003685244348435441,0.003311166033641612
2019-11-04,1.1166571378707886,1.2937614917755127,108.22000122070312,12.829999923706055,0.0008483186461446384,-0.00015524659109432198,0.00207199374731836,0.042186894795746596,0.0012563541352960369,0.0019157943277086707,0.0013245797651241964,0.0062028743244821605,0.0038433212495396552,0.003100533280486361
2019-11-05,1.1128545999526978,1.2891582250595093,108.69400024414062,13.100000381469727,-0.0034110980809337267,-0.003564393859918024,0.0043703935633306245,0.02082608664591415,0.002534545994438872,0.002117134882328421,0.0026378964878999533,0.006322719124714021,0.004386898094530936,0.0030997554988116474
2019-11-06,1.107419729232788,1.288062334060669,109.14600372314453,12.619999885559082,-0.004895684739124028,-0.0008504441430229492,0.0041498725619828715,-0.037329411282083405,0.0034055826689600283,0.0024193226170512823,0.0027023755375668638,0.00632699779855821,0.0048348733913852835,0.00316371315669157
2019-11-07,1.1070396900177002,1.2856775522232056,108.91300201416016,12.729999542236328,-0.0003432343040610424,-0.0018531651412495233,-0.0021370527382989176,0.008678528565025828,0.0025021158856700513,0.0023959368721393043,0.002400630668935853,0.006257126717889232,0.004961015169396878,0.0031276667391525225
2019-11-08,1.1019697189331055,1.2779992818832397,109.27400207519531,12.069999694824219,-0.0045902746872287185,-0.00599006333121238,0.003309091592846965,-0.05323836678426071,0.002588396965996166,0.0026067320621851625,0.0023425024988446373,0.006281077363431512,0.0026670337894224173,0.003078269829034435
2019-11-11,1.102244257926941,1.2796396017074585,109.22599792480469,12.6899995803833,0.0002491037604672152,0.0012826830712035166,-0.0004393972646496211,0.050091238833960224,0.002403102680034161,0.0025567252332009513,0.0027521221933726994,0.006257476506165791,0.002954178120652106,0.003082948826738627
2019-11-12,1.1035456657409668,1.2858428955078125,109.04199981689453,12.680000305175781,0.0011799926648196426,0.004835975997974376,-0.0016859837758999479,-0.0007882755830037765,0.0028503626515750096,0.0025301360693419255,0.003991996234795421,0.0052280352766883986,0.0029039014194995436,0.002852614422396504
2019-11-13,1.1012367010116577,1.285214900970459,108.99299621582031,13.0,-0.0020945065673948536,-0.0004885106439089067,-0.00044950216975241114,0.024923384384966617,0.002278170622045124,0.002544496920985741,0.003987672173617389,0.004311155369511016,0.0021424956574179923,0.00264175889855064
2019-11-14,1.1013215780258179,1.2853800058364868,108.7979965209961,13.050000190734863,7.707129932495918e-05,0.0001284565419605665,-0.0017907053407616607,0.0038387909228639093,0.0023213329793523043,0.0025446920449098834,0.003910154330829059,0.004302858318947348,0.002071903657999762,0.0026706787508656046
2019-11-15,1.1020498275756836,1.2881784439086914,108.49199676513672,12.050000190734863,0.0006610320661624054,0.002174762477562872,-0.0028165121965937697,-0.07972347261911736,0.0012533195572255365,0.0025464287334906856,0.002087403379651278,0.003573745313719667,0.0010075360775781324,0.0026035959565323358
2019-11-18,1.105509877204895,1.2921231985092163,108.6989974975586,12.460000038146973,0.003134730585158303,0.0030575942044371585,0.0019061637044574375,0.03345884065557855,0.0018906644445621547,0.002513763162445235,0.002171989131446128,0.003482104698985474,0.0018123877017967012,0.002625278877837397
2019-11-19,1.1072357892990112,1.2950851917266846,108.66200256347656,12.859999656677246,0.0015599736293654563,0.00228972240716957,-0.00034040084862390854,0.031598175691663004,0.001927502527508701,0.0023095611463725364,0.001526231159063576,0.0034397119850260727,0.001778580587860016,0.002619026711626184
2019-11-20,1.1080001592636108,1.2929502725601196,108.44499969482422,12.779999732971191,0.0006901025558301477,-0.001649838018288465,-0.001999041381992116,-0.006240264057409244,0.0011917626415065136,0.0022352681895717874,0.0019273099813164084,0.0034279852059936585,0.001857656165076471,0.002632387595215344
2019-11-21,1.1078859567642212,1.2927078008651733,108.47799682617188,13.130000114440918,-0.0001030761451725312,-0.00018755124519291924,0.00030422898568945836,0.027018268975576847,0.0012369920681312347,0.002235667639936075,0.00197581022165747,0.003207075331172551,0.001873201049859442,0.0026039743174520453
2019-11-22,1.1065863370895386,1.2919896841049194,108.58499908447266,12.34000015258789,-0.001173751261188495,-0.0005556679517872652,0.000985909795626198,-0.06205366618814352,0.0016393224917059636,0.0022119150495617267,0.001994498002853028,0.0028561552615500524,0.001471668335115334,0.0026022223491324373
2019-11-25,1.1022562980651855,1.2853471040725708,108.7300033569336,11.869999885559082,-0.0039206455924227866,-0.005154619117413074,0.0013345079019108,-0.03883183186216162,0.002117316003975174,0.0023406854165907032,0.002708764426806996,0.0029920537924708894,0.0013173131375845892,0.0025989841729687287
2019-11-26,1.1014429330825806,1.289723515510559,108.99199676513672,11.539999961853027,-0.0007381815159191847,0.0033990645680385136,0.0024066794767091367,-0.028194941206063983,0.0017519823767371116,0.00229440435550689,0.0030719476760418256,0.0027473879936517503,0.0016427725874819943,0.0026456529285368404
2019-11-27,1.1022562980651855,1.2860909700393677,109.09700012207031,11.75,0.0007381815159192047,-0.0028205042713426737,0.0009629405109477953,0.01803398281584462,0.0017640051985822482,0.0022835485007576734,0.0031923338306113426,0.0028175917809778743,0.0007711353136793636,0.002642114767725918
2019-11-28,1.1004853248596191,1.2929919958114624,109.36699676513672,11.75,-0.0016079721459086524,0.00535154730062514,0.0024717736961623934,0.0,0.0016911683953917333,0.0022719616437094463,0.00433062188659183,0.003009785820985968,0.0007514855615188696,0.0026558703796266668
2019-11-29,1.101176142692566,1.29128897190094,109.51200103759766,12.619999885559082,0.0006275423045720938,-0.001317986843013725,0.0013249722004407692,0.07142960745468059,0.0019128879637108128,0.0022484568357421055,0.00437024797529696,0.0030261250780797533,0.0006914689766722212,0.002657129735090888
2019-12-02,1.1019041538238525,1.29128897190094,109.53500366210938,14.90999984741211,0.0006609029720223214,0.0,0.00021002455274673343,0.16674927049786895,0.001058959503630771,0.002082444120041132,0.00337752500142784,0.0029718109464678386,0.0009677887431075732,0.002646922527881475
2019-12-03,1.1079105138778687,1.294062852859497,109.02200317382812,15.960000038146973,0.005436089218695316,0.00214584490697711,-0.004694440483270531,0.06805347586910651,0.0025814990462364627,0.0024408405909651853,0.0031890280348331056,0.002939882900127361,0.00277755278803247,0.002326887865786897
2019-12-04,1.1085245609283447,1.2997816801071167,108.65299987792969,14.800000190734863,0.0005540853176037691,0.004409544551632711,-0.003390409042798085,-0.07545840075426388,0.0025905117276638838,0.0024349395082128504,0.0028284142766385354,0.003085617512177751,0.003086900791530266,0.0024323557016901675
2019-12-05,1.108303427696228,1.311131477355957,108.83200073242188,14.520000457763672,-0.00019950418705007048,0.008694175606210806,0.001646098759995723,-0.019100152734486845,0.00227517608808049,0.0023358189682987827,0.003954640879952219,0.0034559909417540735,0.002882385601244053,0.0022730756803266933
2019-12-06,1.1105434894561768,1.3158414363861084,108.73799896240234,13.619999885559082,0.002019123089264813,0.003585848984095627,-0.0008641060440362015,-0.06398774860412379,0.0022394748103956065,0.002127919727632073,0.003222622047618287,0.0034863383067561178,0.0025967008750526644,0.0020869799624324155
2019-12-09,1.105888843536377,1.3139568567276,108.62699890136719,15.859999656677246,-0.004200130717519964,-0.0014332505926807312,-0.001021324240560845,0.15226090224066827,0.0035003536091172236,0.0023189042223040503,0.003673652290157444,0.0034712635971760404,0.0024583363522384053,0.0020501403949298998
2019-12-10,1.106499433517456,1.314578652381897,108.58200073242188,15.680000305175781,0.0005519736322186549,0.0004731118630432709,-0.0004143306185739684,-0.011414160174614862,0.002347583727105812,0.002086715265600698,0.0038950651932441512,0.0031068557290378474,0.0017954849327471711,0.0019019532699087462
2019-12-11,1.1092746257781982,1.3131287097930908,108.76399993896484,14.989999771118164,0.002504942866564743,-0.0011035800689478343,0.0016747421026332854,-0.04500273753946496,0.0026573326386980073,0.002144562539775379,0.004215102391025952,0.0031482370247187747,0.0013478996348445886,0.0019468590422015784
2019-12-12,1.1135857105255127,1.3200099468231201,108.54900360107422,13.9399995803833,0.003878867315365377,0.0052266542651059995,-0.001978679642119639,-0.07262092161478878,0.003115341156434407,0.0022713989412739607,0.0029395127358316257,0.0031708952185311753,0.0013532865034424516,0.0019585151529610714
2019-12-13,1.1186057329177856,1.347527265548706,109.41300201416016,12.630000114440918,0.004497849743318054,0.020631985727795107,0.007928014206692145,-0.09868742980731063,0.003501144919745707,0.0023582154023321185,0.009263544489220945,0.005191372466850847,0.003972681829347406,0.0026137341651986104
2019-12-16,1.1124460697174072,1.335327386856079,109.4000015258789,12.140000343322754,-0.005521771250448632,-0.009094762382315871,-0.00011882738307336226,-0.03956913151179382,0.0040421408985198155,0.002706334298962069,0.011012445194749023,0.005709168198876424,0.003863382837686673,0.002577924667740472
2019-12-17,1.1136974096298218,1.3272457122802734,109.57599639892578,12.289999961853027,0.001124222275714461,-0.006070593440086189,0.001607435633221064,0.01228010656239552,0.004027905697512283,0.002709798003595317,0.011783345889453626,0.00594456275969958,0.0037270332531153167,0.0024985891631686477
2019-12-18,1.115138053894043,1.3122154474258423,109.51599884033203,12.579999923706055,0.0012927328987956917,-0.011389011929905532,-0.0005476928541182322,0.023322324733552835,0.003973118038280024,0.002651630649355143,0.013249305101598595,0.0065181302266355545,0.0038785116413421468,0.0024853143496628666
2019-12-19,1.1115927696228027,1.3087291717529297,109.5510025024414,12.5,-0.0031842980116769575,-0.0026603215524073514,0.00031957037977154345,-0.006379600899337429,0.003973464243123608,0.0027436264420385168,0.01291607511922087,0.006546066754584846,0.0034988485544481134,0.0024806846696443807
2019-12-20,1.1125946044921875,1.3017443418502808,109.38300323486328,12.510000228881836,0.0009008548009907165,-0.005351401985310563,-0.0015347026606176047,0.0007996984664742051,0.0031052221090760905,0.0027458647871507337,0.003392207275567395,0.006650063154861755,0.0011554582671520909,0.002461466075435882
2019-12-23,1.1079840660095215,1.3005423545837402,109.4990005493164,12.609999656677246,-0.0041525618246866895,-0.0009237931805656928,0.0010599073775551064,0.00796177997586865,0.0026410009761217135,0.002897834698640339,0.003993413679247515,0.006654527327488675,0.001255092366421611,0.0024654600427091587
2019-12-24,1.109385371208191,1.2944984436035156,109.38200378417969,12.670000076293945,0.0012639349687982339,-0.004658055405201409,-0.0010690445855319002,0.004746877604070856,0.002667109928752453,0.0028972604091963327,0.003973329193244646,0.00673588323079862,0.001048295618191481,0.0024821010154615535
2019-12-25,1.1090162992477417,1.2934937477111816,109.38300323486328,12.670000076293945,-0.0003327368246873999,-0.000776428882728847,9.137207976879648e-06,0.0,0.002441450825089405,0.0027568667093566487,0.0020957781368260864,0.006637569528542294,0.001052196708743753,0.002472687033915721
2019-12-26,1.1095454692840576,1.2973533868789673,109.36900329589844,12.649999618530273,0.0004770388220483902,0.002979444037011395,-0.00012799826804782283,-0.0015798153368500416,0.0021972394127234385,0.002747697442889268,0.0033698999873830577,0.006628798553086247,0.001010584533935005,0.0024271262769374456
2019-12-27,1.110111951828003,1.3002209663391113,109.54199981689453,13.430000305175781,0.0005104234111590525,0.002207891082304351,0.0015805195220787262,0.05983384824076533,0.002147210403569486,0.0027465275462547232,0.003026192509255757,0.006603874257256998,0.0010438876114115838,0.002440427023157638
2019-12-30,1.1182304620742798,1.3091918230056763,109.4280014038086,14.819999694824219,0.007286623560670526,0.006875793700219911,-0.0010412241197395031,0.098486566017198,0.003096117566217973,0.003082844635588578,0.004316854905818907,0.006664947476687237,0.0010790474906966472,0.002398242408228553
2019-12-31,1.120229721069336,1.3113033771514893,108.87300109863281,13.779999732971191,0.0017862810709916835,0.0016115691436405992,-0.005084736163245784,-0.07275935306826804,0.003080549367834978,0.0030909504905043054,0.0027818760158088824,0.006654772593112161,0.002505097614204772,0.002612600944399839
2020-01-01,1.1220825910568237,1.326259970664978,108.68099975585938,13.779999732971191,0.0016526425861242138,0.011341341881175934,-0.0017650918104786942,0.0,0.0028313464338349326,0.003096361488558051,0.0040954593661942365,0.007026912273840363,0.0024636217373511164,0.0026293462932314438
2020-01-02,1.1220825910568237,1.3250298500061035,108.71299743652344,12.470000267028809,0.0,-0.0009279413646539506,0.00029437501778691353,-0.09989246510187225,0.002916677705915031,0.002922899371250946,0.00487648770914672,0.007038064696171056,0.002519925935696922,0.0024460867886537817
2020-01-03,1.1171437501907349,1.3152703046798706,108.54299926757812,14.020000457763672,-0.004411210053900827,-0.0073927880950686005,-0.0015649575267829463,0.11715913315156223,0.004198258980600267,0.0031104946513632395,0.0072029060425609194,0.0072192605895383555,0.001987641668579864,0.0023596199369125834
2020-01-06,1.1161960363388062,1.308010220527649,107.96399688720703,13.850000381469727,-0.0008486965705175967,-0.0055351325323139515,-0.005348591694199268,-0.012199654080917048,0.002521799545813298,0.003119044051109656,0.007369060486685419,0.00709003792470517,0.0024408230601507363,0.0025815622268505205
2020-01-07,1.1197994947433472,1.317002534866333,108.40599822998047,13.789999961853027,0.0032231383954302996,0.006851280623417593,0.0040856123083622305,-0.00434157113735511,0.0028839815420747122,0.0031605176677789574,0.00803051471953981,0.007204317418565975,0.003437123583791097,0.0027463298219884934
2020-01-08,1.1154738664627075,1.31137216091156,108.01599884033203,13.449999809265137,-0.00387033975832015,-0.004284307390477361,-0.0036040681361374045,-0.024964597172115213,0.0031051741502945377,0.0031384781925341636,0.0056115866129591765,0.007257528730367116,0.0036500211097929896,0.002839465889004158
2020-01-09,1.1113210916519165,1.3105130195617676,109.03099822998047,12.539999961853027,-0.0037298266820401005,-0.0006553615596449535,0.009352875666277977,-0.07005555970406599,0.00319705786947837,0.00325856937944938,0.005629032557759466,0.007257350844912298,0.006052025413695208,0.0035002768417004234
2020-01-10,1.1111111640930176,1.3070186376571655,109.50700378417969,12.5600004196167,-0.0001889169480695333,-0.0026699841210056615,0.00435627948074699,0.001593662286273741,0.0029228438578202806,0.0032181012719695147,0.004887987856489651,0.007274908859188018,0.006105445292279202,0.0035998035620094532
2020-01-13,1.1116669178009033,1.3045634031295776,109.56600189208984,12.319999694824219,0.0005000532657698783,-0.0018802666066746717,0.0005386159664386566,-0.019293261114412975,0.0030107808710263316,0.003106623760189948,0.004330027981361951,0.0071790656208186076,0.0048227209801535945,0.0035634333052190405
2020-01-14,1.1135733127593994,1.2988194227218628,109.99199676513672,12.390000343322754,0.00171342886823665,-0.004412712315111154,0.003880481788042765,0.005665790016104042,0.0025443689012016116,0.0029647900034427445,0.0016019051952607245,0.005437091854941654,0.0048114607636369905,0.0032480808885259438
2020-01-15,1.113089919090271,1.3022528886795044,109.85399627685547,12.420000076293945,-0.0004341866069445138,0.002640040368589028,-0.0012554288981753117,0.002418359297446369,0.00202523201257056,0.00271851720027973,0.002636108374408162,0.005246640282937941,0.00407551726651857,0.00326306333230964
2020-01-16,1.1154004335403442,1.3041210174560547,109.88300323486328,12.319999694824219,0.0020736147906197213,0.0014335081333197435,0.0002640152385876757,-0.008084149313550433,0.00112082650256357,0.0027441899250496603,0.0029317115947892353,0.005153939782404621,0.002441987149649456,0.0032477744614962923
2020-01-17,1.1139578819274902,1.3078734874725342,110.17500305175781,12.100000381469727,-0.001294140833420409,0.002873262245371665,0.002653845621878824,-0.018018449205493302,0.0014177119159625407,0.002744700073013673,0.0031702652855737307,0.004628660050395032,0.0020396045987386394,0.0032875778655776047
2020-01-20,1.1094592809677124,1.3007283210754395,110.18000030517578,12.100000381469727,-0.004046570453323238,-0.005478171672472006,4.535638712704082e-05,0.0,0.0024841223215997118,0.0027972701569790553,0.004032036583629513,0.004739085047572053,0.002091838057348357,0.003287911501446832
2020-01-21,1.109693169593811,1.3005592823028564,110.1729965209961,12.850000381469727,0.00021079095030663436,-0.00012996546218214697,-6.356876723192315e-05,0.06013835689846975,0.0022441955669567637,0.0027895199767421354,0.0034259758147482055,0.004601699615063795,0.0014277700210886778,0.003264544562378714
2020-01-22,1.108561396598816,1.3048017024993896,109.90799713134766,12.90999984741211,-0.0010204176837492315,0.0032566880143503835,-0.0024081999387682027,0.0046583520116063905,0.0022422735028455264,0.0026502913846332718,0.003541863844486407,0.0046495919004447646,0.001793726667602248,0.0033108799919536708
2020-01-23,1.1096439361572266,1.3144749402999878,109.72799682617188,12.979999542236328,0.0009760499881296328,0.007386223830276398,-0.0016390787523592302,0.005407482969901856,0.0019191951604816113,0.0026445806319633004,0.004768065682786143,0.004764340079422147,0.0019452796907751854,0.0033232414323392918
2020-01-24,1.1055220365524292,1.311991572380066,109.552001953125,14.5600004196167,-0.0037215309488002925,-0.0018910339408312585,-0.0016052071490055407,0.11486839557927134,0.002275180298268171,0.0027616318282112306,0.004919069102707722,0.0047866187129854895,0.001076734719157531,0.0033441081207503894
2020-01-27,1.1025358438491821,1.3061821460723877,108.802001953125,18.229999542236328,-0.0027048154401573266,-0.0044377772192146035,-0.006869605649982108,0.22479049199174436,0.0019600287174020526,0.002810475780624256,0.004608353524199535,0.004874797783308749,0.0025777145907033036,0.0036573450795759875
2020-01-28,1.101976990699768,1.3060115575790405,108.91999816894531,16.280000686645508,-0.0005070083082549927,-0.00013060937506377,0.001083916437537018,-0.11313116082847623,0.0018492620462754958,0.002805076516724781,0.004608387304904123,0.004856866768276828,0.0028836904747165265,0.0036471162718644356
2020-01-29,1.1022562980651855,1.3024563789367676,109.13200378417969,16.389999389648438,0.00025342813606535716,-0.002725876591290578,0.0019445424040061218,0.006733952764836166,0.0019958039984091717,0.0022387896553322075,0.004599627907193537,0.004655842929744154,0.003441300611739352,0.0036720833848289188
2020-01-30,1.1016855239868164,1.3022021055221558,108.98699951171875,15.489999771118164,-0.000517957493631393,-0.00019524510943501225,-0.00132958881740212,-0.05647671586379793,0.0016877111279023492,0.0021720947442732653,0.0018135975392612042,0.004637629129695184,0.0034390921079475298,0.0035143589008568843
2020-01-31,1.1029127836227417,1.3089004755020142,108.87699890136719,18.84000015258789,0.0011133636077491934,0.005130694383695535,-0.0010098099777866726,0.19578763759468787,0.0014167237225922685,0.0021464775636247783,0.0036190700996660574,0.004045409042380999,0.003438578762137845,0.0034994657341293365
2020-02-03,1.1089794635772705,1.31816565990448,108.37200164794922,17.969999313354492,0.005485525052044301,0.007053665450375502,-0.00464902634029749,-0.04727861466255202,0.0025064179075063,0.0025267247495103337,0.004089095932781054,0.004360152606438241,0.0025603135512123733,0.003641017712728756
2020-02-04,1.1062926054000854,1.2997479438781738,108.61199951171875,16.049999237060547,-0.002425760277789674,-0.01407076220548597,0.002212125874313245,-0.11299486054395456,0.0029364925107838607,0.002414614171719965,0.00832031604704564,0.005058620081855459,0.0028049931012633905,0.003659767617763872
2020-02-05,1.1047282218933105,1.3032711744308472,109.4469985961914,15.149999618530273,-0.0014150782738120962,0.0027070355952618537,0.007658506853298844,-0.057708295264997385,0.0031016930879291505,0.0024221458214955444,0.008386782912656111,0.004975560653442648,0.004644506769087251,0.0037977155817770347
2020-02-06,1.1002310514450073,1.2997140884399414,109.81400299072266,14.960000038146973,-0.00407914716479985,-0.00273308362967307,0.003347651744902473,-0.012620531679595415,0.0037251746660888715,0.0023921897348322045,0.008487208974655498,0.004746286602837549,0.004635652897249058,0.0037687976595731985
2020-02-07,1.0982975959777832,1.2930254936218262,109.96800231933594,15.470000267028809,-0.0017588635635342222,-0.005159492069405964,0.0014013827346688842,0.03352270674978579,0.003680828492136674,0.0023039245961472316,0.008052605515018825,0.004782163691451116,0.004428532034814297,0.0036530752830669514
2020-02-10,1.0949305295944214,1.2891582250595093,109.6449966430664,15.039999961853027,-0.003070422989157765,-0.0029953495762552003,-0.002941591897643604,-0.028189365860722355,0.00106518903575748,0.0022666925999100117,0.006110429855074743,0.00480846211501246,0.003810982425347659,0.0031964854655129643
2020-02-11,1.0913456678390503,1.2918227910995483,109.76599884033203,15.180000305175781,-0.003279425511196765,0.002064770697657487,0.0011029730690216971,0.009265476085964121,0.0011078849697380103,0.002329990850725784,0.003434099630599371,0.004824217657295693,0.003852027417455369,0.0030704974030554806
2020-02-12,1.091941475868225,1.2956557273864746,109.84300231933594,13.739999771118164,0.000545789907371758,0.0029626828305407637,0.0007012780145903617,-0.0996675219351536,0.0018100761482309309,0.0023312409626504377,0.0035083459561990396,0.0048700214223882776,0.00228708782540456,0.0030717808455849277
2020-02-13,1.0875948667526245,1.295756459236145,109.84600067138672,14.149999618530273,-0.003988568387689874,7.774282319207808e-05,2.7296332635255272e-05,0.029403326994118618,0.0017884985112274815,0.002353750057117455,0.003419766868841564,0.004783272868728241,0.0017542054041828929,0.002954454267002932
2020-02-14,1.0845986604690552,1.3046824932098389,109.75800323486328,13.680000305175781,-0.0027586935935611265,0.006865047934648164,-0.0008014192789569882,-0.03377966262767974,0.0017671979327329099,0.0023757799875267476,0.003641361927682216,0.004979616649682058,0.001602621488846396,0.002947286261121015
2020-02-17,1.0841753482818604,1.3052955865859985,109.79100036621094,13.680000305175781,-0.00039037003474076096,0.00046980730771847373,0.00030059012844415385,0.0,0.0019516397152474858,0.0022709263826495418,0.002713182488111509,0.004971418691401367,0.0007224179192063027,0.002947476068840266
2020-02-18,1.0840108394622803,1.3008975982666016,109.83000183105469,14.829999923706055,-0.00015174787186237877,-0.0033750318431414903,0.0003551706336238307,0.08071721650269721,0.0019298425949470567,0.0022838663408931196,0.0037987918518218753,0.004980376029808544,0.0005664254662935659,0.002887641570208834
2020-02-19,1.079540491104126,1.3002209663391113,109.91899871826172,14.380000114440918,-0.00413242307371629,-0.0005202622840492793,0.0008099867744590213,-0.030813790754032733,0.0019157171104227794,0.0022889602151943416,0.003759749771773792,0.004842473357688629,0.0005958037040020705,0.0028946042329444166
2020-02-20,1.081009864807129,1.2928247451782227,111.20999908447266,15.5600004196167,0.001360184848757387,-0.005704674766168272,0.011676578351900684,0.07886518546665965,0.0021986611388525065,0.002336340425886339,0.004757317549186747,0.004992168211736381,0.00518164401660155,0.0038331763307686154
2020-02-21,1.078799843788147,1.2883278131484985,111.9540023803711,17.079999923706055,-0.0020464967645173063,-0.003484440751175164,0.00666779630688128,0.09320463817566582,0.0020942086641562653,0.0023430185523121167,0.0024870280861812206,0.004972164941921016,0.005079034861531944,0.003998476139039258
2020-02-24,1.0839051008224487,1.29537034034729,111.55699920654297,25.030000686645508,0.004721186336458318,0.005451522756803943,-0.0035524299789840793,0.3821669489830182,0.0033695463485038687,0.0026299492158502837,0.004313150305820705,0.004839956792170136,0.00598494259995238,0.0040750054872497445
2020-02-25,1.0849199295043945,1.292657732963562,110.85700225830078,27.850000381469727,0.0009358327590466026,-0.0020962743063346074,-0.006294561087651288,0.1067578471940069,0.0033963219671481557,0.0025932692230765616,0.004212890597740116,0.0048426286146239774,0.00735482660547582,0.004319455555438837
2020-02-26,1.0881996154785156,1.3003394603729248,110.28600311279297,27.559999465942383,0.003018415136661551,0.005924996680843811,-0.005164082974161939,-0.010467553303130208,0.0025273133000461414,0.0026843404941398873,0.005336244761493307,0.004961703190243077,0.0080232291192816,0.004193643937546548
2020-02-27,1.0885894298553467,1.2906889915466309,110.36299896240234,39.15999984741211,0.0003581554049379228,-0.007449175978487231,0.0006979034757503445,0.3512903869983254,0.0025898235583204855,0.0026920160848506033,0.005837462517691999,0.005196355336842471,0.005295404572547511,0.004192399375011049
2020-02-28,1.0997228622436523,1.2888922691345215,109.66000366210938,40.11000061035156,0.010175447527352876,-0.0013930343889896485,-0.006390219969139206,0.02396988123311851,0.003941662061636903,0.003533592963183164,0.005626087554417222,0.005177348374754561,0.002937044245454633,0.004434544327982087
2020-03-02,1.1051311492919922,1.2807048559188843,107.6969985961914,33.41999816894531,0.004905810422639446,-0.006372548321239871,-0.018062987784646697,-0.18247122662084647,0.003952808404416577,0.0036891603904356802,0.005282322564924317,0.005326758053366523,0.006816860144847509,0.00590434534212066
2020-03-03,1.1144047975540161,1.2767152786254883,108.48699951171875,36.81999969482422,0.008356433460813023,-0.003120004003925362,0.007308630046633653,0.09688669913855864,0.00396468362201393,0.004082235439873346,0.005293384829976937,0.005180971710880689,0.009411062226799454,0.006134766210505062
2020-03-04,1.118067979812622,1.2820841073989868,107.03700256347656,31.989999771118164,0.003281729195869594,0.004196371690072871,-0.013455752602242904,-0.1406178207099828,0.003927330064622777,0.003979066085581807,0.0046207488568241134,0.004998614134847309,0.010286348153824723,0.006702479929411429
2020-03-05,1.113908290863037,1.2874983549118042,107.677001953125,39.619998931884766,-0.0037273637898381047,0.004214113074595061,0.005961430289385196,0.21391066750477977,0.005393809888957747,0.004031955767897289,0.004648316908694013,0.004228131125528051,0.011354551537484813,0.006822996856478668
2020-03-06,1.1223849058151245,1.295068383216858,106.24800109863281,41.939998626708984,0.0075809876464607955,0.005862423513665828,-0.013360028881938215,0.05690597841817758,0.00481712894181355,0.004296010069238426,0.005373772657629576,0.004390046347829067,0.011989076337454385,0.007107526104547949
2020-03-09,1.1386020183563232,1.3099292516708374,103.93800354003906,54.459999084472656,0.01434540861589893,0.011409630066325697,-0.021981392854217848,0.26122647770501733,0.006702675714576071,0.005046129836640908,0.005192224616670895,0.0050069413011975495,0.013031201402946151,0.008267440529370146
2020-03-10,1.1397960186004639,1.3075313568115234,103.11199951171875,47.29999923706055,0.0010481051458756956,-0.0018322304621264526,-0.007978830216966932,-0.14095619106651924,0.006846781466490901,0.004993476433422995,0.004730369523587048,0.0048810817211655646,0.010313892000479986,0.00829849365663001
2020-03-11,1.1316505670547485,1.2909722328186035,105.0260009765625,53.900001525878906,-0.007172069563950376,-0.012745295574937886,0.01839217648386589,0.13062022685630376,0.00866791519625313,0.005249519595480342,0.009200002465107255,0.005603408362201592,0.01602496346487181,0.00946156348912582
2020-03-12,1.1261515617370605,1.2818212509155273,104.55000305175781,75.47000122070312,-0.004871123222760194,-0.007113684445312549,-0.004542492786798908,0.33660473624706455,0.008882966397766028,0.005328886871287567,0.009708836339963231,0.005786055207361037,0.015087554913186616,0.009451189742434455
2020-03-13,1.1184931993484497,1.257023572921753,104.61000061035156,57.83000183105469,-0.006823700781210622,-0.01953523616306209,0.0005737001261125968,-0.2662275386386179,0.009030582967496058,0.005611073603020128,0.011730310462226399,0.007027129514778772,0.014644113297204659,0.009449355451248673
2020-03-16,1.115536093711853,1.2399870157241821,106.68800354003906,82.69000244140625,-0.0026473308768339967,-0.013645774379139535,0.01966956511934563,0.35759100142604205,0.0033935156169526614,0.005560299747317973,0.006746195529061318,0.007486072939797311,0.01297497218320086,0.010537040950881628
2020-03-17,1.1163206100463867,1.2266627550125122,106.17500305175781,75.91000366210938,0.0007030167891367934,-0.01080363371279655,-0.004820015367508322,-0.08555022898742644,0.003263841149364621,0.005492904152582822,0.004538626039713293,0.007437363419913738,0.012226803961749537,0.010562316812598407
2020-03-18,1.101552128791809,1.2121652364730835,107.37699890136719,76.44999694824219,-0.013317896271767483,-0.011889062580958499,0.011257291267017374,0.0070884161852661845,0.005239831770947499,0.006313662834074228,0.004555851597417087,0.00764232678974032,0.010721423440112357,0.010904458145776461
2020-03-19,1.0961546897888184,1.1625338792800903,108.36000061035156,72.0,-0.004911892531991977,-0.041806210556735314,0.009113026640454895,-0.05997077344066582,0.005238851363862101,0.0064256318158337055,0.012897547340024311,0.011206144011223778,0.009539279771294073,0.011114527115104626
2020-03-20,1.0657345056533813,1.149438500404358,111.29100036621094,66.04000091552734,-0.028144080771162875,-0.011328438902228117,0.02668937291930426,-0.08640548610090365,0.01155590271994636,0.008837654561555235,0.013409701643868016,0.011232165669367977,0.011891909165151494,0.012549164721327475
2020-03-23,1.0694386959075928,1.162304162979126,110.46199798583984,61.59000015258789,0.003469689454375606,0.011130819715397701,-0.007476843591906627,-0.06976111073872138,0.01274683953001567,0.008871145382885665,0.018847600184154514,0.011784799156081485,0.013779888700557059,0.012405062442077213
2020-03-24,1.0764610767364502,1.1595547199249268,110.8270034790039,61.66999816894531,0.006544952365581136,-0.0023683130439644804,0.0032989061523233873,0.001298037135797007,0.014000524897259873,0.008987663768740791,0.01945431819955017,0.011793300804916374,0.01246107444437937,0.01233546486123894
2020-03-25,1.080263614654541,1.1792036294937134,111.12000274658203,63.95000076293945,0.0035262190611547056,0.016803251086398654,0.002640264834105645,0.036303980642873955,0.014207017767421852,0.008960718637473745,0.023108100919554782,0.012490319955061743,0.012592781156469432,0.012332190919312048
2020-03-26,1.0889569520950317,1.1851149797439575,110.8759994506836,61.0,0.00801521441819402,0.005000478822790232,-0.002198268362881612,-0.04722767578178987,0.015124168974266834,0.009127247705334244,0.011081212092988521,0.012639900049201694,0.013091409141584917,0.012266197017507252
2020-03-27,1.1048258543014526,1.2200626134872437,109.10900115966797,65.54000091552734,0.014467411219748412,0.029062380758886924,-0.016065061609712973,0.07178679306634327,0.004508899550278845,0.009611032679777568,0.01194116476679338,0.014347712161461424,0.008035228963658145,0.0126976529728769
2020-03-30,1.113908290863037,1.245319128036499,107.41300201416016,57.08000183105469,0.008187089303251458,0.020489644851751705,-0.015666156858993262,-0.13820683255227567,0.003996396462952819,0.009742232955655083,0.012505568958041016,0.015140136312084268,0.00961131212456712,0.013097883945303802
2020-03-31,1.1030466556549072,1.2371643781661987,108.03500366210938,53.540000915527344,-0.00979877568790389,-0.006569855696412213,0.005774046263306593,-0.06402476949529684,0.00908273141620176,0.009781479863379969,0.013924097796095495,0.015176519682297576,0.010228059800684934,0.013126465463036727
2020-04-01,1.102657437324524,1.2408487796783447,107.50800323486328,57.060001373291016,-0.0003529198097441969,0.002973676080372684,-0.004889989102114312,0.0636743146607622,0.009387768822078594,0.009723480674281153,0.014336567367279831,0.015175053961950975,0.009316632684332509,0.012584982545253864
2020-04-02,1.0953621864318848,1.238236665725708,107.25700378417969,50.90999984741211,-0.006638045995333951,-0.0021073214109148353,-0.0023374344680031664,-0.11404400493580827,0.010120024097980405,0.009627408516806405,0.015299962881685395,0.015171241306927919,0.009300354824674329,0.012482931973514522
2020-04-03,1.0847399234771729,1.2394952774047852,108.0009994506836,46.79999923706055,-0.009744816047908876,0.00101593862146468,0.006912622229446081,-0.08417617829556022,0.0076627045638418875,0.009765085247866907,0.01033638080201874,0.0151305628774419,0.00915275655368522,0.01223048174957001
2020-04-06,1.0806955099105835,1.2220158576965332,108.69300079345703,45.2400016784668,-0.0037354318739070817,-0.014202424901386703,0.006386920675043989,-0.03390149827216874,0.004057851995450316,0.009765177928277352,0.006852394419158949,0.015305750421206573,0.00555035984159181,0.012240015224790969
2020-04-07,1.0803803205490112,1.2240501642227173,109.11499786376953,46.70000076293945,-0.0002916967182406305,0.0016633295887968527,0.003874950423733482,0.031762492662577586,0.004091714037703403,0.009563484595474264,0.007001388019120879,0.015224129938539851,0.005319283235061129,0.011861272933130806
2020-04-08,1.0895144939422607,1.2338672876358032,108.6510009765625,43.349998474121094,0.008419050808379198,0.0079882061208661,-0.00426143283939958,-0.07443751298438658,0.006985476390892265,0.009164134222281331,0.008176075825533818,0.015091489886016676,0.005119740695904414,0.010762144303381887
2020-04-09,1.0863661766052246,1.23931086063385,108.9219970703125,41.66999816894531,-0.0028938347371023966,0.004402094359852748,0.0024910833267128814,-0.03952526653493427,0.006607816728124351,0.00914014020227918,0.008493337886178835,0.015167277361183852,0.004486092933447795,0.010528081599784356
2020-04-10,1.0927408933639526,1.2454850673675537,108.56099700927734,41.66999816894531,0.005850777165835929,0.0049695988077792285,-0.003319803409128262,0.0,0.005401936351671216,0.009222925749270463,0.008770893516319187,0.015063767097539147,0.004632630553365764,0.009969403020087067
2020-04-13,1.0932666063308716,1.2461059093475342,108.33599853515625,41.16999816894531,0.00048098003060578255,0.0004983498484554685,-0.0020747042093711347,-0.012071610186211567,0.004665072182616557,0.009202832490595825,0.0029446304859888028,0.01501918020782773,0.00362427033258511,0.009911838793578417
2020-04-14,1.0922993421554565,1.2523951530456543,107.62300109863281,37.7599983215332,-0.0008851384596624093,0.005034424100440703,-0.006603105481572935,-0.08645949447997496,0.004754599602373439,0.00912127751880426,0.0026770163006835795,0.01450203616741621,0.003368250336469021,0.010064730233627835
2020-04-15,1.098538875579834,1.26262629032135,107.10399627685547,40.84000015258789,0.0056960393003238855,0.008136068772417187,-0.00483409947345522,0.0784117002063237,0.00395148489040669,0.009225736122927897,0.002724494536488725,0.014279884697054119,0.0034412853214092986,0.009257461730642786
2020-04-16,1.0905101299285889,1.252097249031067,107.60900115966797,40.11000061035156,-0.007335406043470732,-0.00837396449591415,0.004704007862192004,-0.018036302033797233,0.005445190935855678,0.009326242934551473,0.006433072547395941,0.014194830263532498,0.004330313429942885,0.009235323612726666
2020-04-17,1.0858471393585205,1.2487823963165283,107.94499969482422,38.150001525878906,-0.004285139918145141,-0.0026509509659746306,0.003117537192129496,-0.0500998972716128,0.004940138691599584,0.008952390836339393,0.006471903618647728,0.013931670547064767,0.004915399186415172,0.008946995503550315
2020-04-20,1.0866966247558594,1.248751163482666,107.66999816894531,43.83000183105469,0.0007820191746308519,-2.501094228855069e-05,-0.0025508584998289673,0.13879275847971348,0.0049685017566668595,0.008905577579407117,0.006476749350813416,0.010084814217169563,0.004942619171078087,0.00873932888839413
2020-04-21,1.0864840745925903,1.2442762851715088,107.66899871826172,45.40999984741211,-0.0001956120482852273,-0.0035899188510028165,-9.282579542495464e-06,0.035413785542628626,0.004989143874088699,0.006399245249873051,0.006078132087015008,0.009678830796759562,0.00392701200839036,0.006338338149779121
2020-04-22,1.0856467485427856,1.2298610210418701,107.72100067138672,41.97999954223633,-0.0007709720633413682,-0.01165289186955029,0.0004828632181879804,-0.07853903826147382,0.0033742663373072927,0.006381256424120297,0.00467886869681784,0.01004699419299844,0.0028278759314437057,0.0062069742081684205
2020-04-23,1.080964207649231,1.2323921918869019,107.81300354003906,41.380001068115234,-0.00432246331143561,0.0020559800457219174,0.0008537202709789423,-0.014395605358408076,0.0023890314443458203,0.006326320070469849,0.005234667828358458,0.009987584804814256,0.0020291973067447957,0.006145249507751745
2020-04-24,1.077702283859253,1.235223650932312,107.66699981689453,35.93000030517578,-0.0030221678851646873,0.0022948955335305287,-0.0013551489067546128,-0.14122508851070348,0.0021049729752762214,0.006315906239697282,0.005795163693272104,0.00948304164797062,0.0014120413911230204,0.006083431809617337
2020-04-27,1.08236825466156,1.2366595268249512,107.49500274658203,33.290000915527344,0.004320208971249524,0.0011617669209127819,-0.0015987684154222391,-0.07631553053054217,0.0033139262604809277,0.0061361794316913435,0.005928437260306446,0.009462612123021921,0.001098338992496793,0.0060811918014520945
2020-04-28,1.0824854373931885,1.2422668933868408,107.28299713134766,33.56999969482422,0.00010825926220592308,0.004524035953590102,-0.0019741843597651447,0.008375722812708732,0.0033304848899856103,0.005182930782998983,0.006453248463147838,0.007315376198287314,0.001291519211502865,0.005131854870694471
2020-04-29,1.0836584568023682,1.2435646057128906,106.74099731445312,31.229999542236328,0.0010830485703049676,0.0010440872154110976,-0.005064861787573974,-0.07225364526404565,0.003427610171757345,0.004794719043015093,0.0014003256493149098,0.005854461977811326,0.0021193396891412814,0.004049902663612687
2020-04-30,1.087725043296814,1.2471472024917603,106.61000061035156,34.150001525878906,0.0037456223174487475,0.002876767386578392,-0.0012279925740893527,0.08938347406129576,0.0029680436248894723,0.004505823745682683,0.001424751302641068,0.005698940992695315,0.0016022416074606667,0.0038196284823539565
2020-05-01,1.094546914100647,1.2581465244293213,107.28500366210938,37.189998626708984,0.0062521016248604224,0.008780920571590424,0.006311557343975177,0.08527724031216191,0.0024929937523688974,0.004739557832297486,0.0031885134932865223,0.005954280397758332,0.004210803747801447,0.00396486000182341
2020-05-04,1.0959625244140625,1.2454230785369873,106.73799896240234,35.970001220703125,0.0012924943262924613,-0.010164331296550345,-0.0051116551403979985,-0.033354579366393695,0.0024907839311646956,0.00453453535815902,0.007075982393459658,0.006364278217325367,0.00466460301750969,0.004081983192345281
2020-05-05,1.0904293060302734,1.244555115699768,106.6969985961914,33.61000061035156,-0.00506151744593804,-0.0006971650389417211,-0.0003841953492561975,-0.06786163174739818,0.004209768998416362,0.004147457628085222,0.006884635417936412,0.006365107774893724,0.004671010120221401,0.003758417642453676
2020-05-06,1.0838581323623657,1.2444202899932861,106.4520034790039,34.119998931884766,-0.006044457194208517,-0.0001083383197000831,-0.002298816533909489,0.015060031421976575,0.005406862198661973,0.004279893519678229,0.0068756297027408346,0.005498313136991121,0.004225958133360098,0.003437265005092119
2020-05-07,1.0798553228378296,1.232559323310852,106.19100189208984,31.440000534057617,-0.003699948420920635,-0.009577032669522418,-0.0024548347360827216,-0.08180270677123987,0.0051492228048821065,0.004356982347711694,0.007825407772558557,0.005922657217989456,0.004310500847955647,0.003275538784194736
2020-05-08,1.0837171077728271,1.237593173980713,106.35900115966797,27.979999542236328,0.003569826442106355,0.0040757464519163315,0.0015807979313176702,-0.11659103167062464,0.004197713575416218,0.004019176107482372,0.006282577224380389,0.00573711274525196,0.0025028499888029424,0.003255226515377544
2020-05-11,1.0839520692825317,1.2417423725128174,106.91899871826172,27.56999969482422,0.00021678724144065777,0.003347027723983775,0.0052513512487951325,-0.014761738910366265,0.004010912042445545,0.003975945168391912,0.005437821179414099,0.005704077379884148,0.003199994410494123,0.0034427387553673766
2020-05-12,1.080940842628479,1.2333498001098633,107.56600189208984,33.040000915527344,-0.0027818730242308957,-0.006781650122641324,0.006033103801875591,0.1809907623958621,0.003724184724200546,0.003781816702302201,0.006106895560107084,0.005775058712636575,0.004019487159244593,0.00369093992740092
2020-05-13,1.0846810340881348,1.2254902124404907,107.13800048828125,35.279998779296875,0.003454153486910613,-0.006392944963898734,-0.0039869025821671605,0.06559722017571892,0.003392457441279625,0.003870385250888299,0.00631267834915323,0.005906840790331599,0.004476138084520999,0.003753778854755035
2020-05-14,1.08236825466156,1.224155068397522,106.93299865722656,32.61000061035156,-0.0021344971862724505,-0.0010900714365629975,-0.0019152701163599078,-0.07869718802023445,0.0029973390432852733,0.003887609837681327,0.005159960876340319,0.0057634135181264,0.004368658487843078,0.003516730106103859
2020-05-15,1.0806955099105835,1.2233912944793701,107.36499786376953,31.889999389648438,-0.0015466442661771166,-0.0006241139735111222,0.004031766966935989,-0.02232654663523837,0.0025052964945896567,0.003644518698763993,0.004271957421906054,0.005390018570324447,0.004529596096784024,0.003479278794133743
2020-05-18,1.0821340084075928,1.2085760831832886,107.20800018310547,29.299999237060547,0.0013302007365226065,-0.012183876070303775,-0.0014633500963239735,-0.08470497189855637,0.00263742462018643,0.003355036428198185,0.004751299481840867,0.005677141320350144,0.004269111025310223,0.0033371103221569616
2020-05-19,1.0915124416351318,1.2200031280517578,107.38099670410156,30.530000686645508,0.008629270343230282,0.009410546829636273,0.001612352552866427,0.041122339253499486,0.004363738597170643,0.0037413712693836784,0.007996497151007972,0.006135523765454318,0.0031609818532406064,0.0032814718685241456
2020-05-20,1.0927767753601074,1.2255953550338745,107.80999755859375,27.989999771118164,0.00115766159200992,0.004573307325500453,0.003987168926834042,-0.08686253388754123,0.004285537150089137,0.00374483481327567,0.008054450160236076,0.0062497149342839375,0.002861067230762815,0.003357227508383739
2020-05-21,1.0982975959777832,1.2236906290054321,107.59100341796875,29.530000686645508,0.005039383759406821,-0.001555331982320276,-0.0020333630306816936,0.053559423658212896,0.003958274410737623,0.003878853867239788,0.008073105726374917,0.00622224519218775,0.0028940325468985416,0.003386794145501487
2020-05-22,1.0952903032302856,1.2223445177078247,107.63099670410156,28.15999984741211,-0.0027418957158269978,-0.001100647662654348,0.0003716468257934045,-0.04750419313706584,0.004315579104284778,0.003931801723989733,0.00808400121754561,0.005729650598997141,0.0024334487462166483,0.0033860704979651554
2020-05-25,1.0907801389694214,1.218605637550354,107.73500061035156,28.15999984741211,-0.004126281178358824,-0.003063465325972162,0.0009658341208155388,0.0,0.005316899226490218,0.003920783425741869,0.005216050765413349,0.0057342751963984665,0.002173337471952565,0.0033875604867130197
2020-05-26,1.0902997255325317,1.220137119293213,107.68699645996094,28.010000228881836,-0.0004405280636237495,0.0012559602195674317,-0.0004456754819659952,-0.005340928427787514,0.0035786402820861766,0.003851155901382393,0.0029793231791391253,0.005714307212150377,0.0022182292492885156,0.003376186409866602
2020-05-27,1.0981770753860474,1.23350191116333,107.49099731445312,27.6200008392334,0.0071989649335533965,0.010893961075737563,-0.0018217401907659352,-0.014021419077315366,0.004926927561173169,0.0040308469041650166,0.005590190549014466,0.006209115156202145,0.001319721501432973,0.003381571271570548
2020-05-28,1.1016855239868164,1.2264822721481323,107.7979965209961,28.59000015258789,0.0031897006443984094,-0.005707075773654631,0.0028519750049626983,0.03451683330519279,0.004605439943297223,0.004064194358706656,0.0063715041114399355,0.006228136066688963,0.001730840441242872,0.0034039857365212086
2020-05-29,1.1079105138778687,1.2321492433547974,107.64299774169922,27.510000228881836,0.005634519843012447,0.004609866266334824,-0.0014388979829037067,-0.03850742841489395,0.004602109583755003,0.004193132991880462,0.006532545691953175,0.006318195002575576,0.0019138901544350246,0.003218776028803363
2020-06-01,1.1118524074554443,1.2347996234893799,107.70800018310547,28.229999542236328,0.003551638495555174,0.0021487118682750514,0.000603688341421813,0.025835642793460543,0.0028866522823778776,0.004187297701895073,0.005996641773838927,0.006301995363486624,0.001875728344542281,0.003198762113311814
2020-06-02,1.1125946044921875,1.248704433441162,107.5479965209961,26.84000015258789,0.0006673092775855425,0.011197851848509846,-0.001486636321661491,-0.0504919082613202,0.0024928771832057944,0.004019477295641953,0.006989030852618161,0.006488913896960465,0.0019851827026261194,0.0029418803904588246
2020-06-03,1.118943691253662,1.2581465244293213,108.80899810791016,25.65999984741211,0.005690338279647767,0.007533065026772417,0.011656807009237014,-0.044959964547610816,0.0020719880559335025,0.0041551569837395145,0.006370021116992035,0.006307753546562369,0.005453338050879447,0.003618647150888931
2020-06-04,1.1235954761505127,1.2575136423110962,108.9990005493164,25.809999465942383,0.004148682561719183,-0.0005031539155760506,0.001744678714954177,0.005828639797671805,0.0020518252813767636,0.003981703184857872,0.004566084208913909,0.0063061911854415875,0.0054547759943408694,0.00361187154998976
2020-06-05,1.1337867975234985,1.2609069347381592,109.1500015258789,24.520000457763672,0.00902938836116304,0.002694779824663198,0.0013843840608246556,-0.05127286330163272,0.003064946906640286,0.003943291438040054,0.004685465860732526,0.006322229604843219,0.0051175641891769395,0.0035377283025917997
2020-06-08,1.1319515705108643,1.2725722789764404,109.63400268554688,25.809999465942383,-0.0016199817594840025,0.009209017082866505,0.004424472904020989,0.05127286330163285,0.004183189244938002,0.0038220088050485864,0.004818655738660167,0.006148750199192341,0.004995039220286166,0.003508979733505098
2020-06-09,1.1305567026138306,1.2735283374786377,108.40899658203125,27.56999969482422,-0.001233028042661829,0.0007509982448870639,-0.011236490018734066,0.06596622092794538,0.004581688181656694,0.0038733702943461647,0.0042466025456580235,0.0061219965462606316,0.008275865148654617,0.00442957472946456
2020-06-10,1.1332215070724487,1.2711325883865356,107.7969970703125,27.56999969482422,0.00235429926666161,-0.001882961911037808,-0.005661278264600833,0.0,0.004366795429716469,0.0038552914200441035,0.004339970815043172,0.006140281184829056,0.006430051058608597,0.004525291114455761
2020-06-11,1.1365444660186768,1.2710679769515991,106.98100280761719,40.790000915527344,0.0029280210908834464,-5.083110737316229e-05,-0.007598526751204584,0.39170876180778363,0.004287488472443234,0.003705900583740974,0.004277615700018712,0.005893510492644297,0.006474851343924366,0.004644869847902897
2020-06-12,1.1288082599639893,1.257703423500061,106.8030014038086,36.09000015258789,-0.00683004994336145,-0.010570095723656855,-0.0016652456819580101,-0.12242115289168394,0.003906309396264319,0.004170275742467976,0.007059581938293228,0.006214062420952015,0.005997819782262118,0.004581821037924648
2020-06-15,1.1252011060714722,1.2508755922317505,107.31099700927734,34.400001525878906,-0.003200658370140185,-0.0054435982172441845,0.004745103658825588,-0.0479592141463831,0.004042731733033553,0.004224174418031247,0.0046456422607833,0.0063574401890796,0.0061156088205582436,0.004678127073201471
2020-06-16,1.1337740421295166,1.2637752294540405,107.46399688720703,33.66999816894531,0.007590147436824098,0.01025967523058939,0.0014247459728448377,-0.02144942994569364,0.005634825806982163,0.004330972390660083,0.007719265841384478,0.006643579723404436,0.005044202717920046,0.004607883801456068
2020-06-17,1.1265701055526733,1.258510708808899,107.41000366210938,33.470001220703125,-0.006374216046632403,-0.004174410371248848,-0.0005025570901646753,-0.005957627095808134,0.006260536982072099,0.004698779410285717,0.007812358478087802,0.006052530764754464,0.004547587049657371,0.0045974794540349345
2020-06-18,1.1242902278900146,1.2552721500396729,106.89399719238281,32.939998626708984,-0.002025784015529618,-0.0025766430458245915,-0.004815658735960838,-0.01596186863598208,0.005825268516061496,0.004509824444137926,0.007736440501713102,0.0058755526324439766,0.0035577272532629706,0.004698966130397789
2020-06-19,1.1211000680923462,1.2426837682724,107.00599670410156,35.119998931884766,-0.0028415210931360207,-0.010079031613549087,0.0010472138863956574,0.06408305529479859,0.0052743046123601405,0.004597477951062832,0.007610487652907342,0.0063013190852496915,0.003477232193953653,0.004615075255311626
2020-06-22,1.1177555322647095,1.234811782836914,106.83100128173828,31.770000457763672,-0.0029877213296057113,-0.0063548141780334355,-0.0016367182767909588,-0.10024827566350966,0.005256661807984195,0.004593722221336069,0.00771174405854432,0.006461601392859622,0.0025114301605259504,0.004608916614620089
2020-06-23,1.1279679536819458,1.250156283378601,106.90299987792969,31.3700008392334,0.009095057230980143,0.012350014297616929,0.0006737215279190074,-0.012670413734777106,0.005898797469470395,0.004845634820557483,0.008588935320831284,0.006931031566994596,0.0023555035859809726,0.004611531411686211
2020-06-24,1.1312345266342163,1.2524893283843994,106.43199920654297,33.84000015258789,0.0028917950091841924,0.001864463486704882,-0.004415603990794186,0.07579149029179619,0.005214706829300231,0.004697643213712433,0.008660374757049885,0.0068720685758761595,0.0027469912359289325,0.0046828907278873575
2020-06-25,1.1250872611999512,1.2412954568862915,107.04399871826172,32.220001220703125,-0.0054489396656502145,-0.008977476119859816,0.005733676800139324,-0.04905612361179041,0.005866723235315388,0.004920135110759425,0.00940067594045903,0.007209464235046271,0.0037486240532887166,0.004871174525151822
2020-06-26,1.1222084760665894,1.2425447702407837,107.15499877929688,34.72999954223633,-0.0025620007730021385,0.0010059531576956133,0.0010364200791599099,0.07501643794001076,0.005832420391919932,0.004813871372056958,0.008336474932742317,0.006848175092441056,0.003748075170867707,0.004865991712938242
2020-06-29,1.1225864887237549,1.2342174053192139,107.21800231933594,31.780000686645508,0.0003367903676439813,-0.006724421409942992,0.0005877936263443029,-0.08876667086055672,0.00556171923964334,0.004789989835289512,0.008407995863554492,0.006894176887218737,0.0035927383025952182,0.004823403693404757
2020-06-30,1.1247202157974243,1.2310571670532227,107.58999633789062,30.43000030517578,0.0018989199031385483,-0.0025638036691335714,0.0034635059471347564,-0.04340820877712465,0.00341590964105121,0.004677353264135652,0.0047294613483123684,0.006849422244864688,0.003794117625096316,0.004878558837333741
2020-07-01,1.1235954761505127,1.2389271259307861,107.98899841308594,28.6200008392334,-0.0010005176272754655,0.00637249842626442,0.003701682821790074,-0.06132317048603611,0.0028192640829141145,0.004645053582961685,0.00612985006234808,0.006971805854116936,0.002110040308383192,0.004941792292168485
2020-07-02,1.1251378059387207,1.2464786767959595,107.36599731445312,27.68000030517578,0.0013717322924298595,0.006076733300201816,-0.005785822005000097,-0.03339566167701841,0.0018142115284357887,0.004648850150364415,0.00563173124578323,0.006664132593481084,0.0038337134162880213,0.005091034894729348
2020-07-03,1.1237848997116089,1.2466403245925903,107.49700164794922,27.68000030517578,-0.001203159527819667,0.00012967515531145816,0.0012194221467841907,0.0,0.001383427892956006,0.004513372532626972,0.005638649099018874,0.006444641843989559,0.003839781748311533,0.0043825322285480466
2020-07-06,1.1247202157974243,1.247551679611206,107.5790023803711,27.940000534057617,0.0008319448626654612,0.0007307817983846183,0.0007625279887974273,0.009349231168656014,0.0014059807562081456,0.004429680419349594,0.003923154400386606,0.00644922976907551,0.003840013492115069,0.004362987844011597
2020-07-07,1.1312856674194336,1.249547004699707,107.35900115966797,29.43000030517578,0.005820437088329796,0.0015981150650588966,-0.0020471139948186516,0.051955199671667306,0.0028339195660712488,0.004164675065035981,0.0030079781721798066,0.006428687139801852,0.0036233067178536834,0.00435013471791791
2020-07-08,1.1275228261947632,1.2542802095413208,107.5780029296875,28.079999923706055,-0.0033317075936469443,0.003780780441114916,0.0020378235635620046,-0.046956996174339266,0.0034118971584421996,0.004210157679059471,0.0024489091499958395,0.006139533484449013,0.0032007629878297674,0.004243343728086831
2020-07-09,1.1339154243469238,1.2613521814346313,107.28299713134766,29.260000228881836,0.005653583667688177,0.005622435574030579,-0.0027460170401607097,0.04116382697373443,0.004092752814718036,0.004380558609484927,0.0022842126050199247,0.006279036472372253,0.002111446965994721,0.00359061507605868
2020-07-10,1.1287955045700073,1.2605094909667969,107.23600006103516,27.290000915527344,-0.004525481756836082,-0.000668308264819854,-0.0004381623229596495,-0.06970103514598858,0.004851663812688152,0.004459427273434239,0.0024979580539189433,0.0062710488870103215,0.001966948760859199,0.003398895913341561
2020-07-13,1.1310042142868042,1.2627506256103516,106.91000366210938,32.189998626708984,0.0019547842241856806,0.0017763806578332745,-0.0030446204466336555,0.16513543438034217,0.00487425271261739,0.004431891499472544,0.0023840453001214125,0.006287714286123598,0.0020954090342440775,0.0030499956863627264
2020-07-14,1.134549617767334,1.255177617073059,107.2760009765625,29.520000457763672,0.003129836355739189,-0.0060152876828251265,0.00341756849427199,-0.08658778740950648,0.004344544755147137,0.004228793888627583,0.004517995354941699,0.006001882845754899,0.002859859124558301,0.003112120107983507
2020-07-15,1.1410704851150513,1.25692880153656,107.24500274658203,27.760000228881836,0.005731084189124986,0.001394196308077056,-0.0002889994887048698,-0.0614718713555444,0.0041944747220987915,0.004311624178542931,0.004255921978346977,0.005887476445946617,0.0025905268952396885,0.0029425371513140206
2020-07-16,1.1417193412780762,1.2591001987457275,106.91699981689453,28.0,0.0005684764957306626,0.0017260514469579554,-0.003063131482019446,0.008608366291577263,0.003803195427179266,0.0040225780116429095,0.0033192708700266545,0.005460085698883628,0.002658576676195277,0.0029921756003117137
2020-07-17,1.139211654663086,1.2559500932693481,107.27799987792969,25.68000030517578,-0.0021988281362380624,-0.0025050052745557816,0.003370764054789697,-0.08649201946965146,0.0029472975434869,0.0037832010670634138,0.003460892716156967,0.005413160241334807,0.0032306023592447853,0.00308791690176976
2020-07-20,1.1442956924438477,1.2571184635162354,107.08999633789062,24.459999084472656,0.004452839784056593,0.0009298356210083757,-0.0017540266416532062,-0.04867339787609937,0.0031751608904839,0.003828519632110883,0.003326026676741352,0.005388100855956649,0.0029588336748971296,0.002928042453674011
2020-07-21,1.1458691358566284,1.266175389289856,107.19599914550781,24.84000015258789,0.001374087699634121,0.007178684050697526,0.0009893583201702953,0.01541617037865467,0.0031625760499588494,0.0037420111176077377,0.003477620671263922,0.0050885834469361095,0.0024885975530355747,0.0029271613155917244
2020-07-22,1.15340256690979,1.2730745077133179,106.83200073242188,24.31999969482422,0.006552908037431887,0.005433994825163884,-0.003401412565054143,-0.021156218658487835,0.0034170247604748,0.0038108773345200625,0.003827499430868769,0.004911233129968787,0.0028893055780856254,0.0029997424840322515
2020-07-23,1.1568717956542969,1.2729934453964233,107.17500305175781,26.079999923706055,0.003003306800597305,-6.367647558100267e-05,0.003205526987229361,0.06986968958345098,0.0033070368798491273,0.003429404769325467,0.004003763973755917,0.004261897971598194,0.0030041919780212233,0.0030744379143233156
2020-07-24,1.1596084833145142,1.2730745077133179,106.83799743652344,25.84000015258789,0.002362799250454524,6.367647558103976e-05,-0.003149396466758395,-0.009245049313565606,0.002017144421927896,0.003418448282122121,0.0033635757888458985,0.004258231405002835,0.0028478417157300254,0.0029964366844767664
2020-07-27,1.1652567386627197,1.2795906066894531,105.99299621582031,24.739999771118164,0.004859005509410978,0.005105341153139485,-0.007940625998348506,-0.04350232710665229,0.0020701163893652426,0.0031718742063110046,0.003329743810980621,0.0037566915326131215,0.004318341484328019,0.0031994300188015893
2020-07-28,1.1769275665283203,1.2889753580093384,105.26100158691406,25.440000534057617,0.009965846353996966,0.007307418388074841,-0.006930023251957579,0.027901401751899087,0.0030587755174625543,0.0034979136463460744,0.0033651876861676556,0.003961377191231906,0.004372597675829839,0.003463303320073355
2020-07-29,1.171879529953003,1.292373776435852,105.10700225830078,24.100000381469727,-0.0042983898977795604,0.002633057531505093,-0.0014640948557526014,-0.054110903139523485,0.005135467656620852,0.003744143931644358,0.0032065811568735662,0.00349196089516155,0.004483798238711016,0.0034514593906037907
2020-07-30,1.1782865524291992,1.298246145248413,105.03199768066406,24.760000228881836,0.0054524132545194165,0.0045335703793761796,-0.0007138568361288801,0.02701760073518276,0.0052304973454776,0.003817612464997937,0.0027286987163055447,0.0033668698749420227,0.0032426380882671314,0.003311832298568294
2020-07-31,1.1872254610061646,1.311785101890564,104.68299865722656,24.459999084472656,0.007557730482728887,0.010374648268051236,-0.0033283203557951373,-0.012190364230958175,0.005418900316263106,0.003919714558461636,0.002963680129429365,0.0036840339972566455,0.0032313256150307028,0.0031629065622085202
2020-08-03,1.1782310009002686,1.3101695775985718,105.86599731445312,24.280000686645508,-0.007604877620557198,-0.0012323054315708975,0.011237394894577899,-0.007386098357863181,0.007712902764212196,0.004471549389958613,0.0044297221146063935,0.0036848922156490116,0.006851052393118867,0.004010892609377577
2020-08-04,1.1763322353363037,1.3078734874725342,106.02999877929688,23.760000228881836,-0.0016128392275391056,-0.0017540511425259211,0.0015479433364900916,-0.021649490344071855,0.006436390105200315,0.004486769511191917,0.004933196584907704,0.003758036509788978,0.0057404070720019715,0.004018746982365299
2020-08-05,1.181544303894043,1.3086093664169312,105.61399841308594,22.989999771118164,0.004420992329538805,0.0005624947724811936,-0.003931138208153516,-0.03294417530814062,0.006191458561409783,0.004504548606690455,0.0050479309215797925,0.003761295756802157,0.006145836302517499,0.004065913406373725
2020-08-06,1.187281847000122,1.3126804828643799,105.5530014038086,22.649999618530273,0.004844217313191569,0.0031061957699149195,-0.000577713478211359,-0.014899493732265028,0.006103245742690259,0.004472295306265409,0.004943229715180279,0.00376408168258812,0.006136848126855741,0.0040571638338197215
2020-08-07,1.1876484155654907,1.3138015270233154,105.58100128173828,22.209999084472656,0.0003086983850073394,0.0008536469869520239,0.00026523324275282254,-0.019617238402179348,0.005087163964686547,0.004322884668533882,0.0019246421938073548,0.0037587721833861345,0.0056995817028918745,0.004016116962265558
2020-08-10,1.1782727241516113,1.3052273988723755,105.8499984741211,22.1299991607666,-0.007925657651976375,-0.006547586166648065,0.0025445401841049584,-0.003608480544858315,0.005208741643825995,0.004776126862986453,0.0036668966566961287,0.004097136125808538,0.002486171460101399,0.004055490169071238
2020-08-11,1.1737778186798096,1.3077194690704346,105.99199676513672,24.030000686645508,-0.003822121048824024,0.001907479240580856,0.001340605880549202,0.08236896218281374,0.0054677789145988346,0.004734330758325542,0.0037815391524220997,0.004067294443705403,0.0024547992552226053,0.004076780500230615
2020-08-12,1.1736538410186768,1.3050740957260132,106.52100372314453,22.280000686645508,-0.00010562834554598832,-0.0020249393476647975,0.00497859471631028,-0.07561363244488703,0.004796306784511096,0.004750980066374514,0.0038575666277618067,0.004142663881689123,0.0021701154564506527,0.004198210330746967
2020-08-13,1.179380178451538,1.3048017024993896,106.8219985961914,22.1299991607666,0.004867204375342793,-0.0002087403759196832,0.002821700918095465,-0.0067553297379267675,0.0048037218982248525,0.004790458067776365,0.0033216566061168205,0.003813009259993931,0.0017696703546161445,0.004175854586384238
2020-08-14,1.1816558837890625,1.3070528507232666,106.98600006103516,22.049999237060547,0.0019277181561497953,0.0017237933701424323,0.0015341006701155844,-0.003621548847649006,0.00499309369226835,0.004708304993450869,0.0034756399049792473,0.003812140849469395,0.0014510784844302695,0.004191912621594454
2020-08-17,1.1852554082870483,1.3107001781463623,106.55400085449219,21.350000381469727,0.0030415396512393574,0.0027866110691553273,-0.004046078430613497,-0.03226080975035776,0.003327684197273784,0.004712309493587366,0.0019376262051553578,0.0038181611319753127,0.0033347156944656025,0.004229954131929478
2020-08-18,1.1876484155654907,1.3107877969741821,105.99500274658203,21.510000228881836,0.0020169448636142393,6.684663724117425e-05,-0.005259957819258716,0.007466196378288244,0.0018120363007273408,0.0046311883478270125,0.001856516891626515,0.0037172931663447036,0.00444802237952496,0.00428726560935239
2020-08-19,1.1947859525680542,1.325398564338684,105.2239990234375,22.540000915527344,0.005991819503850231,0.01108488928287257,-0.00730054721490783,0.04677359530916783,0.0017983523427696183,0.004683033795439781,0.004634057672675237,0.004186446421746393,0.0044055370326423005,0.004518479988828191
2020-08-20,1.1843500137329102,1.311079978942871,106.0790023803711,22.719999313354492,-0.008772937668035469,-0.010862008501025226,0.008092720099382942,0.007954014401352709,0.005620607539993555,0.005213410910995702,0.00785797173615597,0.004910888996350135,0.006233740100867865,0.004890812201643286
2020-08-21,1.1873664855957031,1.3220343589782715,105.66500091552734,22.540000915527344,0.002543704941241629,0.008320522262330444,-0.003910401106515544,-0.007954014401352787,0.005657014572074166,0.005097201490717269,0.008542263642294655,0.005055088760527032,0.006067264261002313,0.004906487883943937
2020-08-24,1.1798018217086792,1.3094146251678467,105.87699890136719,22.3700008392334,-0.006391340754740066,-0.009591544913253,0.002004311739459432,-0.007570736211465015,0.006324561599178051,0.0053372651205999795,0.01002370570244956,0.005594156068093863,0.006277748643902497,0.0048698436472800755
2020-08-25,1.1794538497924805,1.307138204574585,105.99299621582031,22.030000686645508,-0.00029498449271552575,-0.0017400154445472134,0.0010949858754560147,-0.01531562103515096,0.006137698932313698,0.00533246866937932,0.010044397855732001,0.005625991698788159,0.005901218793620077,0.0048461373115100004
2020-08-26,1.183501958847046,1.3152183294296265,106.40499877929688,23.270000457763672,0.00342631292556195,0.006162510948847512,0.003879538318936153,0.054759805003130275,0.005433727739649384,0.005288739974843792,0.008779603865841977,0.00566531194397754,0.0043628017587791935,0.004615528664916512
2020-08-27,1.1842728853225708,1.3219819068908691,105.85600280761719,24.469999313354492,0.0006511822732343915,0.005129373338811793,-0.005172850328243367,0.050282852407834394,0.003859063930643187,0.004868285887544998,0.007328523173190948,0.005572659066515727,0.003918895941353602,0.0045004670823300345
2020-08-28,1.1819632053375244,1.3199577331542969,106.63700103759766,22.959999084472656,-0.0019521980310365427,-0.0015323394236302732,0.007350846687759094,-0.06369431781739199,0.0036314732834835514,0.004788190039427039,0.006347562862636152,0.005590579006551675,0.00459050349090524,0.004726725774913431
2020-08-31,1.1918240785598755,1.3356484174728394,105.53500366210938,26.40999984741211,0.008308183307316214,0.011817164159448168,-0.0103878670189104,0.13998918895490434,0.004016523413702233,0.0049673413499895635,0.005714219462064048,0.006012062815789124,0.007121401319855072,0.005278142312605243
2020-09-01,1.193901538848877,1.3364516496658325,106.00399780273438,26.1200008392334,0.0017415756438502092,0.000601199204374575,0.004434122367999926,-0.011041383993239473,0.0038205802262434576,0.0047237012327769785,0.005202642663466165,0.005659651620954669,0.0074734733059073815,0.005289287820985155
2020-09-02,1.1923214197158813,1.339943766593933,105.89600372314453,26.56999969482422,-0.0013243685869994246,0.002609568742060582,-0.0010192929510362608,0.01708141174784904,0.004093403094971266,0.004405114052734545,0.005150177700215464,0.0056517114650192395,0.007155470353845014,0.004727891100651077
2020-09-03,1.184735894203186,1.335131287574768,106.20800018310547,33.599998474121094,-0.006382304050645309,-0.0035980180843304607,0.002941921691621897,0.23474327327010025,0.005438916968543464,0.004627859160396188,0.0059690464048773725,0.0057082232942106325,0.006875571035860251,0.0047586841634665415
2020-09-04,1.1839784383773804,1.3262248039245605,106.08599853515625,30.75,-0.0006395501907557035,-0.006693216987290954,-0.0011493651456618219,-0.08863602730356801,0.005347321061113593,0.004539421904450228,0.007072380898422363,0.005935990736253628,0.00577097580960981,0.004683496042593819
2020-09-07,1.183445930480957,1.3245735168457031,106.31099700927734,30.75,-0.0004498626544599933,-0.0012458792353344057,0.0021186604613433148,0.0,0.0030074499959683873,0.004414186128347915,0.0036263888237120707,0.005921264484226126,0.0024713798615593123,0.004697361394307575
2020-09-08,1.1821727752685547,1.3162224292755127,106.30500030517578,31.459999084472656,-0.0010763825397821381,-0.006324695719585934,-5.640877618712538e-05,0.022826874276290363,0.002488203790077034,0.004417252166568892,0.0038594868495710707,0.006090998368334097,0.0018640531321227867,0.004698057577773729
2020-09-09,1.177024483680725,1.2968486547470093,105.96800231933594,28.809999465942383,-0.0043644504422306754,-0.0148286280086644,-0.003175140171327055,-0.087994337969611,0.0026554398888967356,0.004179920511760246,0.0051345433005558225,0.006741455467256954,0.0024726995850418,0.004726721712513653
2020-09-10,1.1806375980377197,1.2999167442321777,106.23100280761719,29.709999084472656,0.0030650000384235014,0.00236300969969135,0.002478811083880322,0.030761128099848593,0.0026368099784198607,0.004141541429688711,0.006498709364910542,0.006749230146390906,0.0023467842044853685,0.0047476960056621696
2020-09-11,1.1824384927749634,1.2808295488357544,106.14299774169922,26.8700008392334,0.0015241955964890776,-0.01479226647528419,-0.0008287744331005878,-0.10047320479855545,0.0028190432970953646,0.004149168349892811,0.007797961919464621,0.007422455233437065,0.002310145289178043,0.004623488625153811
2020-09-14,1.1842728853225708,1.2806557416915894,106.1449966430664,25.850000381469727,0.0015501619098305707,-0.00013570809488894017,1.8831977503430118e-05,-0.03869983814901202,0.0029253136208050325,0.004035493769806378,0.008014342867055406,0.007422773119523024,0.0020265752635597674,0.0045757384296917685
2020-09-15,1.187000036239624,1.2849671840667725,105.71499633789062,25.59000015258789,0.0023001587836135036,0.00336093538170405,-0.0040592930225512745,-0.010108959576996254,0.0029638794297276337,0.0040439111525452254,0.009220679868983823,0.007457918009265364,0.0026074891781967444,0.004624749316408543
2020-09-16,1.1844412088394165,1.2884771823883057,105.38099670410156,26.040000915527344,-0.0021580365093011983,0.002727861961070382,-0.0031644363087055434,0.01743219636437699,0.002011022977271344,0.004022128042901598,0.00766097819069028,0.007456592537571734,0.0026053765372209257,0.004596685598075584
2020-09-17,1.1803449392318726,1.2959998846054077,105.06199645996094,26.459999084472656,-0.0034643925057169208,0.0058214666001082955,-0.0030317045360181974,0.016000271587512268,0.002581847664860034,0.004058815426510763,0.008210280743854674,0.007587401882477454,0.0017234747212740524,0.00451062568903545
2020-09-18,1.1848200559616089,1.2975554466247559,104.697998046875,25.829999923706055,0.003784194404350613,0.00119955968330227,-0.003470621548322913,-0.024097519932326384,0.0030766580324552606,0.0039213236103495825,0.002259337084841466,0.007147654542651832,0.0015930099722844943,0.004300716657267391
2020-09-21,1.1845533847808838,1.2932761907577515,104.53700256347656,27.780000686645508,-0.00022509848153577297,-0.0033033869871431764,-0.0015388965966621206,0.07277975788940433,0.0030128660264631844,0.0034447083443140017,0.0033817399369386538,0.006823591419212935,0.0009344000840220875,0.0038833637864427364
2020-09-22,1.176800012588501,1.2820513248443604,104.69000244140625,26.860000610351562,-0.006566912063439029,-0.008717288910100622,0.0014625254058202263,-0.033678148224928386,0.0038489622427706235,0.003665862830205505,0.005670999369374323,0.006726554700334523,0.002047654534366039,0.0038382703164484373
2020-09-23,1.1708368062973022,1.2744048833847046,105.03399658203125,28.579999923706055,-0.005080188782394758,-0.00598208116183831,0.003280449073195142,0.06206895601370426,0.00414167499006721,0.003573420233857465,0.005785704823094694,0.0065590713174181435,0.002929560014094622,0.00388602013871478
2020-09-24,1.1658544540405273,1.2717468738555908,105.30400085449219,28.510000228881836,-0.0042644570910396855,-0.0020878649413705254,0.0025673385128367784,-0.002452258879528738,0.004212255317807323,0.0036696034294885316,0.0037786394015877993,0.006560773660288894,0.0028655819219409536,0.003924816596651483
2020-09-25,1.1673243045806885,1.2757054567337036,105.43499755859375,26.3799991607666,0.001259955525634199,0.0031078784218078375,0.0012432129027861588,-0.07764879547678216,0.0033351595822904544,0.0035865910492882515,0.004444776680620557,0.006427451060403191,0.0018414892032848596,0.003830353253665637
2020-09-28,1.1635348796844482,1.2766826152801514,105.5739974975586,26.190000534057617,-0.0032515291017523847,0.0007656818372580142,0.0013174789921503167,-0.007228436564641337,0.002965373173263863,0.0036168205446946732,0.004822555826824495,0.006282493715624016,0.0009063023013048982,0.003694073801994237
2020-09-29,1.167883276939392,1.2873492240905762,105.43299865722656,26.270000457763672,0.003730263732286211,0.00832023236271286,-0.0013364377853585564,0.003049942211505981,0.0038242187702200244,0.0037319179651496637,0.005390146021877796,0.006628079041628364,0.0017619033446090908,0.0033006765084129105
2020-09-30,1.1742050647735596,1.2866535186767578,105.66400146484375,26.3700008392334,0.005398432735944618,-0.0005405630842578358,0.0021885948136752867,0.0037994110677157717,0.004235357879312995,0.003443653682724173,0.004056586989705399,0.005968821295319277,0.0015244704912143598,0.0025019870277777335
2020-10-01,1.1726078987121582,1.2917560338974,105.45099639892578,26.700000762939453,-0.0013611364287141254,0.003957883165912314,-0.0020179062629568974,0.01243656179021089,0.003549583123253596,0.0034031835966214386,0.0034163988044941056,0.006072415662614406,0.0018398447699445905,0.0023370058779679753
2020-10-02,1.1744946241378784,1.2886265516281128,105.54299926757812,27.6299991607666,0.0016077063645410661,-0.0024255967477115887,0.0008720899776575125,0.03423851458061793,0.0035555507814929326,0.0034396274631973305,0.004223190345521809,0.0060028159864181875,0.0017982358961302666,0.0023416706217008107
2020-10-05,1.1720443964004517,1.2931090593338013,105.51000213623047,27.959999084472656,-0.002088376631710885,0.0034724796690034456,-0.00031269047487629797,0.011872776060093631,0.0032107989696528827,0.0032154510699708263,0.004196325514155685,0.006089219680679841,0.0016906169851126315,0.0022374017537961028
2020-10-06,1.1792453527450562,1.2992581129074097,105.70700073242188,29.479999542236328,0.006125130992924238,0.004743976988790776,0.0018653673770463908,0.05293716717176936,0.003765360239203001,0.003510346788304376,0.0031402979219874935,0.006108783846694793,0.0017213749504171895,0.002274892390611707
2020-10-07,1.1737639904022217,1.2883278131484985,105.63999938964844,28.059999465942383,-0.0046590314432261234,-0.008448310574212577,-0.0006340411264823673,-0.049366996151583034,0.0041229328634342895,0.003638022371496304,0.005637985413233898,0.006315796368917134,0.0014833697577576884,0.0022184409703393734
2020-10-08,1.176747441291809,1.2917560338974,105.96499633789062,26.360000610351562,0.002538556036391257,0.0026574506641299372,0.00307173469764831,-0.0624973228528466,0.004187195141864623,0.003686078398134963,0.005451672860117429,0.006262981839675303,0.0015367798792337312,0.002331352025041301
2020-10-09,1.1767003536224365,1.29404616355896,106.01799774169922,25.0,-4.001590303437655e-05,0.0017713112492475887,0.0005000533664802383,-0.05297190792056538,0.004163139321478228,0.003567326166841803,0.005305991059811018,0.005445676019610477,0.0015517897009844238,0.002233555229139166
2020-10-12,1.181683897972107,1.3031693696975708,105.63200378417969,25.06999969482422,0.004226242406377237,0.007025403587597082,-0.0036474782204431234,0.0027960751290542016,0.004186665937494586,0.0036231847066496643,0.005946073776604215,0.005633507184330997,0.002578963427213804,0.0022936814469544696
2020-10-13,1.1816140413284302,1.3065747022628784,105.33899688720703,26.06999969482422,-5.911793222122852e-05,0.0026097076219726736,-0.002777700105078767,0.03911331624214154,0.0033619840305811888,0.003607998341265506,0.005732222518914478,0.004560416929575365,0.0026774472579991827,0.0023536669648683193
2020-10-14,1.1742188930511475,1.2935272455215454,105.47000122070312,26.399999618530273,-0.006278180816363138,-0.01003619590347626,0.0012428724725774684,0.012578779463263023,0.003990489113349216,0.003824116925532638,0.00640014157013155,0.0051218887645718015,0.002816527167359604,0.0023770437735044217
2020-10-15,1.1743981838226318,1.3012362718582153,105.13899993896484,26.969999313354492,0.00015267773840031283,0.005942005093856691,-0.0031432802249272782,0.021361115989375172,0.0037585359454721545,0.0037793913188779436,0.006794176171409254,0.005220248143321411,0.002260913461622759,0.0023150906050181
2020-10-16,1.1707134246826172,1.2902060747146606,105.36000061035156,27.40999984741211,-0.0031425047396492416,-0.008512837470446875,0.0020997795905033797,0.016182793055790224,0.003936210694441176,0.003805877057683126,0.008107118257627654,0.005539518462485217,0.002697294887611217,0.002270965240190603
2020-10-19,1.1715501546859741,1.2927746772766113,105.427001953125,29.18000030517578,0.0007144627498970919,0.0019888676341596285,0.0006357255828409514,0.06257564880520325,0.0029577254797511607,0.0037564048429599554,0.007184012787392824,0.00540844668358621,0.00240826912620845,0.00217092177367435
2020-10-20,1.176885962486267,1.2948671579360962,105.47000122070312,29.350000381469727,0.004544144882610952,0.0016172880551743305,0.00040777505158293446,0.005809005718342171,0.004100574735929035,0.0037993839770439457,0.007051048294177856,0.00541400553353118,0.0020059597451692708,0.002014063136018082
2020-10-21,1.1829839944839478,1.2954038381576538,105.47699737548828,28.649999618530273,0.005168120008133394,0.00041438152999938337,6.633092515450361e-05,-0.024139129425446534,0.0034171012005828868,0.003974757390225943,0.005340843207759191,0.005366885288092296,0.0019276431363060343,0.0019716133781896464
2020-10-22,1.1853959560394287,1.3131976127624512,104.6760025024414,28.110000610351562,0.002036803587023197,0.01364259809011827,-0.007623005641988579,-0.019028023214514356,0.0033360445173284954,0.003719121010526321,0.007883308656748531,0.005727689255763598,0.003847028283599223,0.0025934473291658864
2020-10-23,1.1815024614334106,1.307805061340332,104.9209976196289,27.549999237060547,-0.0032899579374845926,-0.004114882509968452,0.0023377741916488543,-0.020122898725388465,0.0033915585227917693,0.003613166627410558,0.0065780817323066055,0.005630904866712981,0.003894336838294139,0.0025438753584514934
2020-10-26,1.1848480701446533,1.3054660558700562,104.68299865722656,32.459999084472656,0.002827654564092691,-0.0017900983020661422,-0.0022709401434444373,0.1640060259756381,0.003348452114213385,0.003490337650086452,0.006891239587202252,0.005623038521299963,0.003836408539491427,0.0025159092402701954
2020-10-27,1.1809443235397339,1.301574945449829,104.83200073242188,33.349998474121094,-0.0033001629038455164,-0.0029850802558414073,0.0014223525833446235,0.027049192726482263,0.0038143957434176286,0.003591586217652644,0.007245691812579414,0.0056738711999889295,0.003981117200422532,0.0025213201240019663
2020-10-28,1.1784114837646484,1.303186297416687,104.54499816894531,40.279998779296875,-0.0021470612785486148,0.001237235986076892,-0.002741492568300526,0.1887973109367799,0.0029778084036114934,0.0035436500948376653,0.007237457660173607,0.005674180715418793,0.003953391252250634,0.0025486963135037686
2020-10-29,1.1748672723770142,1.2989881038665771,104.31500244140625,37.59000015258789,-0.003012149800032766,-0.0032266839536141995,-0.0022023922228644145,-0.06911697590956624,0.002620791003665861,0.003549551666847182,0.0020806797559418597,0.005489454966435459,0.002378275073880446,0.0025697158974474442
2020-10-30,1.1678695678710938,1.2931926250457764,104.55400085449219,38.02000045776367,-0.005973974709475419,-0.004471515749352681,0.002288501535625288,0.011374287465003755,0.0032140150384382385,0.0035950782046220995,0.002168044783868601,0.005584982633847337,0.0023626386729155226,0.002574748226343487
2020-11-02,1.1642121076583862,1.2926744222640991,104.58000183105469,37.130001068115234,-0.0031366510442316082,-0.00040079615783284074,0.00024865374700038786,-0.02368705214446384,0.0014456805664443226,0.003640942246949231,0.0023246496994726584,0.00552342894218346,0.002207638345325922,0.0025555567990631265
2020-11-03,1.1642799377441406,1.2923903465270996,104.7249984741211,35.54999923706055,5.826095554634443e-05,-0.000219782298356714,0.001385505994122943,-0.04348516216767041,0.0021690717319438856,0.003616648352103427,0.0023513819993488537,0.0054966427664269795,0.0022009332302632867,0.0025698110180455355
2020-11-04,1.176221489906311,1.3121638298034668,104.5459976196289,29.56999969482422,0.010204356761020732,0.015184067478714296,-0.0017107090947874597,-0.18417981124429092,0.006285703099690992,0.0042389555687417655,0.00793322680190612,0.0063382163239359,0.00193621626219581,0.0025859838094176046
2020-11-05,1.17326819896698,1.2966804504394531,104.43800354003906,27.579999923706055,-0.002513986342437094,-0.011870053938579041,-0.0010335153753726245,-0.06966945394505539,0.006237154127481172,0.004056435845774193,0.0098871781420168,0.00680186508981536,0.0016534533408069834,0.0025375396235001652
2020-11-06,1.1817537546157837,1.3139395713806152,103.60299682617188,24.860000610351562,0.007206380695062468,0.01322243164540456,-0.008027371492038887,-0.10383075896476188,0.006006000949202317,0.004224955894749713,0.011133651281024533,0.00709660372895807,0.003664569555763739,0.002997266974795497
2020-11-09,1.1893010139465332,1.318061351776123,103.25299835205078,25.75,0.006366183456068054,0.003132053434112342,-0.0033839851517563713,0.035174516475629185,0.005291359876447103,0.004396496521263517,0.010960090487581309,0.007102935794092752,0.0035067574539431913,0.002906070088071079
2020-11-10,1.182732105255127,1.3169677257537842,105.13700103759766,24.799999237060547,-0.0055386456714018525,-0.0008300675650664896,0.01808200032036073,-0.03759100470249673,0.006784820969569766,0.004580070361698637,0.011020529232724657,0.007109674785234361,0.01004689143771926,0.005030609093127962
2020-11-11,1.1818794012069702,1.3261544704437256,105.26000213623047,23.450000762939453,-0.000721221293889815,0.0069514619469716885,0.001169228751267404,-0.05597309498022908,0.005598472397110345,0.004495309644978667,0.009381574577261522,0.007106607556870029,0.009950109733098914,0.004986218916366117
2020-11-12,1.1780297756195068,1.3224189281463623,105.41500091552734,25.350000381469727,-0.0032625230156320003,-0.002820797623577967,0.0014714494365073551,0.07790821765828819,0.005723203753412686,0.0045491300964083815,0.0064098896932204275,0.007134819837289402,0.009862059882559426,0.004962245978921113
2020-11-13,1.1803393363952637,1.3121638298034668,105.08999633789062,23.100000381469727,0.0019586090254565085,-0.007785027899264961,-0.003087858626796816,-0.09294611104371886,0.004634609088489218,0.004354515194681726,0.005635143467784079,0.0069904800097299255,0.008815610631302455,0.004997728903534522
2020-11-16,1.1845253705978394,1.3220518827438354,104.6760025024414,22.450000762939453,0.00354019285936168,0.00750743330198491,-0.003947201884515953,-0.02854198586938602,0.0037071577730883407,0.0044109436440385565,0.00655952056858769,0.007054583217783108,0.00891818495033231,0.005023422279862267
2020-11-17,1.1859441995620728,1.322209119796753,104.54100036621094,22.709999084472656,0.0011970869835477517,0.00011892702948129186,-0.0012905466870922538,0.01151466763142195,0.002621793422589261,0.004341928472110203,0.006521248511644712,0.006750011076782191,0.0024417903326034076,0.00500144697288566
2020-11-18,1.186366319656372,1.3259083032608032,104.18099975585938,23.84000015258789,0.0003558725515353005,0.0027938231424251485,-0.0034495737596259538,0.04855953279402306,0.002534815979802144,0.004342102392596183,0.005760594852198253,0.006757158610581122,0.002214279243994793,0.005038624474521056
2020-11-19,1.1847639083862305,1.325644612312317,103.89399719238281,23.110000610351562,-0.0013516014389545322,-0.00019889548332749992,-0.0027586471195152062,-0.031099397900646343,0.001820524581219465,0.004266504641386281,0.005559682822166514,0.006762274244426007,0.0010054906393584962,0.0050554461523983065
2020-11-20,1.1866477727890015,1.3249244689941406,103.82499694824219,23.700000762939453,0.0015888129539179579,-0.0005433877132084444,-0.0006643614558602528,0.025209629635621688,0.0017861428534392276,0.004138482012469611,0.0033831799034972137,0.006769759826233822,0.0014022267766232229,0.0050526790531999245
2020-11-23,1.1866477727890015,1.3305126428604126,103.81700134277344,22.65999984741211,0.0,0.00420886044759586,-7.701337435108083e-05,-0.04487383146656208,0.0011478102079342035,0.004116766757098045,0.002105336291611124,0.006207890289526161,0.0014179670011850512,0.004811977113396128
2020-11-24,1.1842728853225708,1.332906723022461,104.5250015258789,21.639999389648438,-0.0020033468877048368,0.001797749792992952,0.006796545091667468,-0.046057823092566376,0.001422447611755752,0.004076027579490293,0.0020062359701241176,0.006121645976028899,0.0040664892887393,0.005021012289579053
2020-11-25,1.1900511980056763,1.3363267183303833,104.51300048828125,21.25,0.004867342357784169,0.002562531344323214,-0.00011482158741673909,-0.018186530403068845,0.002744634605911236,0.004163137660919458,0.0019745799964800475,0.006102082506939382,0.0036138277960310063,0.004999084420202955
2020-11-26,1.1920002698898315,1.3385447263717651,104.4000015258789,21.25,0.0016364653286423468,0.001658403848995655,-0.0010817801891949697,0.0,0.0025244264094950934,0.00409807591183541,0.0017176996869021494,0.006035372613937263,0.003282629556362479,0.00499189767387194
2020-11-27,1.191599726676941,1.3354523181915283,104.24199676513672,20.84000015258789,-0.00033608257865220067,-0.0023129491224787536,-0.001514601971241584,-0.01948267116338398,0.0025993740332972705,0.004062011140158113,0.002402334671269969,0.0060836457658784435,0.003408191203802352,0.00496880880592659
2020-11-30,1.1971460580825806,1.333191156387329,104.08200073242188,20.56999969482422,0.004643726768977662,-0.0016946155354641637,-0.0015360310486984604,-0.0130405353781403,0.003022542235320408,0.004074190833819672,0.0022339040375754745,0.006040233152497477,0.0035612522894144646,0.004957604954118405
2020-12-01,1.193816065788269,1.3336889743804932,104.29900360107422,20.770000457763672,-0.0027854849009629613,0.0003733336142128749,0.0020827517152086756,0.009675971098775943,0.003275739884305642,0.0038714027506173837,0.0020981455686442407,0.005911263436807305,0.0015196792584166441,0.004953073359866139
2020-12-02,1.2074378728866577,1.3422638177871704,104.30899810791016,21.170000076293945,0.011345699845260208,0.0064088370926710094,9.58209345921412e-05,0.019075428822967075,0.005448942880539723,0.004337903617265659,0.00347325547215544,0.005990150904143438,0.001533557682648461,0.004952652073805081
2020-12-03,1.2114603519439697,1.3370771408081055,104.45800018310547,21.280000686645508,0.0033258801250090177,-0.003871611368592824,0.001427448799050851,0.005182607989974634,0.0054031245886284615,0.004336494092106728,0.004005705829790063,0.006095870166905037,0.0016565299337080817,0.0049532664100443245
2020-12-04,1.2145650386810303,1.345496654510498,103.822998046875,20.790000915527344,0.002559485522245068,0.006277211358368312,-0.006097571157174536,-0.023295550833789355,0.005069027102430824,0.0039174933748386655,0.004670320515072516,0.005403341049008087,0.003266501587368723,0.005106451782110197
2020-12-07,1.212135910987854,1.3417415618896484,104.197998046875,21.299999237060547,-0.0020020007037436782,-0.002794761582421781,0.003605409196760946,0.02423489098979527,0.0056377244210249,0.0038942248027221188,0.00487959801342737,0.004657766110864731,0.003752194668907829,0.005170760692017868
2020-12-08,1.2113136053085327,1.3357375860214233,103.99800109863281,20.68000030517578,-0.0006786241721560766,-0.004484804997497722,-0.00192123778152633,-0.029539972499347485,0.005207274308132547,0.0037002508751295027,0.0055434410022948775,0.004033252865473071,0.0036826188215217793,0.004880997729103379
2020-12-09,1.2110936641693115,1.3365589380264282,104.13500213623047,22.270000457763672,-0.00018158890339934348,0.0006147162363739044,0.0013164760538196903,0.07407343742717004,0.0022520028538964053,0.003517243756234278,0.004445968919460904,0.0039979470119073345,0.0037776908985253624,0.00482038463390028
2020-12-10,1.207875370979309,1.3367018699645996,104.27200317382812,22.520000457763672,-0.002660881592207315,0.00010693452571508808,0.0013147452229670996,0.011163321774025342,0.002023374188902283,0.0033171123446773527,0.004114033989016373,0.003986588071412657,0.0037648684004664775,0.0027852882410043505
2020-12-11,1.2144293785095215,1.3305658102035522,104.18199920654297,23.309999465942383,0.005411394685255497,-0.004601015962039019,-0.0008635379685720783,0.0344786065380977,0.0031961891368221355,0.003425352000748784,0.0024788341716214905,0.0038800536170149674,0.0021514199908231613,0.002765248143758137
2020-12-14,1.213340401649475,1.3318239450454712,103.93900299072266,24.719999313354492,-0.0008971006575492733,0.0009451170198430661,-0.0023351446867385765,0.05873017467599699,0.0030604121119666167,0.0033127309343225684,0.002808776911902275,0.003825390830967722,0.0017401646936484217,0.0027572010402746624
2020-12-15,1.214889645576477,1.3330844640731812,104.01000213623047,22.889999389648438,0.0012760274826384625,0.0009460130917852655,0.0006828515310595949,-0.07691249751264345,0.0030451407365835372,0.003309880521402002,0.002374669983636051,0.0033700651934820873,0.0015909027287026962,0.0027147222602654894
2020-12-16,1.2154301404953003,1.3444474935531616,103.63400268554688,22.5,0.0004447932579340932,0.008487740110983383,-0.003621581677439243,-0.017184798089549955,0.00301824996879402,0.003276246336417236,0.00469266859597249,0.0034691219917610473,0.0020529045933350455,0.0026956797467725464
2020-12-17,1.2199585437774658,1.3502929210662842,103.4749984741211,21.93000030517578,0.003718838418115041,0.004338404285503073,-0.0015354643378623135,-0.025659732864673365,0.0025459571668040373,0.0033210206353414306,0.004830975092458578,0.003547539090947652,0.0016096413112954991,0.0026997983895344873
2020-12-18,1.226271629333496,1.3570178747177124,103.13099670410156,21.56999969482422,0.0051614926845374685,0.004968005515648782,-0.0033300300662806076,-0.01655213009279471,0.002463124073116623,0.0034137229931743276,0.00315557838469482,0.0036305074594358425,0.0017262987891087883,0.0026936204646687933
2020-12-21,1.221612811088562,1.3401951789855957,103.45700073242188,25.15999984741211,-0.0038064083361426973,-0.012474293681739333,0.00315608169856938,0.1539519795146319,0.003447893909598409,0.003548940835434084,0.008127042553954734,0.004636255560883378,0.00285782681108504,0.002747940852936814
2020-12-22,1.2236906290054321,1.3449536561965942,103.33999633789062,24.229999542236328,0.0016994360559735861,0.003544296785338539,-0.001131587099175369,-0.03766390983153792,0.003450546710069223,0.0035493110183469007,0.008185352215438804,0.004674361760625616,0.0027134366580880455,0.0027535683661337323
2020-12-23,1.2186651229858398,1.339943766593933,103.53399658203125,23.309999465942383,-0.004115299835438355,-0.003731908246911915,0.0018755407412136126,-0.038709085799429485,0.0042828212215261265,0.003730286044975849,0.007472418324644754,0.004695593465239444,0.002646664072824712,0.0027893886355034522
2020-12-24,1.2191405296325684,1.3505300283432007,103.552001953125,21.530000686645508,0.0003900283455694203,0.007869481131499803,0.00017389269449880957,-0.07943508686780049,0.003905626310353418,0.0036664584902984716,0.00819604825562084,0.004957643810278281,0.0025380926006031254,0.0023257831696383803
2020-12-25,1.2184720039367676,1.3552008867263794,103.65299987792969,21.530000686645508,-0.0005485085946641497,0.0034525702441264086,0.0009748599880389031,0.0,0.002579859671871482,0.003598044831419764,0.007993546063389407,0.004978036279463031,0.001631068107710808,0.002344235824429521
2020-12-28,1.2205095291137695,1.3572388887405396,103.53299713134766,21.700000762939453,0.0016708003921992543,0.0015027079429372784,-0.0011584060866431387,0.007864952436142986,0.00239296130154048,0.0035983084123640398,0.004202879471429937,0.004976626266439128,0.001324084437841675,0.0023453916841138923
2020-12-29,1.2223445177078247,1.3466018438339233,103.68900299072266,23.079999923706055,0.001502332029679512,-0.007868140792913217,0.0015056884766721345,0.06165414262935527,0.0023555767312294913,0.0035853174634348775,0.0061571483127038865,0.005265622802446998,0.0012076569767708388,0.0023640792204484475
2020-12-30,1.225295066833496,1.3499903678894043,103.55899810791016,22.770000457763672,0.0024109354771881916,0.002513191148649898,-0.001254582907197234,-0.013522538154814088,0.0011647713157955384,0.003512813811693075,0.0057699927145562335,0.005263176842466769,0.0012401523653601816,0.0023574942475534538
2020-12-31,1.2299896478652954,1.36306631565094,103.12100219726562,22.75,0.003824067102786903,0.009639348185313382,-0.00423840299670675,-0.0008787547824950818,0.0015879971838121598,0.0034506795484993144,0.006289770464191148,0.005606325078541894,0.002270363711872892,0.0024458759671295398
2021-01-01,1.218026876449585,1.3673007488250732,103.22599792480469,22.75,-0.009773517884413802,0.0031017342862770525,0.00101766186606428,0.0,0.005499536922926741,0.0034770364747278536,0.006269317973692819,0.005497399421280137,0.002278954299032182,0.002464686064334521
2021-01-04,1.2250697612762451,1.3684196472167969,103.23899841308594,26.969999313354492,0.005765555261008046,0.000817991820897707,0.00012593406658786152,0.1701599662950753,0.006096612519086167,0.0036112158141608022,0.006284288676482426,0.0053959886280033065,0.0023043059392700836,0.0024322690703265874
2021-01-05,1.2251598834991455,1.3571596145629883,103.125,25.34000015258789,7.356226640494462e-05,-0.008262534772955622,-0.0011048286092394713,-0.062340930777420214,0.006085766912966742,0.0035827406596649833,0.006434169170170088,0.005611782158085752,0.001991260874881284,0.002098408564809371
2021-01-06,1.230027437210083,1.3629549741744995,102.6780014038086,25.06999969482422,0.003965123188171507,0.004261120766337377,-0.004343953159524355,-0.010712280917359632,0.00624784964465248,0.003618345201834599,0.006545299012860667,0.0056225794447488445,0.0024752549517345376,0.002077009970066078
2021-01-07,1.2341108322143555,1.3625277280807495,103.02400207519531,22.3700008392334,0.0033142610483495433,-0.0003135195808772865,0.003364099443340694,-0.11395108697919597,0.006189455458173695,0.0036477082224953203,0.00491893164209534,0.005508118725509277,0.0028408672406352487,0.0022255054866888615
2021-01-08,1.227144479751587,1.3569625616073608,103.79000091552734,21.559999465942383,-0.005660827653219173,-0.004092806849157679,0.00740764485949539,-0.03688109174802423,0.004496530778274622,0.0038996710301411977,0.004806876514450425,0.005610326531917004,0.004482150914829283,0.002766074548360223
2021-01-11,1.2186205387115479,1.3516253232955933,104.09100341796875,24.079999923706055,-0.0069703961647830355,-0.003940979910143252,0.002895913590228634,0.11054189600223238,0.0050440878692664445,0.004170053148231352,0.004698647073977599,0.005696036089514039,0.0045043665844872105,0.0028258641235508115
2021-01-12,1.2160701751708984,1.3524113893508911,104.12799835205078,23.329999923706055,-0.002095021317432315,0.0005814019268037992,0.00035534638200008807,-0.03164153450913615,0.005015871994937597,0.0040459543852945454,0.0034791939363720673,0.005580828311430798,0.004325392379745974,0.002821695058573594
2021-01-13,1.2208894491195679,1.3670539855957031,103.75199890136719,22.209999084472656,0.003955158044529991,0.010768835584572546,-0.0036174703259728175,-0.04919748607819792,0.00501316410219135,0.004122744052405492,0.0060597651358883925,0.005976951700927187,0.004066141236126649,0.0028842695707819443
2021-01-14,1.2162491083145142,1.364926815032959,103.83699798583984,23.25,-0.0038080283932926044,-0.0015572371461162542,0.0008189170957750634,0.045762535348432325,0.004261887506580542,0.0042060161759676015,0.0061317668667293,0.006005512157059704,0.004024471401526022,0.0028861327117290928
2021-01-15,1.2151259183883667,1.3683634996414185,103.8280029296875,24.34000015258789,-0.0009239134183000088,0.0025146881771344,-8.663044921685354e-05,0.04581596179503342,0.004018697653908133,0.00421003219605807,0.005625510025550246,0.005785317115963899,0.002358495590764254,0.0027756049035696072
2021-01-18,1.2068113088607788,1.357533574104309,103.90799713134766,24.34000015258789,-0.006866108748783546,-0.007945995190917874,0.0007701525550757314,0.0,0.003986387522293628,0.004365404141904127,0.006789485584363831,0.006015917986655906,0.0018617417607300279,0.0027549564510930525
2021-01-19,1.207729458808899,1.3581236600875854,103.7030029296875,23.239999771118164,0.0007605172831768469,0.00043458061285029466,-0.0019747919736395224,-0.04624617169330436,0.004160720776660204,0.0041913387859560764,0.006791375682246482,0.005923296649674038,0.0019307918910687614,0.0026868128216851147
2021-01-20,1.2138868570327759,1.3644241094589233,103.89700317382812,21.579999923706055,0.005085373313111707,0.0046283563425362825,0.0018689816465190083,-0.07410796584050645,0.004536520831540059,0.00430397566713283,0.004815507082667921,0.0052917099554440905,0.0014382321000211706,0.002634047691525368
2021-01-21,1.2115631103515625,1.3668484687805176,103.55500030517578,21.31999969482422,-0.0019161371485265039,0.001775260351249285,-0.003297178843819315,-0.012121371311005352,0.004333812417526985,0.004293473910224134,0.00484326130309844,0.005261607609788027,0.002084815557280494,0.002724803178207925
2021-01-22,1.2166293859481812,1.3729474544525146,103.50599670410156,21.90999984741211,0.004172884115166977,0.004452153311576942,-0.0004733252780281161,0.027297561659488975,0.004856994964244215,0.004320337869747601,0.005135310557705791,0.005219973237286836,0.0020707370364801496,0.002697573934613156
2021-01-25,1.216944694519043,1.3688204288482666,103.7770004272461,23.190000534057617,0.00025913209312755636,-0.003010487318296867,0.0026148201377422763,0.05677802765401989,0.0028985885689329187,0.004319755611602906,0.003159729727667815,0.005061671591801904,0.0025003665558482584,0.002755179099364107
2021-01-26,1.214624047279358,1.3678992986679077,103.76000213623047,23.020000457763672,-0.0019087660606736155,-0.0006731637192376953,-0.00016380973844348686,-0.007357751117878455,0.003323222170477845,0.004336454292523395,0.003302394057603778,0.005027711720216972,0.002312587735060493,0.0027486227803550953
2021-01-27,1.216299295425415,1.374154806137085,103.60299682617188,37.209999084472656,0.0013782815622589177,0.004562651269618259,-0.0015143042958179838,0.4802140945749818,0.0025449156409720363,0.0043310706709042196,0.00328660024303314,0.005100771299695018,0.0021590842033519016,0.0027570887766130963
2021-01-28,1.2105072736740112,1.3669419288635254,104.14299774169922,30.209999084472656,-0.004773378169334243,-0.005262779550449554,0.005198676709342817,-0.20840455266105468,0.003378471367247598,0.004422281890106709,0.004411676342403717,0.0049228434955883,0.00273841800703899,0.002956386332621396
2021-01-29,1.2120037078857422,1.3725008964538574,104.29100036621094,33.09000015258789,0.0012354407583351585,0.004058471430167883,0.0014201392357243746,0.0910581614516798,0.0025990148429198326,0.004393171668088723,0.004315114245195796,0.0049610992445488,0.002587618971920564,0.002948768369413368
2021-02-01,1.2123857736587524,1.3697690963745117,104.68599700927734,30.239999771118164,0.0003151851458534282,-0.0019923647125560154,0.0037802927443915616,-0.09006558280233154,0.002604634589993987,0.004291387695206372,0.004162706260608441,0.004573484870442919,0.0027587338484326906,0.002852477609060713
2021-02-02,1.2068694829940796,1.3678767681121826,104.88099670410156,25.559999465942383,-0.00456032922487926,-0.0013824494893633669,0.0018609777011778942,-0.16813693512742764,0.0031186040535873902,0.0038889815886614825,0.004209110803769369,0.0045388699478735185,0.0025492958414607488,0.002862813494428829
2021-02-03,1.203905463218689,1.3659336566925049,105.02799987792969,22.90999984741211,-0.0024589779925830125,-0.0014215409592880715,0.0014006374214939649,-0.10945511880997491,0.0027510913111544397,0.0036544655041600713,0.003349175623193302,0.0045452098875339506,0.0016908279323245303,0.0028630537826570875
2021-02-04,1.2042388916015625,1.364908218383789,104.99500274658203,21.770000457763672,0.000276917273947226,-0.0007510052971364654,-0.0003142239774388117,-0.051040593531359875,0.00240596297557853,0.0036570157087381285,0.0024745354935615553,0.00416795665909284,0.0014623409524216167,0.002843149597403994
2021-02-05,1.1966731548309326,1.3676148653030396,105.5719985961914,20.8700008392334,-0.006302406474781382,0.0019810612547932816,0.005480415165712659,-0.0422201349721882,0.0029296299682697174,0.0036773342415665692,0.0015689468671001366,0.004091340105570964,0.002238402723576345,0.002764408683203843
2021-02-08,1.2048773765563965,1.3738716840744019,105.4000015258789,21.239999771118164,0.006832463888964413,0.00456455249525395,-0.0016305207166722945,0.01757342429621931,0.005138193594549418,0.00395153264081521,0.0026204454875837957,0.004195587124975456,0.0026915000373776672,0.002788660712643318
2021-02-09,1.2053595781326294,1.374570369720459,105.20999908447266,21.6299991607666,0.0004001279473606964,0.0005084230610887734,-0.0018043064659991155,0.018195015567699823,0.004805538734218739,0.003826979150230706,0.002389415976464306,0.0040751214652815625,0.0030019870638436025,0.0024584999271507063
2021-02-10,1.2119992971420288,1.3817994594573975,104.57499694824219,21.989999771118164,0.005493380213142898,0.005245381977065302,-0.00605385597251019,0.016506592992762147,0.0051922444039986405,0.003794647430307464,0.0025701705875167628,0.004059785189149541,0.004152113663618074,0.0027826560082092494
2021-02-11,1.2121212482452393,1.3832597732543945,104.61499786376953,21.25,0.0001006147186412552,0.0010562623147397855,0.00038243622550711417,-0.03423089878779304,0.00520185919478352,0.0037725556077414283,0.0021197355851843634,0.0040586959047040315,0.004186740033298097,0.0027827289820949053
2021-02-12,1.2131506204605103,1.381024718284607,104.74099731445312,19.969999313354492,0.0008488716587742157,-0.001617095102681228,0.0012036862454241639,-0.06212578232655379,0.0031759630473293205,0.0036683713556044106,0.002885155732073795,0.0034572385852585817,0.0028137304746987096,0.0026536262416241565
2021-02-15,1.2122093439102173,1.3871549367904663,105.05899810791016,19.969999313354492,-0.0007761953783182415,0.004429068406605446,0.003031468483563441,0.0,0.0024652233069147093,0.003585899183875408,0.0028549573732860305,0.0035256330419349076,0.003485303159747511,0.0027103397529646073
2021-02-16,1.2132196426391602,1.3914785385131836,105.38700103759766,21.459999084472656,0.0008330887385099504,0.0031120370862659334,0.003117219587174291,0.071959581496641,0.0024369588019141158,0.0035874360726942693,0.002768249177277144,0.0035422586182173484,0.003761184243316437,0.0027611255151922536
2021-02-17,1.2092483043670654,1.388811707496643,106.10299682617188,21.5,-0.0032787569674480477,-0.0019183837646013216,0.006770991832105015,0.0018622405931039336,0.0017135292617052576,0.0033366472182790137,0.002810149496235966,0.0030332306554524194,0.0024629579297331004,0.0030518230627648354
2021-02-18,1.2048004865646362,1.3866355419158936,105.86100006103516,22.489999771118164,-0.0036849485827756168,-0.0015681552060935397,-0.0022833771190800206,0.045017820660557956,0.002179820165625026,0.0034275838896320604,0.003035929510969944,0.0030817858676654504,0.003293128949610199,0.0030665803771524934
2021-02-19,1.209189772605896,1.3967455625534058,105.6520004272461,22.049999237060547,0.003636543984999715,0.007264592752810179,-0.00197623504302179,-0.019758188501749405,0.003029485548286697,0.0033356884086500884,0.003955703582204028,0.0032769252599363793,0.003836442064931252,0.0031199980410302882
2021-02-22,1.2126356363296509,1.403114914894104,105.51399993896484,23.450000762939453,0.0028456766837020647,0.004549771947107502,-0.001307033402042558,0.06155796013459353,0.00340296683219489,0.003371710643384931,0.003972553405317732,0.003357980538671989,0.003957772554869186,0.0030240976519654186
2021-02-23,1.2166796922683716,1.4071228504180908,104.98400115966797,23.110000610351562,0.003329382255763756,0.002852383731276606,-0.0050356763152862895,-0.014605076730017926,0.003711943681093629,0.003326977905341035,0.003960767472595279,0.003300817091714169,0.004446802241041329,0.003266053871300288
2021-02-24,1.215214490890503,1.412030577659607,105.28299713134766,21.34000015258789,-0.001204987918721342,0.0034817063522492335,0.002843966724562008,-0.07968219767307118,0.003263180810733851,0.0033362177976667827,0.0032097877127652717,0.003202939818802026,0.002838812254632053,0.0032729947223449265
2021-02-25,1.2171372175216675,1.4148274660110474,105.94400024414062,28.889999389648438,0.001580961359324078,0.001978797110336846,0.006258719564406441,0.30291224032747205,0.001974918125715487,0.0033273126655079138,0.0020388409055975983,0.0031704382165653688,0.004418957579883002,0.0034765889108573137
2021-02-26,1.2160420417785645,1.4008152484893799,106.37899780273438,27.950000762939453,-0.0009002015062182222,-0.009953204025135031,0.00409751342261774,-0.03307826645371282,0.002095118226731224,0.00332088675483622,0.0059633824168851424,0.0039295505829276805,0.004519697778252302,0.003493247301482605
2021-03-01,1.208956003189087,1.3972529172897339,106.50299835205078,23.350000381469727,-0.005844176882910137,-0.002546280443003305,0.0011649699418474402,-0.17982022644574983,0.0034696489488869244,0.003400914583174775,0.005617346019042527,0.0037668645026077956,0.004282424409527537,0.0033774173732310352
2021-03-02,1.2051095962524414,1.3929517269134521,106.85099792480469,24.100000381469727,-0.0031866658408165566,-0.0030830668941982573,0.0032621829207752175,0.031614855873289195,0.0027753902661444346,0.0034511197141095405,0.005258371000716079,0.003798053629299865,0.0018643775223747669,0.0034105178671116256
2021-03-03,1.208546757698059,1.3954981565475464,106.75800323486328,26.670000076293945,0.002848097048624638,0.0018264128446841901,-0.0008707001606826539,0.10132748472935964,0.0035240719130196483,0.0035128945976504733,0.004862236720191049,0.0037575203833077565,0.002738874466010334,0.0033806307522944454
2021-03-04,1.2050660848617554,1.3926994800567627,107.05799865722656,28.56999969482422,-0.0028842034545033873,-0.002007517253411217,0.0028061100812090296,0.06881786450640696,0.0032280440431272975,0.003429747910417214,0.004263873141954964,0.00377748219866141,0.0019709352053101994,0.003399498367589413
2021-03-05,1.1967735290527344,1.3894098997116089,107.95500183105469,24.65999984741211,-0.00690519775863099,-0.0023648113205838235,0.008343759454293517,-0.14717471401246487,0.0037881192505992674,0.0036978677393974062,0.001973581915649679,0.0038093249990906342,0.0034276268762984835,0.003749198084065948
2021-03-08,1.1925631761550903,1.385367751121521,108.41899871826172,25.469999313354492,-0.0035242896042219775,-0.002913495752118607,0.004288847987901928,0.03231877048384371,0.0035146358402154735,0.003759386258135963,0.0020222026107707936,0.003877849551049344,0.0033054326657335313,0.0037860403697920755
2021-03-09,1.185171127319336,1.3823610544204712,108.93900299072266,24.030000686645508,-0.006217744884170941,-0.002172682437528465,0.004784781424739393,-0.058198183709485554,0.003857662938513701,0.003753140715110567,0.0019050903481417042,0.003912264264530136,0.0033403922132385247,0.003753618651778567
2021-03-10,1.1897906064987183,1.3890432119369507,108.5770034790039,22.559999465942383,0.0038901553143102156,0.004822227162185141,-0.00332848926205637,-0.06312467536579736,0.004280325111804569,0.003527316647592157,0.0032321170179853156,0.003925414972142634,0.004265310547717012,0.0038360325138994014
2021-03-11,1.1926058530807495,1.3931456804275513,108.43199920654297,21.90999984741211,0.0023633748120306186,0.0029490962854324472,-0.001336389663536355,-0.029235256314019607,0.004946609062321402,0.0035775780051363238,0.003561315065818304,0.0039600245434177755,0.004776142489410255,0.0038189706348407135
2021-03-12,1.1986095905303955,1.3989927768707275,108.55500030517578,20.690000534057617,0.005021504926535071,0.004188262924533444,0.0011337187212525702,-0.05729262907326568,0.004912873678198236,0.0035412682923113246,0.003648727466281346,0.003907163011551901,0.0035105075701463225,0.0034424033441036463
2021-03-15,1.1950000524520874,1.3929517269134521,109.11699676513672,20.030000686645508,-0.0030159811771838406,-0.0043274924531933705,0.005163711605320628,-0.03241933361122549,0.00481812894246305,0.0035780362318479616,0.0040920439633380734,0.004041043425951232,0.0037239668011943947,0.003505749162895061
2021-03-16,1.1925773620605469,1.3899120092391968,109.13400268554688,19.790000915527344,-0.002029413754968581,-0.0021845977175802872,0.000155838190774665,-0.012054378081987694,0.0035842481792577453,0.003573368750399859,0.004094423194321351,0.004055764393916892,0.0031701195504900714,0.003522951634325791
2021-03-17,1.190164566040039,1.3902212381362915,109.02899932861328,19.229999542236328,-0.0020252271693676203,0.00022245617087737694,-0.0009626138627759769,-0.028705270080567794,0.00346761836115206,0.0035832565221475114,0.00352292962204323,0.003949172966310347,0.0026093342293587256,0.0035628030590653826
2021-03-18,1.1982792615890503,1.3975849151611328,108.89099884033203,21.579999923706055,0.006794990677772875,0.0052827877874419915,-0.0012665244850203587,0.11529542049856295,0.004587999420086895,0.003924548223936174,0.004091890013827705,0.004053736972530015,0.0025949747496674825,0.0036013245380926923
2021-03-19,1.1918240785598755,1.3925055265426636,108.93099975585938,20.950000762939453,-0.005401606379240153,-0.003641024788319625,0.0003672807726933052,-0.02962827350928425,0.004642716115337589,0.004019444426740244,0.003885663142129039,0.004112791712972727,0.0025962800730834046,0.003407457366574959
2021-03-22,1.1883116960525513,1.3832597732543945,108.87100219726562,18.8799991607666,-0.0029514157086691552,-0.006661793403358251,-0.0005509367184261311,-0.10403556651887166,0.004636263355392357,0.003996129167830408,0.004489326468704803,0.004348985563589108,0.0007026114725466936,0.0033426292801955054
2021-03-23,1.193303108215332,1.3862512111663818,108.7760009765625,20.299999237060547,0.004191626170597192,0.0021602651819555853,-0.0008729844688983868,0.07251773219808452,0.005139488235443493,0.004025967351364149,0.004713532440302593,0.004063567999093263,0.0006268910633991696,0.0032995373899941676
2021-03-24,1.1840205192565918,1.3730417490005493,108.5199966430664,21.200000762939453,-0.0078093163477120295,-0.009574599920281457,-0.0023562739741710024,0.04338036920115944,0.006270120362791617,0.004227423387168452,0.0061433179482964125,0.004358815976541857,0.0009971471800067527,0.003346633525039088
2021-03-25,1.1813069581985474,1.3688879013061523,108.79000091552734,19.809999465942383,-0.002294449520728023,-0.0030298741411348322,0.0024849699915857515,-0.06781438391420826,0.004500246892747543,0.004116322784886135,0.0043894354136099975,0.004292130585649036,0.0017857361966574616,0.0030413002334562156
2021-03-26,1.1776621341705322,1.374910593032837,109.17900085449219,18.860000610351562,-0.0030901862514860034,0.004390046435119287,0.0035693181029886408,-0.049143524183932044,0.004286646947349009,0.0041329432393310125,0.005848776346987927,0.004343893680135857,0.002474796357165178,0.0030590954366360944
2021-03-29,1.1788004636764526,1.3791011571884155,109.79100036621094,20.739999771118164,0.0009661342348527806,0.003043245831779755,0.005589816886820951,0.09502088219807694,0.004510716166810727,0.004113670315569954,0.005749795120839711,0.004386829710585349,0.003252436043920439,0.0030141185585186403
2021-03-30,1.177100658416748,1.3775053024291992,109.83599853515625,19.610000610351562,-0.0014430194363622135,-0.0011578402364482024,0.0004097690156497517,-0.056024520432852415,0.003218560754837726,0.004111813342582531,0.005538868202962772,0.00392390437982387,0.0030443557961581076,0.002972099700433195
2021-03-31,1.1723604202270508,1.3746649026870728,110.30500030517578,19.399999618530273,-0.004035176121666364,-0.002064117070466892,0.004260928060383096,-0.010766624926866137,0.0019054654141968691,0.004037792820174077,0.003280091216974819,0.003914804230820727,0.0019525640677662344,0.003030501624343092
2021-04-01,1.1728830337524414,1.3786258697509766,110.75,17.329999923706055,0.00044567955889988594,0.0028772622464526753,0.004026150010864642,-0.11283394708079998,0.0021681187105177285,0.004035399031216443,0.002844469289371948,0.0039510648173784425,0.0019204275471692955,0.0030548023712543768
2021-04-02,1.177994966506958,1.383508563041687,110.61299896240234,17.329999923706055,0.004348963077613154,0.003535453103692005,-0.0012377954376464337,0.0,0.003098165040240502,0.0041194726049867125,0.0026395086809345987,0.004014652987386755,0.002883439736288997,0.0030700715636849136
2021-04-05,1.176816701889038,1.383125901222229,110.677001953125,17.90999984741211,-0.0010007294698471864,-0.00027662622355137,0.0005784535427947691,0.03292010822782251,0.0030786019385143915,0.00410154968270527,0.0024878368712629635,0.003998417491781785,0.0024227954203837453,0.0030655590800820103
2021-04-06,1.1818934679031372,1.3914011716842651,110.19300079345703,18.1200008392334,0.00430470340840242,0.005965193190177707,-0.004382685999646668,0.011657139377224394,0.0035925053129742587,0.0040390221037812386,0.0031839346959083156,0.004184978252081225,0.003651506686764743,0.002911729697062776
2021-04-07,1.1874228715896606,1.383125901222229,109.79299926757812,17.15999984741211,0.004667518332491089,-0.005965193190177631,-0.0036366129353804263,-0.05443526176239321,0.0026379408785231983,0.004130144243421402,0.00459595828933443,0.00433624799810307,0.003397807602178526,0.002966487079368962
2021-04-08,1.1873664855957031,1.3743815422058105,109.85199737548828,16.950000762939453,-4.7487154005886665e-05,-0.006342240959926043,0.0005372133235971306,-0.01231320633011249,0.002743548956603233,0.0039051509836231803,0.005524163787953003,0.004519604518417445,0.002309310830472368,0.0028135572971649016
2021-04-09,1.1915684938430786,1.373437762260437,109.33000183105469,16.690000534057617,0.0035326838721787264,-0.0006869301638223615,-0.004763133224608073,-0.015458109165233273,0.0026243391616595844,0.0038892719840747706,0.005031514188780801,0.004374723771430738,0.0026702458923916314,0.002918265352601753
2021-04-12,1.1900511980056763,1.3712154626846313,109.69400024414062,16.90999984741211,-0.001274171563053901,-0.0016193667318297256,0.0033238251949799366,0.013095384214556818,0.0027114949812630947,0.00386427759726561,0.00498813242206689,0.004310488530705082,0.0035545213289109655,0.0029615669987522793
2021-04-13,1.1914690732955933,1.3753834962844849,109.3740005493164,16.649999618530273,0.0011907313782124399,0.003035053068629045,-0.0029214665881284138,-0.015494960371601146,0.0024640694374247814,0.0037056840304584746,0.0039147210067201855,0.00425459228692461,0.003341142430273962,0.0030469069160924743
2021-04-14,1.1954143047332764,1.3759700059890747,108.92400360107422,16.989999771118164,0.00330576270865255,0.00042634268042194786,-0.004122782408287351,0.020214728696920783,0.0020888614702334147,0.0037277803805645967,0.003439849873896078,0.004185664134748301,0.0034251743153214257,0.002989787040461702
2021-04-15,1.1986095905303955,1.3779228925704956,108.89399719238281,16.56999969482422,0.00266938663461784,0.0014182736807192874,-0.00027551817363044557,-0.025031109191174968,0.0019881564965959935,0.00373961260844004,0.0018148407551503937,0.004189454065914331,0.0033165940529055484,0.002989577974026852
2021-04-16,1.1971746683120728,1.3785498142242432,108.68900299072266,16.25,-0.001197872792266197,0.000454872390364631,-0.0018842856486109495,-0.0195009042453573,0.0021285867223429034,0.003719968682577793,0.0016936327642293433,0.00419137460536973,0.002884923873637242,0.0030086378130913687
2021-04-19,1.1969454288482666,1.3818453550338745,108.71900177001953,17.290000915527344,-0.0001915020593817065,0.002387732316055508,0.0002759675709297529,0.06203544387071455,0.001888749689503956,0.003422457965154185,0.0011604187155635876,0.004048007225866391,0.0018229619677370965,0.002999141322021906
2021-04-20,1.204529047012329,1.3993842601776123,108.0979995727539,18.68000030517578,0.006315822590865152,0.012612506028093285,-0.0057283690075981344,0.07732509649126852,0.0029852100246756164,0.0034615948056762147,0.005179783769885701,0.004853368154314688,0.002548144419632037,0.003229375550372951
2021-04-21,1.2032392024993896,1.3938837051391602,108.13300323486328,17.5,-0.0010714026456539285,-0.003938442152220765,0.0003237617359271795,-0.06525256820826132,0.003206285780444897,0.0033953716669368156,0.006104174050673448,0.004701740144984071,0.0025493799305461957,0.0032321533696186883
2021-04-22,1.2037750482559204,1.3931845426559448,108.03900146484375,18.709999084472656,0.0004452368864991329,-0.0005017189646752882,-0.0008696942610594235,0.06685721042401424,0.003122852932699721,0.003297486519092873,0.006254612464084304,0.0046871048074728205,0.0024937398309496073,0.0032321261150669305
2021-04-23,1.2014753818511963,1.3840255737304688,107.97799682617188,17.329999923706055,-0.0019122059613187559,-0.0065958294451426095,-0.0005648133320643847,-0.07661899202838841,0.0032541186754522972,0.0028009188206331746,0.0074313783445863184,0.004426250943166749,0.002522676801369446,0.003200503882105961
2021-04-26,1.2089852094650269,1.3866355419158936,107.8740005493164,17.639999389648438,0.006231051392350071,0.0018840044657115584,-0.0009635888123963515,0.017729916653121687,0.003990121053848049,0.002957342810524961,0.007407728330453171,0.004370562130654856,0.0023846635937393775,0.0031452978335633226
2021-04-27,1.2081671953201294,1.3895643949508667,108.2020034790039,17.559999465942383,-0.0006768412074528475,0.0021099734804261175,0.0030359982183477234,-0.004545458184549777,0.0032583634810373274,0.0028387317811321817,0.003786538232797031,0.004302553842350494,0.0016689093065857031,0.003115286711296983
2021-04-28,1.2090305089950562,1.390356421470642,108.75,17.280000686645508,0.0007143095577937462,0.0005698194973953357,0.0050517872860289074,-0.016073754681327553,0.0031240255832396925,0.0028400683555942483,0.0035636661028928124,0.004264585456340733,0.0027507823052696197,0.0030677036537851104
2021-04-29,1.213592290878296,1.395673394203186,108.50499725341797,17.610000610351562,0.00376599054132821,0.0038168860632496267,-0.0022554404137109228,0.018917154055148863,0.003333136830087171,0.0028306309502389233,0.004054707130592254,0.004311378299312895,0.0030564515351756472,0.0030854100141318556
2021-04-30,1.2127091884613037,1.3952839374542236,108.90399932861328,18.610000610351562,-0.0007279412418516312,-0.00027908470478763795,0.003670524490148415,0.05523214628363878,0.003048954384711466,0.002607980122575588,0.0015688755557015997,0.004275588691901829,0.0031481042568772856,0.003043821724432423
2021-05-03,1.2027760744094849,1.3819791078567505,109.28299713134766,18.309999465942383,-0.008224575158544535,-0.009581326049567322,0.00347406756649211,-0.0162517739322451,0.004416503517103069,0.003334750910509115,0.005219244689136431,0.004767068458523914,0.0028145411424066644,0.003006071052137632
2021-05-04,1.2061271667480469,1.3903758525848389,109.08699798583984,19.479999542236328,0.002782257454785237,0.006057500228684699,-0.0017951110731611326,0.06194094519634577,0.0047443709344866655,0.003279316735374822,0.005987448461405475,0.0048822883865974245,0.0033948852412911076,0.0030139856301120097
2021-05-05,1.2015043497085571,1.388811707496643,109.3290023803711,19.149999618530273,-0.003840141391094418,-0.0011256133093069918,0.0022159960182264755,-0.01708557900866238,0.004925579444524604,0.0034177621460108314,0.00600336328643974,0.004889792138845814,0.002877614956597949,0.0030650758648764903
2021-05-06,1.2007973194122314,1.3909753561019897,109.21900177001953,18.389999389648438,-0.000588627419968323,0.0015567012816297221,-0.0010066495008108434,-0.04049569027965366,0.004139437818129132,0.003347111832069813,0.005700646737369856,0.004729401104847594,0.002553657043697172,0.002946643283132161
2021-05-07,1.2068549394607544,1.389854073524475,109.05000305175781,16.690000534057617,0.00503198317631046,-0.0008064375515713329,-0.001548536423399119,-0.09699723575450886,0.005270560494124485,0.0033684081500850627,0.005696381962599927,0.004544555176528735,0.0024111470789178295,0.0028701832957463997
2021-05-10,1.2171076536178589,1.4041197299957275,108.5719985961914,19.65999984741211,0.008459516107695119,0.01021182118683691,-0.004392986193218861,0.1637763372852811,0.004786899945404725,0.003741579156414913,0.00486804885331122,0.004770997699032623,0.002362287160654337,0.0029909265843753325
2021-05-11,1.2140932083129883,1.4131278991699219,108.84400177001953,21.84000015258789,-0.0024798007411299186,0.006395035907472187,0.0025021462567762233,0.10515705090564602,0.005231153184314877,0.00377672323616189,0.004920012060310346,0.004891069082380673,0.0028673334123084154,0.0029013429633809274
2021-05-12,1.2144500017166138,1.4138271808624268,108.71499633789062,27.59000015258789,0.00029383327808949253,0.00049472431430322,-0.0011859352945246782,0.233710235896416,0.004485980701740797,0.003749400096731882,0.004603219356894358,0.0048516943303935755,0.002451174059930345,0.0027977990153673403
2021-05-13,1.2078505754470825,1.4063708782196045,109.66400146484375,23.1299991607666,-0.005448904780958964,-0.005287798842705197,0.008691413648149602,-0.17632295379972707,0.005611384954466606,0.003986507022484087,0.006119668243245014,0.005038296716000764,0.005039779391996636,0.0033432336607086455
2021-05-14,1.207729458808899,1.4050863981246948,109.51599884033203,18.809999465942383,-0.00010027954906686701,-0.0009137468992245063,-0.0013505123350725803,-0.20674182503929742,0.005181574110616167,0.0039431671392363725,0.00613302785838117,0.005053800689124934,0.005017307710030081,0.0032258723238977904
2021-05-17,1.2150373458862305,1.4101786613464355,109.41200256347656,19.719999313354492,0.0060326971844055525,0.0036176123155409116,-0.0009500500987615753,0.04724469943401609,0.004235272541134862,0.004094943258818551,0.004452978676935163,0.005085122880026227,0.004302748159461181,0.003234263547382223
2021-05-18,1.2156872749328613,1.4148674011230469,109.24199676513672,21.34000015258789,0.0005347615740200223,0.003319410712720838,-0.0015550214779452088,0.07894993866919328,0.004065772904022313,0.004074953870851871,0.0036346743077460514,0.00510574293853028,0.004456100829001987,0.0032248311344369664
2021-05-19,1.2223997116088867,1.41880202293396,108.86799621582031,22.18000030517578,0.00550632825897061,0.00277705247208161,-0.0034294707066363926,0.038607742657343125,0.004695359075982141,0.004195058983810787,0.0038126697901202235,0.005110793210352147,0.004797159105685019,0.0033177789461732096
2021-05-20,1.217285394668579,1.4106162786483765,109.27300262451172,20.670000076293945,-0.004192610282990834,-0.005786183767289991,0.003713257720522909,-0.07050761829654915,0.00425671883398942,0.004153831071291854,0.004009846285919392,0.004637770902714054,0.0026524788484053883,0.0031389060910774983
2021-05-21,1.222538709640503,1.4185603857040405,108.86000061035156,20.149999618530273,0.00430631296814461,0.005615858517496087,-0.003786703539056965,-0.02547910792353237,0.0042841098103929345,0.0042160252535167605,0.004433361661493002,0.004663030138995761,0.0029995907512515322,0.003268999842107458
2021-05-24,1.2183235883712769,1.4142870903015137,108.91899871826172,18.399999618530273,-0.0034538002924195703,-0.00301696344758439,0.0005418163324778924,-0.09085362557830234,0.004393108178171504,0.004309192747083151,0.004773827253740118,0.004726804437845244,0.003103274950178309,0.0032586907172018563
2021-05-25,1.2214635610580444,1.415608525276184,108.85099792480469,18.84000015258789,0.002573974062547223,0.0009339108223224401,-0.0006245194169575794,0.023631633364472472,0.004486149073764957,0.004293442074197855,0.004545580841913239,0.0044384449747365134,0.0030822447892194646,0.0032595299756753124
2021-05-26,1.2249093055725098,1.4143872261047363,108.802001953125,17.360000610351562,0.002817025025208322,-0.0008631103044377644,-0.00045022097131476347,-0.0818135328566583,0.003929719516560587,0.0041450329064676205,0.004295186463604814,0.004451767964315746,0.002689802877077593,0.0032513854722917824
2021-05-27,1.21925950050354,1.4116119146347046,109.16999816894531,16.739999771118164,-0.004623097322663016,-0.0019641282421068366,0.0033765489626535593,-0.03636769300212449,0.004058383932357038,0.004285683400312869,0.003391729604856923,0.004483693556208161,0.0025714108720656845,0.0032653665432684684
2021-05-28,1.2193188667297363,1.4203739166259766,109.80899810791016,16.760000228881836,4.868920925875243e-05,0.0061879052167196245,0.005836192179010712,0.0011940573217919478,0.0034085969923006265,0.004285822377361485,0.00362424917944162,0.004632517083927366,0.0027964560376492567,0.003322309130881176
2021-05-31,1.2190067768096924,1.4180374145507812,109.90699768066406,16.760000228881836,-0.00025598707258409764,-0.00164634531808672,0.0008920568473033005,0.0,0.0029974591738513405,0.004220017694440834,0.0033568193919502796,0.004619102554744945,0.002763255454946106,0.00326801275952715
2021-06-01,1.223286509513855,1.4226775169372559,109.49299621582031,17.899999618530273,0.003504687261543158,0.003266858255841539,-0.0037739468344103765,0.06580558282518024,0.003209929373448461,0.004271752369832809,0.0035816656681294406,0.004644283495021043,0.003666981007174669,0.003318185548250242
2021-06-02,1.2217769622802734,1.4157087802886963,109.49299621582031,17.479999542236328,-0.0012347715654755192,-0.004910360973538678,0.0,-0.02374334749601523,0.0029127826666141103,0.0038380748164790275,0.00445724092714844,0.00423150785816217,0.0036223171764454914,0.0032389241471341454
2021-06-03,1.220986247062683,1.4171934127807617,109.59500122070312,18.040000915527344,-0.0006473941004048983,0.0010481354644816829,0.0009311784620517406,0.0315342213447932,0.0018637288643524887,0.003819608824585157,0.004294436293178009,0.004084026907097735,0.0034259042829543436,0.0032155443951038193
2021-06-04,1.2133007049560547,1.4109944105148315,110.26599884033203,16.420000076293945,-0.006314430298984803,-0.004383734447986575,0.0061038538233060555,-0.09409145671364344,0.0035095525926245015,0.003987951536585653,0.0035011022079441323,0.004216695645822382,0.003525366887373223,0.003430614688382939
2021-06-07,1.2168411016464233,1.4164307117462158,109.61699676513672,16.420000076293945,0.0029137387666372154,0.0038454124832892384,-0.005903175532797359,0.0,0.0039356110922436184,0.004014580304049279,0.004172225734984081,0.004266255781699795,0.004631904384384698,0.003675495145837078
2021-06-08,1.2193634510040283,1.41765558719635,109.27400207519531,17.06999969482422,0.002070721242316343,0.0008643883052233384,-0.0031339339898542443,0.03882241025776176,0.0036238793621137235,0.003907230274886424,0.0037901464526000138,0.004250686583241311,0.004527457503816031,0.0037258947752590813
2021-06-09,1.217285394668579,1.414987564086914,109.46900177001953,17.889999389648438,-0.001705667883123736,-0.0018837698615187337,0.0017829118467916857,0.04691934447526731,0.0036491528731838353,0.00349675435788023,0.003136348870164731,0.003740579287933968,0.004635793254881244,0.003602398560021618
2021-06-10,1.218200445175171,1.4112334251403809,109.61000061035156,16.100000381469727,0.0007514316319798007,-0.0026566508201852856,0.001287196474953296,-0.10542256771952595,0.0037108025609304323,0.0034549541403467816,0.0032328670707385786,0.003536289591319598,0.004657197623318667,0.0035774465235614765
2021-06-11,1.2172558307647705,1.4170126914978027,109.40899658203125,15.649999618530273,-0.0007757186750589432,0.004086825660090742,-0.001835494521749647,-0.028348403073089355,0.0019193157169124792,0.0034604063341831114,0.00313128700578289,0.0036444425374475603,0.0031897462783622267,0.003593102751735782
2021-06-14,1.2110203504562378,1.411930799484253,109.70899963378906,16.389999389648438,-0.005135737081496744,-0.0035927882590968923,0.002738280236176184,0.04620046290537244,0.0027450421123071484,0.0034370372499650434,0.0031200481831070975,0.003541529875993848,0.0025191089531156194,0.0031237078371097963
2021-06-15,1.212224006652832,1.4109944105148315,110.04100036621094,17.020000457763672,0.0009934254397854871,-0.000663417507802533,0.0030216244370875472,0.0377177945243885,0.002476977918434035,0.003441619251911454,0.0030091664966565646,0.003538251259659012,0.0019396149562491093,0.0031711718288403383
2021-06-16,1.2127091884613037,1.4081531763076782,110.08399963378906,18.149999618530273,0.00040016097426804237,-0.002015669688533229,0.0003906804599663785,0.06428138965238321,0.002542242938574424,0.003184533131254678,0.003020045494024982,0.00348182913843953,0.0019703943068062734,0.0031605332316457925
2021-06-17,1.1995586156845093,1.3990709781646729,110.7699966430664,17.75,-0.010903186645947914,-0.006470612485239705,0.006212241815895612,-0.022285023771818995,0.004986036582783696,0.003925610662605006,0.003905062309511009,0.0036501815173659823,0.0030239488679405574,0.003372693735284088
2021-06-18,1.1913414001464844,1.3938642740249634,110.32499694824219,20.700000762939453,-0.0068737695746302375,-0.0037284861275771043,-0.00402542172931608,0.15374822120687637,0.005025848516167962,0.003894743709127114,0.0021750294218653723,0.003634662283664513,0.003797187361409361,0.003409059881522646
2021-06-21,1.1873664855957031,1.381711721420288,110.20099639892578,17.889999389648438,-0.003342081870940971,-0.008756834820241425,-0.0011245890836081454,-0.14589187372458626,0.0050156263957579165,0.003867435324517696,0.0032916870432476097,0.003875677121820459,0.003915967959568366,0.0033545632284358662
2021-06-22,1.1912561655044556,1.392540454864502,110.3740005493164,16.65999984741211,0.0032705342094358175,0.007806635987788971,0.0015686654268191069,-0.07123123582395531,0.005640595872960495,0.003803871550486236,0.006379573038592797,0.004075181753433645,0.003769881501716518,0.0032294466355875283
2021-06-23,1.1936734914779663,1.3949919939041138,110.65399932861328,16.31999969482422,0.002027168217937988,0.00175893175539579,0.0025336059615181207,-0.020619296743295247,0.0059590387436430714,0.0038271534120671393,0.006686819191789508,0.004080977762321048,0.003860250072357822,0.003254741224623416
2021-06-24,1.1933174133300781,1.3967455625534058,111.01200103759766,15.970000267028809,-0.000298348979723606,0.0012562562522084083,0.0032301031250839174,-0.021679351888891696,0.004119182753815707,0.003750177479153983,0.0062379064313993916,0.0040874126453208605,0.0029928922061187853,0.0032826410218177323
2021-06-25,1.1930327415466309,1.3916915655136108,110.9209976196289,15.619999885559082,-0.00023858341510851012,-0.003624971510546663,-0.0008200981703469378,-0.022159841862596074,0.002535681129927093,0.003655143222045917,0.0062239748489432475,0.004137669101594573,0.0019650231171050754,0.0032907882492288353
2021-06-28,1.1942152976989746,1.389506459236145,110.8219985961914,15.760000228881836,0.0009907275906234155,-0.0015713420674308802,-0.0008929168605515767,0.008922961867715495,0.001526215526682108,0.0036002280487464487,0.004327119335974461,0.004132958964201029,0.0019018318746878795,0.0032621143504723642
2021-06-29,1.1928904056549072,1.3879058361053467,110.60299682617188,16.020000457763672,-0.0011100406473405179,-0.001152600433636494,-0.001978113094353763,0.016362871262031953,0.00123421945929141,0.003593492950655189,0.0022015504185778647,0.003834459792257246,0.0023117309500439794,0.0030954248412024717
2021-06-30,1.1901928186416626,1.3842746019363403,110.53500366210938,15.829999923706055,-0.0022639479292535175,-0.0026197690424452505,-0.000614938780806531,-0.01193110114138291,0.0012020420029424217,0.003599296377952541,0.001835966113314528,0.003847250472208137,0.00199768423644357,0.0030990086860900276
2021-07-01,1.1856770515441895,1.3829153776168823,111.1240005493164,15.479999542236328,-0.0038013635275336794,-0.0009823860586479355,0.005314453843872877,-0.02235803048305722,0.001843567080385893,0.0034908506646878753,0.00111372561831635,0.003722462586698738,0.002906931090619539,0.003141273933845426
2021-07-02,1.1846235990524292,1.3759511709213257,111.5719985961914,15.069999694824219,-0.0008888767430041129,-0.0050486106270618,0.004023409966382564,-0.026842846202429663,0.001772905394507323,0.003492500435091993,0.001676122583536949,0.0037289789905569524,0.0032661404540221314,0.003216500772472085
2021-07-05,1.1856207847595215,1.383125901222229,111.13500213623047,15.069999694824219,0.0008414202119710983,0.00520083077458014,-0.003924412069423412,0.0,0.001722811078943249,0.0035221512391485003,0.003790026503040362,0.003951677042083455,0.003953871758941342,0.003373767974291115
2021-07-06,1.186380386352539,1.3856172561645508,110.91600036621094,16.440000534057617,0.0006404732242418524,0.0017996292708217817,-0.0019725363863341127,0.08701142972543546,0.001968179278373425,0.0033625374194316475,0.003970495748536133,0.003927268613347226,0.003952976039878675,0.0031843567952124373
2021-07-07,1.1824523210525513,1.3805670738220215,110.60199737548828,16.200000762939453,-0.0033164595271548305,-0.0036513748550746263,-0.002835012994294892,-0.01470613277992456,0.0021704230371689726,0.0032767311693229443,0.0041423081237573125,0.0038266851885426795,0.004233409750015086,0.0029605761222042024
2021-07-08,1.17933988571167,1.3801099061965942,110.63500213623047,19.0,-0.002635657052069856,-0.0003311996535018386,0.00029836565366441424,0.15942768983307518,0.0018781571660845887,0.003198680801306019,0.00413501022327113,0.0038049092748681118,0.003151035963524785,0.0028536185955922956
2021-07-09,1.184800386428833,1.3790820837020874,109.8010025024414,16.18000030517578,0.004619447070696502,-0.0007450170526812162,-0.007566854738927775,-0.16066304867479828,0.0031779955749777645,0.00345491145296784,0.003288289904361815,0.0038031956704971046,0.0028927771172599904,0.00332115819819754
2021-07-12,1.187295913696289,1.3899506330490112,110.21499633789062,16.170000076293945,0.0021040698794469346,0.007850109603213635,0.0037633110885619725,-0.0006182521843864019,0.0033061882027938085,0.003503536356493154,0.0043015887010691934,0.00424179302039526,0.004171832158533085,0.003402920412084449
2021-07-13,1.186521053314209,1.3886960744857788,110.32499694824219,17.1200008392334,-0.0006528392208572587,-0.0009029997552971375,0.0009975571127440867,0.05708974142698163,0.00332172323075584,0.003504289416013359,0.004343145720762406,0.0041053816929490575,0.0043252888508229035,0.003373713655997246
2021-07-14,1.1775373220443726,1.3806052207946777,110.59500122070312,16.329999923706055,-0.007600298375475396,-0.005843262144035073,0.002444363653236326,-0.04724351742387486,0.004675305235396606,0.003672703789526344,0.00493071832366505,0.004202113698198382,0.004429392075093816,0.0033644953042658637
2021-07-15,1.1833338737487793,1.385809302330017,109.98400115966797,17.010000228881836,0.004910529098378265,0.0037623339745741302,-0.0055399799359281965,0.040797517553130096,0.005142575312397192,0.0038771438139273006,0.005193668010060909,0.004324154977754608,0.005052608964003571,0.0035335545851540853
2021-07-16,1.1811814308166504,1.3829728364944458,109.77799987792969,18.450000762939453,-0.0018206213531582575,-0.002048891307176158,-0.0018747676222697735,0.0812629919747747,0.004695053532529892,0.0038652156233431045,0.00532327505728575,0.004324598680792721,0.003719203415172574,0.003553859742006386
2021-07-19,1.1814005374908447,1.3763866424560547,109.8740005493164,22.5,0.00018548069676449624,-0.004773721290059335,0.0008741161228913218,0.1984508973721072,0.004491589316218915,0.0032060780413570382,0.0037705106126392756,0.004233187450030861,0.0031630619115149633,0.003271481080652495
2021-07-20,1.1793843507766724,1.3669979572296143,109.53399658203125,19.729999542236328,-0.0017080651561058448,-0.00684462680269573,-0.003099287572849499,-0.13137501237725321,0.004496249145506861,0.0029071052734817634,0.00425832125588785,0.004387170309453484,0.0031699962176490026,0.0032278603499093545
2021-07-21,1.1784114837646484,1.3633265495300293,109.91999816894531,17.90999984741211,-0.0008252343591270102,-0.002689357915755346,0.003517839676807251,-0.09678108928020436,0.0027816685800258595,0.0028369003516990174,0.003984344228545676,0.004046192509221992,0.0035162131159590443,0.0033235694271446705
2021-07-22,1.179273009300232,1.3714035749435425,110.25499725341797,17.690000534057617,0.0007308234638374334,0.00590701716932685,0.003043028045379751,-0.01235966919142029,0.001131174691945836,0.002732561173364274,0.00485082568751669,0.0038746866192946074,0.0029286685458446175,0.003373645008233677
2021-07-23,1.1772738695144653,1.377389669418335,110.13999938964844,17.200000762939453,-0.0016966692097776699,0.0043554413923421725,-0.0010435615686142572,-0.028090110185145265,0.0011010922063430517,0.0026861288214458955,0.0056449068460426395,0.003990805137893556,0.002780569577368335,0.003329153346043368
2021-07-26,1.1773432493209839,1.3757808208465576,110.54399871826172,17.579999923706055,5.893086054934966e-05,-0.0011687243929103936,0.0036613418588766697,0.021852459740864652,0.0010779315249080208,0.002689300109835063,0.005226648931804888,0.00397119423277182,0.0030961072098703002,0.0033515769984769476
2021-07-27,1.1807769536972046,1.3829153776168823,110.302001953125,19.360000610351562,0.0029122406895440082,0.005172423611389734,-0.00219154398320552,0.09644722545763813,0.0017535604214442006,0.0027920999418736933,0.003950025039860152,0.004102083676729417,0.0027914423296464346,0.0033764769224656085
2021-07-28,1.1823126077651978,1.3882719278335571,109.80599975585938,18.309999465942383,0.0012997004508067118,0.0038658930613115266,-0.004506906000590153,-0.05576178385597298,0.0016883416105379675,0.0028005581408556465,0.0027916607915868916,0.004184028986090073,0.0034876278231235633,0.003494861311414504
2021-07-29,1.1845955848693848,1.3906852006912231,109.89099884033203,17.700000762939453,0.0019290801555133712,0.0017368194993291708,0.000773784705816058,-0.03388264683517473,0.0017831128074450736,0.002841382094047896,0.0025526826468847156,0.004192794936184125,0.003083064903228936,0.0034856226811292965
2021-07-30,1.1892997026443481,1.3964334726333618,109.40899658203125,18.239999771118164,0.003963210978191812,0.004124890803962885,-0.0043958325993593665,0.030052289414132554,0.0014953473230259625,0.0029464397726986866,0.0025192530577521095,0.004231555272537977,0.0035204298804600315,0.0035937543850817566
2021-08-02,1.186704158782959,1.3896223306655884,109.70600128173828,19.459999084472656,-0.0021847985485023355,-0.004889460957029771,0.0027109498163010014,0.06474405761339283,0.002336055285656205,0.002867105462762062,0.004049534026938734,0.004371887105030202,0.0031939535965977367,0.003433662432799284
2021-08-03,1.1874650716781616,1.3892748355865479,109.26899719238281,18.040000915527344,0.0006409929936695579,-0.0002500956746956358,-0.003991365887063699,-0.07576946432690278,0.0022316713689621366,0.002862068227896234,0.003699180213627363,0.004213347563872334,0.003384054174889983,0.0033456209817523393
2021-08-04,1.1869436502456665,1.391788363456726,108.99099731445312,17.969999313354492,-0.0004392010828315455,0.0018076026143097953,-0.0025474208307796654,-0.0038879027995192016,0.0023317914120097602,0.002859482172980943,0.0033907276598379396,0.004091025864889533,0.0031061042223557234,0.003299854846254921
2021-08-05,1.1837401390075684,1.3890432119369507,109.52899932861328,17.280000686645508,-0.0027026069039768293,-0.0019743392126198127,0.00492406287273817,-0.03915385947247127,0.0026591289245248553,0.00291493838839822,0.0034594219401772436,0.004103542831472888,0.004217874526232184,0.0035124060953055404
2021-08-06,1.1835720539093018,1.3927576541900635,109.75199890136719,16.149999618530273,-0.00014200501231056276,0.0026705322482849614,0.002033916768252996,-0.06762977706408986,0.0014177608778531507,0.0028253979585500075,0.0030363264866081793,0.0040484190814170234,0.0037481081001287534,0.003516416280969037
2021-08-09,1.1749500036239624,1.3868471384048462,110.25900268554688,16.719999313354492,-0.00731143358773178,-0.004252780617707592,0.004608902991241717,0.03468554054099084,0.003223648837046995,0.003188963745402389,0.0028127660395392685,0.004166734699079377,0.004092346643619716,0.0036709960183673503
2021-08-10,1.17384672164917,1.3849073648452759,110.30599975585938,16.790000915527344,-0.000939444477304895,-0.0013996722104913353,0.00042615166054021947,0.004177959028340658,0.0029684568607591657,0.003006448209215003,0.0028442750350859154,0.004176291424961175,0.0031004932982401957,0.003276863180823791
2021-08-11,1.172333002090454,1.3836042881011963,110.5979995727539,16.170000076293945,-0.001290369832655863,-0.0009413555033583131,0.00264368221353066,-0.03762584731032467,0.002856878373916634,0.0029573263684337533,0.002500237990813251,0.0038134299036747038,0.0018674291314715985,0.0032273466734237632
2021-08-12,1.1741899251937866,1.3866932392120361,110.3740005493164,15.59000015258789,0.0015827021925636149,0.0022300510039304383,-0.0020273980417411974,-0.03652798545002149,0.003369198666132778,0.0029927725894553494,0.002848808663207837,0.0038446139263498685,0.0024923471469731062,0.003254186786994463
2021-08-13,1.173626184463501,1.3811582326889038,110.40299987792969,15.449999809265137,-0.00048022563504941196,-0.00399950211020577,0.00026270244385897623,-0.00902070185877843,0.0033353283902533364,0.0025355975177064386,0.002641576157696665,0.003731091251126496,0.0025296653058106524,0.003209733640000162
2021-08-16,1.179467797279358,1.3863856792449951,109.6240005493164,16.1200008392334,0.0049650586518873285,0.003777683707379104,-0.0070809726263415,0.04245179814165022,0.0025975642532068007,0.0025408024517062887,0.003084765824409515,0.003731826108065659,0.0037019635710154497,0.0033484013866527393
2021-08-17,1.177994966506958,1.3842746019363403,109.2969970703125,17.90999984741211,-0.0012495051770467507,-0.0015238805937518008,-0.002987413046335276,0.10529841841281065,0.0026516414964683718,0.0025257803956227325,0.0030986541679942445,0.00371963214370028,0.0036518560376318666,0.003383922866352758
2021-08-18,1.1709738969802856,1.3740416765213013,109.53700256347656,21.56999969482422,-0.00597801915977613,-0.007419723720895923,0.0021934945190990075,0.18594423869998947,0.004012986157917657,0.002815203955883358,0.004555070658071683,0.003920160871110092,0.0035167903369269235,0.0034154029649305345
2021-08-19,1.1703298091888428,1.3743815422058105,109.84200286865234,21.670000076293945,-0.0005501958639484956,0.00024731684984015,0.002780580585524972,0.004625372816078682,0.0038831203505312463,0.0028004272602956434,0.004236627982603758,0.0036170648895949105,0.0040929201617910345,0.0034028075326071184
2021-08-20,1.1676595211029053,1.3630849123001099,109.76799774169922,18.559999465942383,-0.0022842612773609403,-0.008253393580643817,-0.0006739686676266611,-0.154920120485587,0.003945713632900099,0.0028293368107135293,0.005126518672496636,0.004005649167730733,0.004043744593168446,0.0033202946568848947
2021-08-23,1.1697548627853394,1.3625277280807495,109.83999633789062,17.149999618530273,0.0017928718657227044,-0.0004088506333343149,0.0006557010738408812,-0.07901054721458206,0.002844173698306938,0.0028587549267652394,0.004045294112031977,0.0037815911974931394,0.002322549548283723,0.0032522668292916507
2021-08-24,1.1744533777236938,1.37247633934021,109.6780014038086,17.219999313354492,0.004008621033643521,0.007275056923428016,-0.0014759150972132517,0.004073307755883778,0.0038316936873851837,0.0029883590430606734,0.006357520211388808,0.003997627844594893,0.0018154627091457821,0.0032590870390664735
2021-08-25,1.175309181213379,1.3725517988204956,109.7300033569336,16.790000915527344,0.0007284170260269493,5.497902134825645e-05,0.0004740205732731972,-0.025287933507119265,0.002377147150375479,0.002993555127936411,0.005500929651321449,0.0039914681262833585,0.00161237497945514,0.003148651498105854
2021-08-26,1.1774401664733887,1.3766520023345947,109.97599792480469,18.84000015258789,0.0018114856517436977,0.0029828320129872696,0.00223930770421338,0.11519875162978147,0.002289955138572285,0.002950068938216411,0.005691386374124679,0.003879284628203047,0.0014146054523422851,0.003165968030432375
2021-08-27,1.1756407022476196,1.3702384233474731,110.0479965209961,16.389999389648438,-0.0015294540875912131,-0.004669709852127337,0.0006544613367520497,-0.13931092173088985,0.0020096158950903423,0.0029465022161368447,0.004424943975637469,0.003879450295951131,0.0013207720406566974,0.0030141293723595156
2021-08-30,1.1799006462097168,1.3762996196746826,109.86499786376953,16.190000534057617,0.0036169593109244688,0.004413706325571018,-0.001664282731252228,-0.012277554840046993,0.002257572785771373,0.003027015489250135,0.004552077875638551,0.003996267415989959,0.0016282902780889006,0.0030329408083624933
2021-08-31,1.1796904802322388,1.376045823097229,109.94400024414062,16.479999542236328,-0.00017813762365744638,-0.00018442203818521102,0.0007188275680515872,0.01775369602797844,0.0019561587298721566,0.0028823707760153344,0.003495426739847619,0.003863596194338013,0.0013946794777777334,0.002872593371066088
2021-09-01,1.1810280084609985,1.3753398656845093,110.05599975585938,16.110000610351562,0.0011331536380010299,-0.0005131650070655349,0.0010181774672222339,-0.02270726162901823,0.0019561824003128214,0.002869599141950406,0.003523423977343138,0.0037468216990337237,0.0014147473177542023,0.002825020059716171
2021-09-02,1.1840906143188477,1.3771638870239258,110.09600067138672,16.40999984741211,0.0025898130775567317,0.0013253544919767043,0.00036339361795394745,0.018450660728144403,0.002067600569028144,0.0029268840001348043,0.0032906407541320867,0.0037662219230401948,0.0010776987343776672,0.0026697026820074804
2021-09-03,1.1876484155654907,1.383680820465088,109.94499969482422,16.40999984741211,0.0030001647486994007,0.0047209794360441185,-0.0013724805832967773,0.0,0.001537305008970924,0.003000474846383012,0.00248803467504848,0.0038964352105972547,0.001241333713611772,0.00262043064369619
2021-09-06,1.1885942220687866,1.3859245777130127,109.76399993896484,16.40999984741211,0.0007960521693053499,0.0016202725054445903,-0.0016476320688511052,0.0,0.0013114303478117533,0.00294104178194638,0.0020768604865779947,0.0038967352505607923,0.0012363932391022778,0.002448630143394504
2021-09-07,1.1875073909759521,1.3839489221572876,109.81999969482422,18.139999389648438,-0.0009148019282187784,-0.0014265314938422505,0.0005100531656844369,0.10022851523673704,0.0015603803659276381,0.0029497482610974565,0.002366871633038445,0.0038555991117847866,0.0012013109172502963,0.0024125295681833494
2021-09-08,1.184356927871704,1.3779798746109009,110.2959976196289,17.959999084472656,-0.002656530503864459,-0.004322382855542738,0.004324980215810686,-0.009972399142124295,0.0023796707631173904,0.002525411682410928,0.003415112422153846,0.0038590340439793383,0.002384693204966319,0.0023874878951648235
2021-09-09,1.1819101572036743,1.3767657279968262,110.21800231933594,18.799999237060547,-0.002068043422056589,-0.0008814946044706744,-0.0007073954811668772,0.045709817355874635,0.0022981547535016766,0.0025642812602169533,0.003405555236023007,0.003853526065075381,0.0024402401734519917,0.0023904276856726086
2021-09-10,1.1825922727584839,1.3839681148529053,109.78099822998047,20.950000762939453,0.0005769633095642835,0.005217745430303955,-0.0039727877220834965,0.10828185353128676,0.001540863396593767,0.002539530541356616,0.0035824763942002786,0.0040223111407741,0.0030625998200145923,0.002452608784329417
2021-09-13,1.1811953783035278,1.3840830326080322,109.91500091552734,19.3700008392334,-0.0011819121036024795,8.303152584328958e-05,0.0012198920570781625,-0.07841316203994701,0.0012351422286727266,0.002546406688197507,0.003477542082793521,0.003991862426979962,0.0030149300215219685,0.0024437325273689286
2021-09-14,1.1811953783035278,1.3838149309158325,109.99400329589844,19.459999084472656,0.0,-0.00019372223728709802,0.0007185006730679619,0.004635508965875068,0.0013585836660090288,0.0025417198568176407,0.003417873654551922,0.003895475323929773,0.0030204298706685024,0.002449673103483688
2021-09-15,1.1804981231689453,1.381024718284607,109.71900177001953,18.18000030517578,-0.0005904704860357741,-0.0020183547203201056,-0.002503280763034672,-0.06803892417555253,0.0010277674968075332,0.0023218207356608686,0.002790417858466192,0.003829445471492758,0.0021824350290317635,0.0019849089104746905
2021-09-16,1.1819995641708374,1.3848881721496582,109.38300323486328,18.690000534057617,0.0012710625809980738,0.002793621152023931,-0.0030670536176834605,0.027666544506303185,0.0009608478000082435,0.0023173605053398525,0.0028384425487122393,0.003867527742895035,0.00233956581649875,0.0019907559644031106
2021-09-17,1.176747441291809,1.3797005414962769,109.6989974975586,20.809999465942383,-0.004453323350837845,-0.0037529175435692943,0.0028847142236214404,0.10744496470005153,0.0021379641252560655,0.0021413464838182634,0.0024545527343533854,0.003601497039690105,0.002543988930149503,0.0020314703549335084
2021-09-20,1.1729930639266968,1.3729662895202637,109.97100067138672,25.709999084472656,-0.0031955703633193186,-0.004892902646436283,0.0024764721182658285,0.2114463709259874,0.0023609621345184436,0.0022579631625251053,0.003038666654678504,0.003760605870299913,0.002765505287141714,0.0020130792081176113
2021-09-21,1.1730204820632935,1.366269588470459,109.43699645996094,24.360000610351562,2.3374235536573305e-05,-0.004889476255109508,-0.0048676919056500415,-0.05393751777084258,0.0023644321398468946,0.0021944750942559173,0.003211162802438366,0.0034680477928389344,0.0034880971352871013,0.002267686941876331
2021-09-22,1.17229163646698,1.3657469749450684,109.14900207519531,20.8700008392334,-0.0006215340073654814,-0.000382584453376737,-0.0026350686076731474,-0.15462970659564101,0.0023618488496704565,0.0021717066726566177,0.003359044636099543,0.0034678665985912074,0.0035026189688794093,0.0023208005801558284
2021-09-23,1.168770432472229,1.3617113828659058,109.8219985961914,18.6299991607666,-0.003008212978931102,-0.002959234932113418,0.006146920258922305,-0.11353962173545984,0.0018804088902810276,0.0020835715054437266,0.0018619814003558973,0.003130597017182976,0.004462862606372411,0.002676589437979362
2021-09-24,1.1740258932113647,1.3722503185272217,110.32599639892578,17.75,0.004486492911866468,0.00770968214957183,0.004578726081608531,-0.04838762364465317,0.0031106359024793825,0.0023071307398949458,0.005251826312128069,0.0035728194809035788,0.004717619903347693,0.0028446386121132755
2021-09-27,1.1723054647445679,1.3669044971466064,110.76399993896484,18.760000228881836,-0.0014664840661052921,-0.0039032683638136447,0.0039622246173075405,0.055341439857178,0.0028127666914605333,0.002286971658720218,0.005088447876764556,0.0035996768273415937,0.004867274230856761,0.0029247118021274174
2021-09-28,1.1696795225143433,1.3701633214950562,110.96399688720703,23.25,-0.0022424937349731,0.0023812533004469523,0.0018039851109782929,0.2145781762547625,0.0029629620665117223,0.002311649227375857,0.004680511255956362,0.0035069337516447493,0.0034001625776227604,0.002941109196964384
2021-09-29,1.1686338186264038,1.354224443435669,111.52799987792969,22.559999465942383,-0.0008944087511727837,-0.011701021505563514,0.005069883025037204,-0.03012672907627412,0.0029666490515448305,0.0021483744472405985,0.007274254113681165,0.004162298109279318,0.0016143839952019302,0.0030663343256091677
2021-09-30,1.1601601839065552,1.3426424264907837,111.93599700927734,23.139999389648438,-0.007277304997338633,-0.00858929172969405,0.0036515733217273843,0.025384292431966944,0.004187250668857903,0.0025945920472610234,0.007925559618390327,0.004482746602047352,0.0012500558353771983,0.0031310383462757976
2021-10-01,1.1574475765228271,1.346982717514038,111.46099853515625,21.100000381469727,-0.0023408694678413076,0.003227434722955436,-0.004252511890594888,-0.0922896368279035,0.0025479206726743745,0.002579634587660285,0.006575187999963177,0.004576695576316484,0.003712259047866831,0.00331130525905219
2021-10-04,1.160725712776184,1.3570915460586548,110.9469985961914,22.959999084472656,0.0028282082737945743,0.0074767736765603676,-0.004622143634172159,0.08448047301532594,0.0036248379531745416,0.002595517576258673,0.008250707641539843,0.004898713403831349,0.004505416579169182,0.0034922456274022904
2021-10-05,1.1618449687957764,1.3607479333877563,110.96800231933594,21.299999237060547,0.0009638080038769708,0.002690658931599922,0.00018929520871152427,-0.0750464946798554,0.00384490860804173,0.0024834782457691723,0.008287619182185308,0.004810701775860646,0.004430613469301839,0.003471375490430041
2021-10-06,1.1596084833145142,1.3627691268920898,111.48699951171875,21.0,-0.0019267982057976168,0.0014842527736428684,0.004666095432907762,-0.014184599173202148,0.0038424409740626456,0.0024575008595929294,0.00595030830091908,0.004807583818385648,0.004317502076626496,0.0035522577467677944
2021-10-07,1.1555349826812744,1.3592127561569214,111.41300201416016,19.540000915527344,-0.0035190085597075326,-0.002613075995060442,-0.0006639524429826831,-0.07205874425477805,0.0026130379212055826,0.0025092099225796837,0.003622779658613597,0.004821982655474582,0.003785190760100544,0.003564170859087619
2021-10-08,1.1559758186340332,1.3620266914367676,111.66200256347656,18.770000457763672,0.0003814266910217661,0.0020681283929676023,0.00223243884451849,-0.04020381848217929,0.002492256250458253,0.002511169205243621,0.0035978532758118896,0.00479333567239374,0.0034622196068999937,0.003488678812814689
2021-10-11,1.1566041707992554,1.361655831336975,112.2699966430664,20.0,0.0005434209268923678,-0.000272322562547946,0.005430180373771733,0.0634723985675252,0.0019322930814229206,0.002525038451828358,0.002142859142772904,0.004792963800577344,0.0026746971206586226,0.0036252737628068403
2021-10-12,1.1553747653961182,1.3590649366378784,113.38800048828125,19.850000381469727,-0.0010635092731745039,-0.001904565520116103,0.009908915324627962,-0.007528247203173337,0.0016904555346998968,0.0025008593209082395,0.002043497896251508,0.004625879076843364,0.003930197576909535,0.00394220344434787
2021-10-13,1.15340256690979,1.3578838109970093,113.51899719238281,18.639999389648438,-0.0017084358360839192,-0.0008694501258462731,0.001154629165199375,-0.06289424983755569,0.0016669583091381878,0.002504614479382419,0.001801619228006662,0.004621427500144532,0.0041588024476782014,0.003942424734836288
2021-10-14,1.1599582433700562,1.366923213005066,113.3010025024414,16.860000610351562,0.005667679663200196,0.006634917694759887,-0.0019221828529674084,-0.10036578773839297,0.0029023189324583363,0.0028839929124412525,0.0034043021303821726,0.0048904081398715975,0.004505841927713913,0.004005969576563622
2021-10-15,1.159151554107666,1.3668859004974365,113.83399963378906,16.299999237060547,-0.0006956887472967136,-2.7297083360697698e-05,0.0046932274168901235,-0.03377892776825488,0.002976842494073676,0.0028836732445849064,0.0033890929611104645,0.00488051412506129,0.0044861323152368005,0.00397030570835976
2021-10-18,1.1597026586532593,1.376159429550171,114.3239974975586,16.309999465942383,0.0004753248849683281,0.006761510122883212,0.0042952569997150684,0.0006133228821253111,0.0029770284117166756,0.0028609728797951745,0.0042329929625399,0.005076171527756445,0.004414518972543888,0.0038604571322855604
2021-10-19,1.161386251449585,1.373645305633545,114.28500366210938,15.699999809265137,0.0014506924609902151,-0.0018285841063560263,-0.0003411399868734992,-0.03811768368319456,0.0028490980403431425,0.002784291703183193,0.004215035596909595,0.0050299814454033785,0.002881047022040709,0.003886754072462913
2021-10-20,1.1631964445114136,1.3793197870254517,114.54299926757812,15.489999771118164,0.0015574351739559725,0.004122456505789822,0.0022549313150937427,-0.013466060552870796,0.002401234970917255,0.0027573502465710743,0.0039055515337668816,0.00499656844341615,0.002882840667538157,0.0038853719018147456
2021-10-21,1.1655012369155884,1.3822999000549316,114.38899993896484,15.010000228881836,0.0019794696195469387,0.0021582364872312736,-0.0013453720089423304,-0.031477978758680386,0.0010738978825369548,0.0028021915907954892,0.0033796581497362124,0.004878596782289629,0.002702769507641352,0.003661425236341178
2021-10-22,1.1625338792800903,1.379120111465454,113.8499984741211,15.430000305175781,-0.0025492392462915913,-0.0023030107565243756,-0.004723140835679941,0.027597025259155847,0.0018354194202464562,0.0028428210931676135,0.003877448968384692,0.0049127683200979304,0.003455591829619599,0.0038115981278251864
2021-10-25,1.1640088558197021,1.3762730360031128,113.66400146484375,15.239999771118164,0.0012679558513762864,-0.002066548273293646,-0.001635038290070085,-0.012390150913142817,0.0018579150413091422,0.0028004317069439256,0.0029397903677689896,0.004886949088135591,0.002514371860386549,0.0037610890117495215
2021-10-26,1.161170482635498,1.37644362449646,113.76499938964844,15.979999542236328,-0.002441424235212492,0.00012394191964128768,0.0008881710869287413,0.04741437645208414,0.0022585329767971086,0.0026346588795270283,0.0027574520629161424,0.0046127337759333045,0.0026695252383566706,0.0037020152292898895
2021-10-27,1.1598236560821533,1.3766140937805176,114.18800354003906,16.979999542236328,-0.0011605601944853995,0.0001238399639381273,0.0037113319894165196,0.060698242232118525,0.0021003378423922058,0.0026301208987574553,0.0018365772919709438,0.004523742755607884,0.003139555922090151,0.003694108976881892
2021-10-28,1.1600120067596436,1.3732868432998657,113.7760009765625,16.530000686645508,0.00016238277643621524,-0.0024199068842592907,-0.0036146321691210514,-0.026859200551924454,0.0016570155457660723,0.002603506746263733,0.0013136211006358706,0.004535450067492051,0.003421816770911865,0.003842425033506335
2021-10-29,1.1683608293533325,1.380071759223938,113.61599731445312,16.260000228881836,0.00717141021851913,0.00492847510060833,-0.0014072939216757672,-0.016468835176247053,0.00372058893679288,0.0030558360638519213,0.002930527705711079,0.003800626435366885,0.0028033727776299944,0.003774315838396454
2021-11-01,1.1556684970855713,1.36832594871521,114.23600006103516,16.40999984741211,-0.010922804040502254,-0.00854743983076071,0.005442166704268164,0.009182777607491557,0.006475502101611192,0.003530599533209451,0.004912430602264991,0.003795679051924321,0.003680573596944758,0.0038561808413393717
2021-11-02,1.1599582433700562,1.365541934967041,114.09400177001953,16.030000686645508,0.003705045477995642,-0.002036685625627521,-0.001243798959254316,-0.02342888634704037,0.0068121067949112445,0.003588911890420638,0.004866261577247288,0.0038053272372017746,0.0038182585690472565,0.00371458693814136
2021-11-03,1.1579434871673584,1.3617392778396606,113.96199798583984,15.100000381469727,-0.0017384315163677048,-0.0027886083574748767,-0.0011576437284084085,-0.059767240372715094,0.006837145099877401,0.0035554188368884963,0.004783381384785526,0.003545255195941873,0.0034192602583850264,0.0035310735225672083
2021-11-04,1.1615750789642334,1.3694878816604614,114.06999969482422,15.4399995803833,0.0031313349393210293,0.0056740975081056725,0.0009472505451739497,0.022266748335608214,0.0070165678067464704,0.00361608002421506,0.005914677575696651,0.0037005108199776485,0.0029176244855227485,0.0035242419636738057
2021-11-05,1.1555349826812744,1.3508602380752563,113.83699798583984,16.479999542236328,-0.005213485594809396,-0.01369525804389921,-0.0020447093993081586,0.06518597928502101,0.006096594368051876,0.0037638897106560374,0.007300665806984894,0.004737328574601674,0.0030342716389039457,0.0035051473712883487
2021-11-08,1.1568851470947266,1.349127173423767,113.4749984741211,17.219999313354492,0.0011677502279925879,-0.0012837577554034175,-0.0031850480694602386,0.043923962420296184,0.003703964315814486,0.0036967508211406797,0.006953332915241068,0.004716173597074435,0.0015144957658841849,0.003600283282705576
2021-11-09,1.159151554107666,1.3564507961273193,113.25399780273438,17.780000686645508,0.0019571431965666247,0.005413734642291973,-0.0019494704692152903,0.03200280958004064,0.003358016088660772,0.003718615253768753,0.007898804411014787,0.004849526147243761,0.0015363858057922141,0.003633156656828193
2021-11-10,1.1595547199249268,1.3560001850128174,112.91200256347656,18.729999542236328,0.00034775066237484683,-0.00033225383373218856,-0.003024287464697115,0.052052223311124725,0.0032370502298753588,0.0037177999944652323,0.007862171136973996,0.004849593505485888,0.0016608516854860426,0.003548892603227076
2021-11-11,1.148593544960022,1.3412736654281616,113.90499877929688,17.65999984741211,-0.009497879778277242,-0.010919666843170897,0.008755979967277129,-0.05882430548036191,0.004935670210578141,0.004242985353701849,0.007924566041396075,0.005355887530078576,0.005087244611080415,0.0034052146765200866
2021-11-12,1.145081877708435,1.3366482257843018,114.04299926757812,16.290000915527344,-0.003062046147157758,-0.0034545027312996098,0.0012108069061658234,-0.08075070771974943,0.004700667220126484,0.004274571171765247,0.005913277818699595,0.005390349989171166,0.00501424871167926,0.0034059802816269248
2021-11-15,1.144164800643921,1.341705560684204,113.98100280761719,16.489999771118164,-0.0008012042758382873,0.003776454728221264,-0.0005437713655084618,0.012202643875715364,0.0044646120431987525,0.004059501179091609,0.006495526753008098,0.005236981191333852,0.004674839490206924,0.003377461517072932
2021-11-16,1.1366478204727173,1.3408420085906982,114.13200378417969,16.3700008392334,-0.006591516828806556,-0.0006438298677171196,0.0013239139746930547,-0.007303680041878168,0.004090428079415503,0.004254447394921571,0.005458220184839539,0.005234038050941594,0.004398867717476149,0.0032410709758498107
2021-11-17,1.1321182250976562,1.3424620628356934,114.90399932861328,17.110000610351562,-0.003993008800771305,0.001207507161855345,0.00674128484208308,0.044212680926723626,0.0033519062462691786,0.004292594220638893,0.0056384956310563976,0.004975765388498264,0.004014320220485922,0.003427742045310921
2021-11-18,1.1321182250976562,1.34916353225708,114.19000244140625,17.59000015258789,0.0,0.004979506273665742,-0.006233242192731498,0.027667443847847712,0.0026297633787736286,0.004262676864395775,0.003390549718346267,0.005139074290295448,0.004651981461212322,0.0036943151193283455
2021-11-19,1.1368415355682373,1.3499648571014404,114.28199768066406,17.90999984741211,0.0041634209432113425,0.0005937656549147295,0.0008053086958613218,0.01802864012875469,0.004090717121739167,0.004376480929052181,0.0023252486728482995,0.005031495390857219,0.004640006567179947,0.0036642802427454065
2021-11-22,1.1275737285614014,1.3434540033340454,114.13800048828125,19.170000076293945,-0.008185652960956939,-0.004834648294027303,-0.0012608108975788314,0.06798735348449784,0.005026423379042533,0.004574445521844616,0.003537487011004275,0.005044810975350742,0.004688022467615469,0.0036629598596079073
2021-11-23,1.12421452999115,1.3397642374038696,114.79000091552734,19.3799991607666,-0.0029835852011364673,-0.0027502557935165746,0.005696133161027533,0.010895002121107753,0.0046095025089739824,0.004580106338755082,0.0037886185339409,0.005049962109049349,0.005300303743815161,0.00371000415549987
2021-11-24,1.1244926452636719,1.337595820426941,115.14099884033203,18.579999923706055,0.00024735570464710834,-0.001619817584648349,0.0030530741641852277,-0.042155833879070174,0.004587117652643545,0.004555588799636221,0.0037440651369402378,0.005047698089597216,0.0045279567077958684,0.0037237412955644987
2021-11-25,1.1202975511550903,1.333066701889038,115.40799713134766,18.579999923706055,-0.0037376312485883747,-0.003391759791426144,0.002316196687438423,0.0,0.0046162281285136025,0.004575734575592348,0.002037467474773443,0.005056258090378143,0.002591144769335874,0.0037416471053801706
2021-11-26,1.1209630966186523,1.331416130065918,115.06900024414062,28.6200008392334,0.0005939027964335268,-0.0012389436437405118,-0.0029417003477938126,0.4320200741721716,0.003560976190746775,0.004599511498117458,0.0014419395201499387,0.0050443217810290765,0.0034624899842347874,0.003751434170515418
2021-11-29,1.1293182373046875,1.334098219871521,113.71900177001953,22.959999084472656,0.007425897335294688,0.002012437645177261,-0.011801441775881284,-0.2203522718751432,0.004414508435148662,0.004973686055942762,0.002092203394886701,0.005094822194424286,0.0069345951456834245,0.0044956088493142456
2021-11-30,1.1293437480926514,1.3315047025680542,113.80400085449219,27.190000534057617,2.2589292359688217e-05,-0.0019459148247588348,0.0007471691868206374,0.16909574670959093,0.0040430157704848995,0.004620396480859367,0.0019906624448629154,0.004900714663147074,0.006088676413903754,0.004487471566939456
2021-12-01,1.1330289840698242,1.3295927047729492,113.29900360107422,31.1200008392334,0.00325785330087555,-0.0014369997271414501,-0.004447304314354364,0.13500144799177308,0.00414252516751581,0.004221604687605846,0.0019835347698408507,0.004650771440515459,0.0055139057839422665,0.0044190479054432305
2021-12-02,1.1319515705108643,1.3280000686645508,112.88200378417969,27.950000762939453,-0.0009513667903637022,-0.0011985555612382174,-0.003687314812026104,-0.10743349938015533,0.0033762420795894785,0.004094584777281182,0.0015789900545149658,0.004647926433112855,0.004580067573002037,0.004472327489636757
2021-12-03,1.1306205987930298,1.3299994468688965,113.02200317382812,30.670000076293945,-0.0011765121921122,0.001504423586053336,0.001239459268178538,0.09286775371604661,0.003651347385140604,0.004092236103306922,0.0018285653763338659,0.004671069329650473,0.005251355306309444,0.00448435480412642
2021-12-06,1.1304799318313599,1.3237318992614746,113.04199981689453,27.18000030517578,-0.00012442344773816848,-0.004723582340116759,0.0001769113423988377,-0.12080356066278455,0.0017823765644171415,0.0039900775841092235,0.0022188762054115956,0.004478023000920625,0.0026631685644706734,0.004476527174414818
2021-12-07,1.128668189048767,1.326435923576355,113.45800018310547,21.889999389648438,-0.0016039171174724173,0.002040644543282551,0.0036732965472168378,-0.21645153629884628,0.001963371508338677,0.003891621203404787,0.002707943362704394,0.003619179141334149,0.0034125182825005115,0.00454269251899768
2021-12-08,1.1276500225067139,1.3246086835861206,113.5250015258789,19.899999618530273,-0.0009025026753298797,-0.0013785058724798522,0.0005903644256616532,-0.09531017109099146,0.0005391508744949266,0.0038598516420199555,0.0027044266856253735,0.0036198019269675493,0.002655715585119427,0.0044936879053148636
2021-12-09,1.1345586776733398,1.3210039138793945,113.68399810791016,21.579999923706055,0.00610790387659828,-0.002725094324824868,0.0013995625898686201,0.08104724373347436,0.003202916970060657,0.004112806321258511,0.0028498255033334004,0.003357286013363223,0.0013549759491030737,0.004480498704553518
2021-12-10,1.1293309926986694,1.3224014043807983,113.447998046875,18.690000534057617,-0.0046183295368528,0.0010573411666733757,-0.002078088071782369,-0.14377830625260554,0.003929933235087846,0.004172610952332515,0.0027548189087814525,0.003387397129667323,0.0020808388635182302,0.004452809216962146
2021-12-13,1.131183385848999,1.3257148265838623,113.5009994506836,20.309999465942383,0.0016389133221552789,0.002502476208166889,0.00046707767257470176,0.08312469925500683,0.004019675418059728,0.0037746150100963004,0.0022595843746481266,0.002676287209946238,0.0020647601799961856,0.004025953177120026
2021-12-14,1.1285407543182373,1.3213530778884888,113.5770034790039,21.889999389648438,-0.0023388985305647886,-0.0032955351357527285,0.0006694090152097547,0.07491653435511575,0.00411107959895698,0.0037561172439412502,0.002480889678570981,0.002668218694366236,0.001329683072018231,0.004018813692136446
2021-12-15,1.1261261701583862,1.323050618171692,113.74299621582031,19.290000915527344,-0.0021418552396564616,0.0012838739553330124,0.0014604325755988674,-0.12644300927322719,0.004213483114735608,0.0037693454486393014,0.0025999203875301143,0.002526088943989094,0.001443979901749001,0.0040330110906100945
2021-12-16,1.1290758848190308,1.3263126611709595,114.13600158691406,20.56999969482422,0.0026159220068292816,0.0024625121614024427,0.003449249509834317,0.06424681445002371,0.0030092646545125945,0.0035937142876161145,0.002384120157013961,0.0026110426189605977,0.001991593119483017,0.004093617996758552
2021-12-17,1.1334141492843628,1.3323739767074585,113.66300201416016,21.56999969482422,0.0038349515063402,0.004559639298235038,-0.004152785965181183,0.0474697574240046,0.0028146449221106186,0.0035985734433653656,0.0029298726475546323,0.0028056920119985153,0.0027939715036072307,0.0038935397863819007
2021-12-20,1.1243535280227661,1.3229438066482544,113.51799774169922,22.8700008392334,-0.008026219874793841,-0.007102885963454821,-0.0012765529890985511,0.05852259847760256,0.004708843459992684,0.003989695740897243,0.004715361224476541,0.0028953550994271844,0.0028874308469693756,0.0036833304264183185
2021-12-21,1.1277517080307007,1.3210004568099976,113.66200256347656,21.010000228881836,0.0030177831235175586,-0.0014700386956584498,0.0012677598456829256,-0.08482751897965242,0.004989158949340905,0.0039355983683707725,0.004502787046472385,0.002878305301138957,0.0029326049729328034,0.0036910606074533063
2021-12-22,1.128757357597351,1.3269639015197754,113.99400329589844,18.6299991607666,0.0008913322339793929,0.004504180558952388,0.002916689735740718,-0.12022538618477846,0.004867810058615396,0.0035317371319442802,0.004949984822024279,0.0029708168807190028,0.003158915727978365,0.0037435188953519934
2021-12-23,1.1328877210617065,1.3352025747299194,114.12100219726562,17.959999084472656,0.0036525342506323407,0.006189469806095193,0.0011134639232849974,-0.03662612766793574,0.005002440883666825,0.003543881802131992,0.005546936924488326,0.003254966460139899,0.002748902518559997,0.0035295080445329067
2021-12-24,1.132733702659607,1.3406623601913452,114.45800018310547,17.959999084472656,-0.00013596128702198155,0.004080768776360726,0.0029486368082659218,0.0,0.004679985520935659,0.003545349023721089,0.005481107297073245,0.0033580762148499553,0.0017293040487019735,0.003524899014190623
2021-12-27,1.1324259042739868,1.3404303789138794,114.33300018310547,17.68000030517578,-0.0002717675050997526,-0.00017304979768964772,-0.0010927004317246559,-0.015712937427571433,0.0018096353931121001,0.00343106787444125,0.0032769819909409495,0.0032674085314726028,0.0016588426375954747,0.003480424453564568
2021-12-28,1.1330032348632812,1.344266653060913,114.79199981689453,17.540000915527344,0.0005096876276717915,0.002857884306801238,0.0040065488078034,-0.007950035329993409,0.0015945897237596954,0.003430992763431817,0.002370769607702919,0.0032951125500708545,0.002007168831701976,0.0035556536730540498
2021-12-29,1.1314777135849,1.3433277606964111,114.77300262451172,16.950000762939453,-0.0013473476208362394,-0.0006986860799309984,-0.00016550599807592205,-0.03421616030294203,0.0018940437383641855,0.0030775655925860367,0.0028984485916051786,0.003284050076892029,0.0021172891680180223,0.0024166552429840844
2021-12-30,1.1360150575637817,1.349879264831543,114.947998046875,17.329999923706055,0.0040020855569774935,0.004865216075888552,0.0015235477444531154,0.022171220487458933,0.0020410955100587827,0.003188557170737032,0.0025053096034445338,0.003380552033944325,0.0021131892214987773,0.0024273153617275487
2021-12-31,1.132502794265747,1.349837303161621,115.06300354003906,17.219999313354492,-0.003096529393978275,-3.1085981708370525e-05,0.0010000000169938777,-0.006367640200394624,0.0026337167204766557,0.0031926012153281314,0.0024007116214744477,0.0033529320635068177,0.0019388432410416662,0.0021673837644208787
2022-01-03,1.1373459100723267,1.3522284030914307,115.14199829101562,16.600000381469727,0.004267353279425453,0.0017698315391915223,0.0006862991980957755,-0.03666874078209838,0.003245448221597243,0.0033118429810569962,0.0022416884419215466,0.0033331138761471136,0.001575517425320422,0.0019335522854247108
2022-01-04,1.1302244663238525,1.3483266830444336,115.3280029296875,16.90999984741211,-0.006281143232397632,-0.0028895709492102644,0.0016141335364411806,0.018502435544357602,0.004579236208386918,0.003581864131144997,0.0029078551002961585,0.003420758682597928,0.0007219326028540464,0.0019383191102128746
2022-01-05,1.1283625364303589,1.353143334388733,116.17400360107422,19.729999542236328,-0.0016487567784744634,0.0035659521795660385,0.007308830278440402,0.1542351429461621,0.0045952814637985,0.003598766340948342,0.0030523988212242904,0.003256496527307443,0.002755703721730488,0.00235916705432891
2022-01-06,1.1313496828079224,1.3555645942687988,116.12799835205078,19.610000610351562,0.0026438305657729066,0.0017877605033229868,-0.0003960813874876525,-0.006100625500360711,0.004288727910958038,0.003627242136847661,0.002442444499556054,0.0032530887448560483,0.0030327585771392925,0.0023186668788770506
2022-01-07,1.1296881437301636,1.353363037109375,115.86499786376953,18.760000228881836,-0.0014697139139755349,-0.0016254089763223774,-0.0022673150072527724,-0.04431271555415753,0.0041319760838208625,0.0036367691180880838,0.0026774549162541586,0.003262053074195315,0.0036105407799171415,0.0024237347892549803
2022-01-10,1.1353960037231445,1.3592311143875122,115.61799621582031,19.399999618530273,0.005039876404767347,0.004326549497736361,-0.0021340811032333064,0.03354609062729154,0.004362698279450186,0.003558793441684545,0.0031735894337654035,0.003227311602705214,0.003951974177709101,0.002506623520168445
2022-01-11,1.1330417394638062,1.3580313920974731,115.27799987792969,18.40999984741211,-0.0020756708987675625,-0.0008830375167164,-0.002945019310675469,-0.05237905944922345,0.0031755894989651244,0.0034398246659395498,0.002634665759894931,0.0032605077826348586,0.004239882822974577,0.0025597283456051697
2022-01-12,1.1366478204727173,1.3633265495300293,115.33100128173828,17.6200008392334,0.003177601119399733,0.003891560190705909,0.00045966466595222775,-0.04385931881904721,0.0030923803573951586,0.0034868794791615603,0.0027036455048731773,0.0032999703088358342,0.0014255175818313989,0.002559764728323333
2022-01-13,1.144164800643921,1.3709993362426758,114.67500305175781,20.309999465942383,0.006591516828806482,0.0056122109596736984,-0.005704198989182188,0.1420786811593658,0.0038742833481738895,0.003688883114736073,0.0032842398606712543,0.003259132032811758,0.002202892011521227,0.002904111824053201
2022-01-14,1.1457115411758423,1.3713659048080444,114.11799621582031,19.190000534057617,0.0013509382484209274,0.0002673375246045256,-0.004869099475823544,-0.056724011447385425,0.003369189644528816,0.003638956929055201,0.0027967019827693034,0.003272143951468566,0.0024249182326968872,0.0031045392653236896
2022-01-17,1.1410704851150513,1.367353081703186,114.30599975585938,19.190000534057617,-0.004059033506041168,-0.0029304401045099084,0.0016460931058567146,0.0,0.004218521462402849,0.003755329592409554,0.0034993278938011243,0.0034060972834166945,0.0032322887983509733,0.0030363316412771193
2022-01-18,1.1410574913024902,1.364800214767456,114.57099914550781,22.790000915527344,-1.1387453022310162e-05,-0.0018687587420274452,0.0023156499721351735,0.17193254558031584,0.003934040175513188,0.0036805044231548083,0.00366907286992956,0.0033965257891782497,0.0037735928780341143,0.002919108364099368
2022-01-19,1.1329647302627563,1.3600261211395264,114.55400085449219,23.850000381469727,-0.0071176043295396296,-0.0035041488333636414,-0.00014837569926296935,0.04546234989896832,0.005251251211026369,0.003586454434960653,0.0036997370916117193,0.00305221830311733,0.003714853792888101,0.0028987976353939825
2022-01-20,1.1343399286270142,1.3608589172363281,114.34700012207031,25.59000015258789,0.0012130690311104274,0.0006121509075626265,-0.0018086490488668369,0.07041742280560326,0.003726862197957505,0.003542826377577716,0.0018562232050622328,0.0029953979657736736,0.002891032595470636,0.002929636748068791
2022-01-21,1.1313753128051758,1.359767198562622,113.99299621582031,28.850000381469727,-0.0026169374328443096,-0.0008025496233849185,-0.0031006761456535688,0.11990835004213829,0.0033069969280694316,0.0035918968904763223,0.001654453576943142,0.0029426099074102326,0.0022770074599199118,0.0029518866557010537
2022-01-24,1.1341469287872314,1.3555830717086792,113.78500366210938,29.899999618530273,0.002446780096805452,-0.0030818345694735515,-0.0018262748082066046,0.035748461461826586,0.0037933816622995418,0.0035440746490785,0.0016837565981511944,0.0028427124904361755,0.0020875232791548056,0.002965569302551691
2022-01-25,1.1324130296707153,1.3489269018173218,114.01100158691406,31.15999984741211,-0.0015299833108573517,-0.0049222841814630545,0.001984213890895428,0.04127674846717597,0.0037330132574263826,0.0035599931844838336,0.002216568345119735,0.0029760292103669485,0.0019607569054541315,0.0029246772666000637
2022-01-26,1.130454421043396,1.3510775566101074,113.875,31.959999084472656,-0.0017310860305212211,0.0015930753306102627,-0.001193593306419823,0.0253498761464045,0.0021598665440008893,0.0035785938933456285,0.002672427822314542,0.0029870449671039272,0.0019048554608255852,0.0029262587615118607
2022-01-27,1.1243535280227661,1.3468012809753418,114.72100067138672,30.489999771118164,-0.0054114656739098176,-0.003170104718133072,0.007401743961411548,-0.047086338758656796,0.002820368827031841,0.0037507181489616712,0.00251961747422802,0.0030232212569161867,0.004212020609700331,0.0032313281238386692
2022-01-28,1.1147029399871826,1.3388315439224243,115.35199737548828,27.65999984741211,-0.008620280849588057,-0.005935108011679027,0.005485200710612187,-0.09741143277332177,0.004208220754636096,0.00414296983441671,0.002889148011809298,0.0032828914955541125,0.004045975558165079,0.003437867435737516
2022-01-31,1.1152374744415283,1.3403388261795044,115.26200103759766,24.829999923706055,0.00047941591723723085,0.0011251859403375829,-0.0007804933185192374,-0.10793472427263455,0.00362706722105101,0.004019677539082365,0.0034542771621914443,0.003102571059449615,0.003793984948491235,0.003431633313822233
2022-02-01,1.12296462059021,1.3445378541946411,115.12100219726562,21.959999084472656,0.006904807091364752,0.0031279138214305247,-0.0012240387177593014,-0.12283002149677485,0.005925703386908893,0.004307460299751266,0.0037662508895920663,0.0031886037031278827,0.004172250654343785,0.0034373525515608914
2022-02-02,1.1273956298828125,1.352539300918579,114.73600006103516,22.09000015258789,0.003938049490606719,0.005933438117228204,-0.003349930543686754,0.005902449388932326,0.006433105532111763,0.004291066570858499,0.004777467801675379,0.0034245988079166026,0.004659803066195752,0.0035072623510340032
2022-02-03,1.1299946308135986,1.3565024137496948,114.38200378417969,24.350000381469727,0.0023026608419609075,0.002925843213754578,-0.003090080679781721,0.09740684085512573,0.005874023619881543,0.004117533100936697,0.004464834599716991,0.0034145179521494636,0.0035781964391641977,0.0035371857595896646
2022-02-04,1.14357590675354,1.359841227531433,114.95700073242188,23.219999313354492,0.011947232126998369,0.0024583159600696353,0.005014394775728257,-0.04751791849625819,0.0044907100631286475,0.00482010999976267,0.0017585598294108027,0.00337157482525108,0.003378943810581958,0.0033274700420901017
2022-02-07,1.145514726638794,1.3533447980880737,115.2239990234375,22.860000610351562,0.0016939655604672347,-0.004788792067314781,0.0023198996532822038,-0.015625261632240678,0.004200806328466045,0.004805244195348712,0.003996107279490665,0.00351486918487273,0.0036322598222815073,0.003380638984673237
2022-02-08,1.1442956924438477,1.353780746459961,115.06300354003906,21.440000534057617,-0.001064746932719005,0.0003220747383021302,-0.0013982162070394818,-0.06413032395420296,0.00491764504904399,0.004797846232239164,0.003983055175118608,0.0034984346884753825,0.0036469487757186786,0.003362259226381965
2022-02-09,1.142126202583313,1.3547565937042236,115.53099822998047,19.959999084472656,-0.0018977167042882913,0.0007205714110089318,0.004059041682772393,-0.07152813609679119,0.0055213180903525005,0.004718363648540832,0.003066869052680202,0.003368836577683407,0.003498914209443058,0.0034605893267013366
2022-02-10,1.142152190208435,1.3533265590667725,115.60199737548828,23.90999984741211,2.2753465781710023e-05,-0.0010561232352922533,0.0006143575265397386,0.18056655007325953,0.005644400770787306,0.004689839932351984,0.002721000509584768,0.003370831834675253,0.002589505271750602,0.0034007089334140285
2022-02-11,1.1415525674819946,1.3551788330078125,116.0469970703125,27.360000610351562,-0.0005251315768386432,0.0013677463853081862,0.0038420217906000426,0.1347853399740477,0.001346626752236521,0.0046503341723012764,0.002458781298391272,0.0032678328154517274,0.002298887822934449,0.003491677639104009
2022-02-14,1.1365057229995728,1.3569625616073608,115.58399963378906,28.329999923706055,-0.004430837226841851,0.001315365681355621,-0.0039977210281697435,0.034839196086860244,0.0017446536081325234,0.004520399155217581,0.0009891762289569838,0.003018245401636873,0.0034498163784973754,0.0033691843229910266
2022-02-15,1.1306334733963013,1.3532898426055908,115.53600311279297,25.700000762939453,-0.005180328358145332,-0.0027102429605437603,-0.00041533853509595904,-0.09743028956184711,0.002317954633453025,0.00461982279989833,0.0017716267701652678,0.003050301810712921,0.0033317709869818113,0.0031678851926737793
2022-02-16,1.1356796026229858,1.3541145324707031,115.63500213623047,24.290000915527344,0.0044531689986751725,0.0006092107246411925,0.0008565004022277687,-0.05642624088191999,0.0038783742441262786,0.004672671754584677,0.0017598241759231453,0.0030148442750148234,0.0028224326300205532,0.0031594717904126772
2022-02-17,1.1375269889831543,1.3584926128387451,115.38700103759766,28.110000610351562,0.0016253575664351733,0.0032279529876843194,-0.0021469919790382008,0.1460606259257957,0.004059657759848131,0.004689073467971797,0.0021699010425351,0.003094769118690422,0.0029818417190777624,0.00318223708343217
2022-02-18,1.1366478204727173,1.3618782758712769,114.86599731445312,27.75,-0.000773175879513556,0.002489119990685012,-0.004525496875681119,-0.012889566438965914,0.004056797207453201,0.004427354418258796,0.002302085274442875,0.003054562371294812,0.0022940621354348213,0.0033457190919019652
2022-02-21,1.131721019744873,1.359342098236084,114.96099853515625,27.75,-0.0043439218417605854,-0.0018640007208924568,0.0008267194701194747,0.0,0.004037819291813106,0.0045211928884814285,0.00260732253811118,0.0030788433276042367,0.0022823948040548506,0.003320323427867084
2022-02-22,1.1309658288955688,1.3596007823944092,114.60900115966797,28.809999465942383,-0.0006675169193645805,0.0001902828933616646,-0.0030665823217549235,0.037486690366762734,0.003254545331197743,0.004488604603524991,0.002010470650594227,0.003074571397446873,0.0023943336045966893,0.0033186958459465975
2022-02-23,1.13291335105896,1.3589357137680054,115.09600067138672,31.020000457763672,0.0017205181805229717,-0.0004892843194201737,0.004240223221118423,0.0739096419462359,0.0024660452801799713,0.0044722667687655355,0.0021118250599897973,0.002999823817818131,0.0034925214672435825,0.0033896744041640517
2022-02-24,1.1305694580078125,1.3545730113983154,114.89800262451172,30.31999969482422,-0.002071050753779992,-0.0032155460480571734,-0.001721767463073792,-0.022824621796435525,0.0022155396923002526,0.004482272685581075,0.002157301616478317,0.0028832272330564044,0.003460644870798725,0.003405530453860002
2022-02-25,1.11906898021698,1.337327480316162,115.57099914550781,27.59000015258789,-0.010224378977160433,-0.012813079142417973,0.0058402512158835995,-0.09435415694926126,0.004541908522333407,0.0049709176094887095,0.005293339632795832,0.003977597098753972,0.003796440832089732,0.0035792379442573753
2022-02-28,1.118105411529541,1.337327480316162,115.58499908447266,30.149999618530273,-0.0008614158561598332,0.0,0.00012112979190808361,0.08873151676105341,0.0045736846777077985,0.004848242800363614,0.005510718238941069,0.003932093068811178,0.0038278729489677346,0.0032486935711722458
2022-03-01,1.1215918064117432,1.3422818183898926,115.0780029296875,33.31999969482422,0.003113275910922149,0.0036978105140239312,-0.004395997336582471,0.09997289761890603,0.005204979501346482,0.004518133004705457,0.006236123547266963,0.0038116409559617753,0.004214748703641292,0.003186081555729998
2022-03-02,1.1132758855819702,1.3335111141204834,114.83300018310547,30.739999771118164,-0.0074420147912893815,-0.006555616149302798,-0.00213128415783538,-0.08059307747498817,0.005326728644019823,0.0048078421406401225,0.006321099297678953,0.004058655457768803,0.0038700184012185486,0.0032125621211051493
2022-03-03,1.1112345457077026,1.33969247341156,115.51899719238281,30.479999542236328,-0.0018353165879163118,0.004624691016445998,0.005956093674669032,-0.008494014864764431,0.005343523034699884,0.004557794247814194,0.0073791766220878,0.004129587625259786,0.004681201415671671,0.0034558375079148493
2022-03-04,1.1066844463348389,1.3350956439971924,115.4739990234375,31.979999542236328,-0.004103040528148159,-0.003437157440656043,-0.0003896063538867881,0.04803997729179485,0.003913204622537441,0.00450901166554501,0.004724768835973264,0.00395007522225112,0.0038525210865354522,0.003369341407340644
2022-03-07,1.087453007698059,1.3212482929229736,114.94999694824219,36.45000076293945,-0.017530288361510188,-0.010425966544728904,-0.004548163278467229,0.13083078629404346,0.0077144587336681015,0.005680601022465817,0.006505549643993408,0.0043858311092092594,0.0043043604775530745,0.0034523429994820325
2022-03-08,1.0865312814712524,1.3112295866012573,115.37300109863281,35.130001068115234,-0.0008479603892523628,-0.007611653469888599,0.0036731427566890737,-0.03688598270340872,0.006743422023451591,0.00479859835472725,0.0057717108723307495,0.004509905418304041,0.0042730573662557066,0.0033747109513488642
2022-03-09,1.0898232460021973,1.3099292516708374,115.72200012207031,32.45000076293945,0.0030252121150615412,-0.0009921833183912769,0.0030203966932606783,-0.07935503002105185,0.007853671023405511,0.004859707987601646,0.005855659120166307,0.004456590215773781,0.004093679285527622,0.0033992343678224545
2022-03-10,1.107382893562317,1.3185653686523438,115.90899658203125,30.229999542236328,0.015983954438480188,0.006571174230737265,0.0016146068811689574,-0.07086567301265848,0.012114996585055101,0.006227195537943319,0.006558994792528544,0.004765501761834368,0.00330860332227465,0.0033926307351999927
2022-03-11,1.1013944149017334,1.3103240728378296,116.17900085449219,30.75,-0.005422450974016716,-0.006269813162868494,0.002326741557115987,0.017055200603855316,0.012221701714893944,0.006283263156782422,0.006707504241650074,0.004863522008815787,0.003313291470070752,0.0033213877778327685
2022-03-14,1.093206763267517,1.3050298690795898,117.52899932861328,31.770000457763672,-0.007461665202687137,-0.004048561768073609,0.01155299338126479,0.03263246843757496,0.00928530601366291,0.006390053769050594,0.0056412279499338915,0.004891817265863352,0.004051132451910005,0.004104337616111673
2022-03-15,1.0943193435668945,1.3011853694915771,118.21800231933594,29.829999923706055,0.0010172042215486929,-0.002950257000775528,0.005845291330907093,-0.06300786672106938,0.009227004853605449,0.006415310949260428,0.004917928135008928,0.004851353093201444,0.004065106205634529,0.004197337649253953
2022-03-16,1.0969363451004028,1.304648518562317,118.29199981689453,26.670000076293945,0.002388587321219563,0.002657998367073167,0.0006257452057395737,-0.11197525491444416,0.009203825721441721,0.0064528938479143485,0.0052770082813517975,0.004901231998993934,0.004459701678963198,0.004056846286098115
2022-03-17,1.1021955013275146,1.3141123056411743,118.87000274658203,25.670000076293945,0.004782947654196474,0.007227714872060598,0.004874339631526601,-0.03821634319943387,0.0052508749568153925,0.006539486819794214,0.005509569304239071,0.005257140583670694,0.004181575986476704,0.0041219295142392995
2022-03-18,1.1099518537521362,1.3160406351089478,118.48600006103516,23.8700008392334,0.007012538465957428,0.0014663252341010622,-0.0032356714473881377,-0.07270052234591615,0.005533725354786104,0.00666560792830315,0.00454861769345733,0.005275381739197909,0.005588717677197392,0.004233395399618452
2022-03-21,1.1043134927749634,1.3160839080810547,119.26300048828125,23.530000686645508,-0.00509277099290486,3.288064177866849e-05,0.006536331945082969,-0.014346243588262985,0.004590541165956356,0.006691448302824219,0.0037393622382127832,0.005188155537189512,0.004141560746183719,0.004319471991457132
2022-03-22,1.101722002029419,1.3168290853500366,119.59400177001953,22.940000534057617,-0.002349456247391793,0.0005660477886948296,0.0027715452382800865,-0.02539409693912241,0.00500308395879965,0.006693450869983741,0.002881462151942744,0.005134700431229236,0.0038158167573686085,0.004109677005879294
2022-03-23,1.1029735803604126,1.3266470432281494,121.33999633789062,23.56999969482422,0.001135375310259787,0.0074281003830170295,0.014493804499318847,0.027092569018550887,0.004969220288044708,0.006681347507697933,0.0036731903482083114,0.0054766213769723415,0.006427712335238123,0.004906061739741132
2022-03-24,1.1006306409835815,1.3206027746200562,121.12699890136719,21.670000076293945,-0.002126461945392862,-0.004566459176265727,-0.0017569194611636908,-0.08404588493141855,0.004637864641422621,0.006683367552028163,0.004290861423476371,0.005516731557438562,0.007128734525271411,0.004843422017741879
2022-03-25,1.1009578704833984,1.3195745944976807,122.34600067138672,20.809999465942383,0.0002972667240242951,-0.0007788720457801306,0.01001352887584672,-0.04049520432695106,0.0024554273253430685,0.006660236315313946,0.00434508507435914,0.005514993129028216,0.006290591945365224,0.005091443656653809
2022-03-28,1.098189115524292,1.317627191543579,122.2699966430664,19.6299991607666,-0.0025180276167579654,-0.0014768709155087655,-0.0006214150472619987,-0.058374649206258046,0.001701034450458453,0.006663379701894535,0.004440234584769786,0.005499211817077427,0.007026522890599862,0.005050387993143739
2022-03-29,1.0993843078613281,1.3103584051132202,123.66000366210938,18.899999618530273,0.001087738359192738,-0.005531845361555436,0.011304207043752505,-0.03789706365376279,0.0017692198047648796,0.00637377560949437,0.005112859673888609,0.0049636261625355775,0.00738314461227766,0.005332133718369063
2022-03-30,1.1091516017913818,1.3093804121017456,123.125,19.329999923706055,0.008845097393777042,-0.000746634015941476,-0.00433579425250999,0.022496387391307392,0.004586114349472211,0.0066975347440115,0.0022623849694202703,0.004959543951897401,0.007205463612436824,0.005530678921840603
2022-03-31,1.1161835193634033,1.3138878345489502,122.02100372314453,20.559999465942383,0.006319893943473477,0.0034364971167783276,-0.009006907911996024,0.06168912533807853,0.004647837749495076,0.006810780726473366,0.0031842862924250227,0.004948157449021933,0.008909971582609649,0.005894626426512702
2022-04-01,1.1072357892990112,1.314699649810791,121.75599670410156,19.6299991607666,-0.00804866480475227,0.0006176817720408323,-0.002174176587374175,-0.04628844907562309,0.0067826109710759875,0.006842568209283337,0.003270750388347527,0.004796718111326406,0.007552286414815417,0.0058962944631735315
2022-04-04,1.1047282218933105,1.3103755712509155,122.61000061035156,18.56999969482422,-0.0022672778283932002,-0.0032944446209249713,0.00698957622940464,-0.05551160660496785,0.0067496749526108025,0.006847959648485377,0.003468136189167338,0.004678041802689956,0.008362828151692854,0.0059278303023481025
2022-04-05,1.0975863933563232,1.3114582300186157,122.80899810791016,21.030000686645508,-0.00648577049140211,0.0008258790688516531,0.0016216963006924824,0.12440266343456106,0.007576737564378791,0.006929872510861625,0.0024567849873085522,0.0046607916493089895,0.006053865316238744,0.005893192460636031
2022-04-06,1.090643286705017,1.3077365159988403,123.65599822998047,22.100000381469727,-0.006345887741704586,-0.0028418784286523635,0.006873215012976498,0.0496276034194116,0.005821592981925238,0.005952800425989403,0.002805669145179826,0.0041705294126202835,0.0067244467763135606,0.005715500526343152
2022-04-07,1.0898232460021973,1.307206630706787,123.7229995727539,21.549999237060547,-0.0007521699867265114,-0.0004052748144627396,0.0005416898362990109,-0.025201844638247307,0.003105761352381758,0.005952083616308453,0.0019338754321840603,0.0038536328740914907,0.004042587225295038,0.005745162942994429
2022-04-08,1.0864840745925903,1.3069332838058472,124.09600067138672,21.15999984741211,-0.003068660384801401,-0.0002091295117133176,0.003010272658151749,-0.018263181367582593,0.0025429796852657507,0.005953094514153349,0.001788779747194699,0.003848997339900688,0.002983414265647555,0.005745176416440617
2022-04-11,1.0884946584701538,1.303220272064209,124.38500213623047,24.3700008392334,0.0018488313653010355,-0.002845054259598779,0.0023261464006731234,0.14124030229531587,0.0036023072546989042,0.00477659093183271,0.0016631700052025201,0.003585912145350011,0.0024145583423445284,0.005737968177293154
2022-04-12,1.0877959728240967,1.3024225234985352,125.47200012207031,24.260000228881836,-0.0006420885703541868,-0.0006123238319219928,0.008701015651729963,-0.004523989123826763,0.0030832998185847866,0.004662817533012819,0.001341061966006669,0.003349940847206554,0.003379138569988424,0.005851167728746425
2022-04-13,1.0826143026351929,1.3002548217773438,125.41600036621094,21.81999969482422,-0.004774839201849695,-0.0016657479470943977,-0.0004464123966102987,-0.10600194653157283,0.002534399978880577,0.004506124005421356,0.0011031910905387546,0.003259419884572307,0.00356112248061266,0.005619202282831992
2022-04-14,1.089656949043274,1.312026023864746,125.37699890136719,22.700000762939453,0.006484154387127226,0.009012263577424266,-0.00031102515039935805,0.03953799167815706,0.004418309114570715,0.004735369936688594,0.0047381464879261825,0.0037359186012961357,0.0037149942013651066,0.005621563751629632
2022-04-15,1.0820988416671753,1.3070015907287598,126.17900085449219,22.700000762939453,-0.006960393910240724,-0.003836873862622217,0.006376350961280167,0.0,0.005335015356863404,0.004908876044199849,0.005176532139539006,0.00380311202426483,0.00408209924591573,0.00565545592901765
2022-04-18,1.081525444984436,1.3057557344436646,126.61799621582031,22.170000076293945,-0.0005300335180195361,-0.0009536717149476872,0.0034731093145643024,-0.023624931027489242,0.005141306799590217,0.0047588605985204695,0.004981116595166324,0.003455184181053207,0.00404368615787502,0.005640432096835123
2022-04-19,1.0781787633895874,1.3009822368621826,127.0979995727539,21.3700008392334,-0.0030992061418720638,-0.0036624340227296966,0.003783789257181044,-0.03675191846691165,0.005181805530461865,0.004439866698089505,0.005310255932091718,0.0035037226354504483,0.002923017056368014,0.005474692478518123
2022-04-20,1.0794472694396973,1.301371693611145,129.33299255371094,20.31999969482422,0.0011758350863038487,0.00029931113313174296,0.017431976988878835,-0.050382500910835126,0.005001084407040494,0.004387058286816606,0.005248989392709931,0.0035061954456125526,0.006742473192758305,0.006232302409193268
2022-04-21,1.0849870443344116,1.3068820238113403,128.01300048828125,22.68000030517578,0.0051189236431801914,0.00422530857445788,-0.010258590980899328,0.10987788462348555,0.004534034490971663,0.004565829540815408,0.003312888888979133,0.0036438166147788127,0.009868721994032948,0.0069059415700686595
2022-04-22,1.0835175514221191,1.302626132965088,128.4080047607422,28.209999084472656,-0.0013553055318443394,-0.0032618366097894253,0.003080906609231811,0.21819300024463079,0.0031211177019091142,0.00454911207662637,0.003188116839847722,0.003249360700373769,0.009793565263368498,0.0064202665293201224
2022-04-25,1.0811045169830322,1.2830876111984253,128.60499572753906,27.020000457763672,-0.00222952123962869,-0.015112959580361284,0.001532926388920221,-0.043099143086190964,0.003315431996334281,0.004550586226822726,0.0072294374379899655,0.004400753747341425,0.009833363628209524,0.006352557783468895
2022-04-26,1.0714209079742432,1.2739989757537842,127.74400329589844,33.52000045776367,-0.008997500540048975,-0.007108616316358829,-0.0067173710252056654,0.21556493979660302,0.005182709177903729,0.004863268702301129,0.007410502207441669,0.004568112141524411,0.010734718921368874,0.006439091729742648
2022-04-27,1.0643619298934937,1.2583998441696167,127.26599884033203,31.600000381469727,-0.0066102261513955,-0.012319804258956735,-0.003748911896776205,-0.0589851566056232,0.005432487730945323,0.004991208885990101,0.007643774870956057,0.005107539802148955,0.005575500512405518,0.006532698007100464
2022-04-28,1.0555092096328735,1.2541857957839966,128.3939971923828,29.989999771118164,-0.008352179109846734,-0.003354355186845794,0.008824264171890583,-0.052293147535713964,0.0035168935570086624,0.005167807407067356,0.00533417475286426,0.0050585396292312955,0.006064663324106205,0.006380889340284662
2022-04-29,1.0504201650619507,1.2463854551315308,130.81100463867188,33.400001525878906,-0.004833072313007677,-0.006238867179609323,0.018649929482401944,0.10769196053867162,0.0027504209374003994,0.00461264698515669,0.004777920170870778,0.005129207012004306,0.010228175018748282,0.007176462468984593
2022-05-02,1.0535964965820312,1.2573871612548828,130.01100158691406,32.34000015258789,0.0030193049237596144,0.00878815980174207,-0.006134494340751817,-0.03225108680044981,0.004848384934248432,0.004359785171033058,0.007871438083697405,0.005523080248072317,0.011167482995127103,0.0069756523643996265
2022-05-03,1.0509058237075806,1.2498282194137573,130.11199951171875,29.25,-0.0025570647412530415,-0.006029768963447657,0.0007765397865884837,-0.1004252851893356,0.004407735879757626,0.004188179746433188,0.007780787097225793,0.005554913422794815,0.010130463234985017,0.0069017618688295545
2022-05-04,1.0528532266616821,1.2500405311584473,130.11599731445312,25.420000076293945,0.0018513560381259822,0.00016985831368294108,3.0725385304061255e-05,-0.14034330491522218,0.004705348233447366,0.004284100432648886,0.006223132392827243,0.005574451735608191,0.009563287609345467,0.006870425263870466
2022-05-05,1.0622477531433105,1.261813759803772,129.22300720214844,31.200000762939453,0.008883347273825875,0.009374202080577617,-0.006886689823222851,0.20488185050598062,0.0053210660816427335,0.004774607295453987,0.007633224029188503,0.006067354324768136,0.010310163664070983,0.00716712948535737
2022-05-06,1.0539740324020386,1.2364147901535034,130.3300018310547,30.190000534057617,-0.007819372198253727,-0.020334284319266076,0.008530059776814385,-0.032907357859992,0.006262131112559196,0.004855650461312862,0.012268612729012366,0.007247992479427445,0.006239195294264686,0.007225782606604802
2022-05-09,1.053219199180603,1.2326656579971313,130.74899291992188,34.75,-0.0007164347743801674,-0.003036867462592391,0.0032096909900751194,0.14066881060216926,0.0061341291455713105,0.004855937622860645,0.010817917225703693,0.007232624608918945,0.00558315843657598,0.007215677548608121
2022-05-10,1.056579828262329,1.2338824272155762,130.3769989013672,32.9900016784668,0.003185736537216687,0.0009866171468062884,-0.0028491554410522116,-0.05197503589226457,0.006089895347409617,0.004945233443487617,0.010938556313620878,0.00725644254259737,0.005869012246018118,0.007303956229362998
2022-05-11,1.0532968044281006,1.2309207916259766,130.3509979248047,32.560001373291016,-0.0031120553998316533,-0.002403142767966765,-0.0001994490577552367,-0.01311995280695535,0.006331825166258718,0.004909286911811928,0.010837605958698968,0.0072563854160087446,0.0058736016806282395,0.007322433315144518
2022-05-12,1.05124831199646,1.2234212160110474,129.8350067138672,31.770000457763672,-0.0019467323960849386,-0.006111290873627571,-0.003966330841729343,-0.024562120621479416,0.003987811666281008,0.004906383551377538,0.008304408759050032,0.007279532986529617,0.005061830372630696,0.007278996068061555
2022-05-13,1.0379581451416016,1.220613718032837,128.58799743652344,28.8700008392334,-0.012722865261767163,-0.002297429692168209,-0.009650990324693434,-0.09571943994586465,0.0058973411792477455,0.005420561003971208,0.002525388008243174,0.007275907876152886,0.004772811728229403,0.007654296517577838
2022-05-16,1.0400632619857788,1.2258507013320923,129.4320068359375,27.469999313354492,0.0020260788046566882,0.004281273217780184,0.00654222460108398,-0.04970854763325103,0.006284896675155904,0.005169128833980425,0.003922905205292159,0.006971445486362489,0.005901984821462307,0.007731694385614893
2022-05-17,1.0438958406448364,1.2324832677841187,128.92300415039062,26.100000381469727,0.003678174850093924,0.00539599796333536,-0.003940340403540818,-0.051159146166640086,0.006399359471572465,0.005192054230222509,0.0048885015344889106,0.007198432125169622,0.005959979572715452,0.007731336382504105
2022-05-18,1.0547856092453003,1.2484394311904907,129.45399475097656,30.959999084472656,0.010377817305916337,0.01286326528919168,0.004110206019735894,0.17076069020588336,0.008523425205138102,0.00578897803933571,0.007341561541430801,0.007921581084981711,0.006606014881391335,0.007742313017874066
2022-05-19,1.0472739934921265,1.2345831394195557,127.91400146484375,29.350000381469727,-0.007146940759466621,-0.011160942128041366,-0.0119673905718785,-0.05340345987885895,0.00915715202582271,0.005917183567972519,0.009031297771020675,0.008152646816622183,0.008172229342957398,0.008188709433058942
2022-05-20,1.057898759841919,1.2462146282196045,127.83200073242188,29.43000030517578,0.010094047194697555,0.009377285149766351,-0.0006412669955925617,0.0027220133435583802,0.007174254144172696,0.00638355394456925,0.009209237006966043,0.008516397085715565,0.007278333221073533,0.007238650046384618
2022-05-23,1.0569819211959839,1.2504063844680786,127.90299987792969,28.479999542236328,-0.0008670358678781887,0.0033579467335707576,0.0005552556135256809,-0.032812502144316524,0.007464480229806253,0.006240007504386164,0.009215236502236858,0.008488319383960333,0.0060851121209513775,0.00690613702165386
2022-05-24,1.0682048797607422,1.256754994392395,127.84600067138672,29.450000762939453,0.010561954262868753,0.00506439158401896,-0.000445743344953736,0.0334918655332464,0.008169939499097617,0.0067233960553356705,0.009203564306658562,0.008614434130410051,0.006061262027503446,0.006871109496221338
2022-05-25,1.0736525058746338,1.2542959451675415,126.76899719238281,28.3700008392334,0.005086835283498354,-0.001958582338731602,-0.00845990936485765,-0.03736165760137902,0.007554610794910294,0.006821618142541559,0.007887955276778586,0.00807352417627908,0.005653545975035981,0.007078308984449714
2022-05-26,1.0686614513397217,1.258610486984253,127.1520004272461,27.5,-0.00465950711675043,0.0034339090394828555,0.0030167140875769815,-0.031146273729954037,0.00670901652515273,0.0066183450496921465,0.004067566238988542,0.008008257687579502,0.004314187180761002,0.006984835723919816
2022-05-27,1.0732953548431396,1.261734127998352,127.04499816894531,25.719999313354492,0.004326801286931803,0.0024787424663095413,-0.0008418845636392028,-0.06691713200005558,0.005849353414044425,0.006517395394928795,0.0026486183294255933,0.007582992024541974,0.004308679290805967,0.0069420883654378795
2022-05-30,1.0731456279754639,1.262833595275879,127.28500366210938,25.719999313354492,-0.00013951174909264155,0.0008710143419021427,0.0018873555041086527,0.0,0.00574057451810095,0.006221926560053307,0.0026748048929061347,0.007544206618318211,0.004484650545412794,0.00667067328149079
2022-05-31,1.0773539543151855,1.2647020816802979,127.78399658203125,26.190000534057617,0.00391381774383384,0.001478504744226892,0.003912616241223162,0.018108806238811843,0.004095689800558428,0.006126697361245885,0.002047531292353618,0.007403186472697626,0.00500507269286314,0.005257419758290159
2022-06-01,1.0734105110168457,1.2608909606933594,128.73599243164062,25.690000534057617,-0.0036670195931451026,-0.00301800315074195,0.0074224252379724845,-0.019275847000948997,0.004159522770718765,0.006195055113946894,0.002474299009613191,0.007211596139317273,0.0030148586096564937,0.005426611526552197
2022-06-02,1.0654165744781494,1.2483147382736206,130.1219940185547,24.719999313354492,-0.007475100550259082,-0.010024150457977384,0.01070868896873556,-0.038489227097765165,0.00503818547010301,0.0064087811890644305,0.0051280390344749845,0.00742120581992367,0.004547681221239347,0.005923713432659985
2022-06-03,1.0751069784164429,1.2579249143600464,129.91799926757812,24.790000915527344,0.009054299007338812,0.007669037697545853,-0.0015689493777079303,0.002827778165847551,0.006443467196930253,0.006653809568696312,0.006510036277526651,0.0076020526659879885,0.004771992880557816,0.005933173524800126
2022-06-06,1.0726046562194824,1.249230146408081,130.70700073242188,25.06999969482422,-0.002330222818458084,-0.006935991271780444,0.006054705996789028,0.011231517018839617,0.006557468077478377,0.006443378615802049,0.0069864088771020155,0.007467639494067439,0.004567146585755211,0.005866228595956597
2022-06-07,1.0691413879394531,1.2523481845855713,132.17599487304688,24.020000457763672,-0.0032340634484176282,0.002492858011737203,0.0111761464658871,-0.04278506428781263,0.00623463404455534,0.006234222093955014,0.007131911403316956,0.006019505294216042,0.00513327695024407,0.0060621570031351
2022-06-08,1.0698620080947876,1.2587324380874634,132.8470001220703,23.959999084472656,0.0006737905923230617,0.005084876367697843,0.005063761979174475,-0.0025011006728514825,0.0061645685054318175,0.006226759096203441,0.007728015401136382,0.0060360203885570785,0.0051653000591037924,0.006112272569453407
2022-06-09,1.071765422821045,1.254028558731079,134.42999267578125,26.09000015258789,0.0017775409484932394,-0.003743997027224757,0.011845471972158505,0.08516636996056637,0.004858579177560172,0.0062073336200855755,0.006099976102308906,0.006118398093416675,0.005426979241294096,0.006494226140221391
2022-06-10,1.0619205236434937,1.2492972612380981,134.41799926757812,27.75,-0.00922813318281883,-0.0037800138430522136,-8.92207386365975e-05,0.061683735195286235,0.00430699147441795,0.006513203965676761,0.004975218089338303,0.006158946799302829,0.00488974119589142,0.006492982643915379
2022-06-13,1.0489987134933472,1.2274909019470215,134.81399536132812,34.02000045776367,-0.01224298052450652,-0.017609033412785583,0.00294167400019962,0.20371276023099444,0.006125257080461035,0.007036546567798377,0.008786589265823042,0.007167371687474108,0.0051984285406344475,0.006387463338528222
2022-06-14,1.0415147542953491,1.2144765853881836,134.22500610351562,32.689998626708984,-0.007159954992260149,-0.010658978748320808,-0.004378474463305562,-0.039879421696833575,0.006181664171157759,0.006650610867139582,0.008503941740643587,0.007516577295848454,0.006051047215452998,0.006029774217018707
2022-06-15,1.0440592765808105,1.201258897781372,135.29400634765625,29.6200008392334,0.0024401181740231668,-0.010943101677951386,0.007932693432024867,-0.09861934155361644,0.006637486059226409,0.006656739362514459,0.0058076458676871836,0.007777831495454281,0.006411846898940603,0.006087213050360161
2022-06-16,1.0456204414367676,1.2174336910247803,134.11500549316406,32.95000076293945,0.0014941669127020091,0.013375022890421317,-0.008752553398927564,0.10654144692998793,0.006567237945982303,0.006618170799165286,0.011844833994090415,0.008257660280815184,0.006447220899068845,0.006390258287068253
2022-06-17,1.0546854734420776,1.2354830503463745,132.42100524902344,31.1299991607666,0.008632159944394863,0.014716916223294312,-0.012711400977564746,-0.056819326608450633,0.008284155116159937,0.006498140468711111,0.015117828970721586,0.008409196256877895,0.008428084642863622,0.007070209327313989
2022-06-20,1.049141764640808,1.2228227853775024,135.2760009765625,31.1299991607666,-0.005270130105696999,-0.010300082856891187,0.021330862232995833,0.0,0.006358781423899485,0.006411648693030826,0.013528047789208436,0.008358953106955273,0.013900993052458682,0.007692101502356957
2022-06-21,1.0520778894424438,1.225174903869629,135.08700561523438,30.190000534057617,0.002794688034567393,0.0019216678400349233,-0.0013980861841677557,-0.030661196085893273,0.004947721222079101,0.006047333430644497,0.012345351220619149,0.008088967694654036,0.013691959139903431,0.007708697614047794
2022-06-22,1.053263545036316,1.2266627550125122,136.2689971923828,28.950000762939453,0.001126331054716773,0.0012136621852789115,0.008711795873698568,-0.04194053103593365,0.004954593592621523,0.0060525916638627135,0.010236539031229227,0.008049632853547144,0.013790670470207654,0.007805781823999538
2022-06-23,1.0564124584197998,1.225084900856018,136.0240020751953,29.049999237060547,0.002985212626758971,-0.0012871262428272435,-0.0017994967476812867,0.0034482266622454993,0.004979744342022223,0.0056130417607324744,0.00896732497793054,0.00793975396388904,0.012823040493782809,0.007838514452037058
2022-06-24,1.052011489868164,1.2260762453079224,134.83999633789062,27.229999542236328,-0.004174658466384516,0.0008088774640601034,-0.008742492804346186,-0.06469916716028097,0.003933941653799531,0.005520255269345757,0.005046914206718722,0.007948419686854582,0.011693848673653376,0.007858083006303545
2022-06-27,1.0566133260726929,1.228244662284851,135.06199645996094,26.950000762939453,0.004364781705743179,0.0017670203879496936,0.001645042853023263,-0.010335964210215428,0.0033315851783148865,0.005564689908580258,0.0012927283068377168,0.007911657986174363,0.006319102772644272,0.00786176865895961
2022-06-28,1.0580891370773315,1.2267379760742188,135.43499755859375,28.360000610351562,0.0013957625433815856,-0.0012274517760407697,0.002757896341188161,0.05099639752104341,0.003244812063089724,0.00547764536684539,0.0014219560208820396,0.007870954957469332,0.006413912819860335,0.007820954176080187
2022-06-29,1.0523545742034912,1.2189769744873047,136.0469970703125,28.15999984741211,-0.005434475183267472,-0.006346633025282733,0.004508590333961892,-0.007077197314253267,0.004379588359111716,0.0055697638534162024,0.0031352310123706722,0.007927310347915766,0.00523873157399765,0.007824648953128066
2022-06-30,1.04465913772583,1.2131799459457397,136.58900451660156,28.709999084472656,-0.007339457036861056,-0.004766994654508875,0.003976057139813154,0.019342936372938047,0.004919195036377905,0.005624125730196618,0.0035076885590228147,0.007923394911435839,0.0054645081023350795,0.007825002951608238
2022-07-01,1.0477677583694458,1.2160863876342773,135.78599548339844,26.700000762939453,0.0029713085188302992,0.0023928566704779913,-0.005896366110903087,-0.07258186826346097,0.005243129208409631,0.0056746007140768525,0.0038720903985977597,0.007970568838564705,0.004226117477479334,0.0079825327576005
2022-07-04,1.0433948040008545,1.2102727890014648,135.04299926757812,26.700000762939453,-0.004182325010529268,-0.00479204382758029,-0.0054868429469443515,0.0,0.004471361602521072,0.005540253830413804,0.0035265061244471522,0.007784521673848922,0.005210830809559571,0.007928679436532138
2022-07-05,1.0433186292648315,1.211445689201355,135.83999633789062,27.540000915527344,-7.300929283569905e-05,0.0009686512302372529,0.005884454786971462,0.030975932563342613,0.004189324546568208,0.005077918946232425,0.003910259357521987,0.00753975545031768,0.005784736219415728,0.00794214426327677
2022-07-06,1.0257673263549805,1.19491446018219,135.52099609375,26.729999542236328,-0.016965678829353473,-0.013739829501732434,-0.002351114566820665,-0.029853013518694623,0.007698485177352714,0.006071893414178409,0.006356792030042472,0.007895417046746456,0.005427588636986832,0.007941300727223688
2022-07-07,1.0186411142349243,1.1923214197158813,135.96600341796875,26.079999923706055,-0.006971445470808471,-0.0021724216764220637,0.0032782985820253288,-0.024617778892291938,0.007673654196972925,0.006158859751947951,0.006383095057642497,0.00783080726231864,0.005281915309735392,0.007663529992820156
2022-07-08,1.0169836282730103,1.2028049230575562,135.91299438476562,24.639999389648438,-0.0016284792512089388,0.008754085414015766,-0.00038994577958015764,-0.056797620238513646,0.00668443641431684,0.006127193506924565,0.008214611776504007,0.008030603803207994,0.00449956952779355,0.007623579505239678
2022-07-11,1.0166114568710327,1.2016630172729492,136.30099487304688,26.170000076293945,-0.000366023117238468,-0.000949820000759345,0.0028507039781217026,0.060242605562818095,0.007141049288210062,0.006076027438056012,0.008089851139435002,0.008024893032549852,0.0032397874580458474,0.007248282212192464
2022-07-12,1.004752516746521,1.1900936365127563,137.38800048828125,27.290000915527344,-0.011733736567112072,-0.009674454947717905,0.00794340546591518,0.04190664881096002,0.00694920650106566,0.0062315740896901626,0.008680301537712765,0.008186072495449706,0.003936094337334111,0.007410908766327069
2022-07-13,1.0033109188079834,1.1877753734588623,136.7259979248047,26.81999969482422,-0.0014358094078833954,-0.0019498666904455182,-0.0048301353040216925,-0.017372501793467377,0.004825273949435998,0.0058420181669048485,0.006566404757861475,0.007428831295589287,0.004737641065621334,0.007498333670875873
2022-07-14,1.0032706260681152,1.186380386352539,137.6280059814453,26.399999618530273,-4.0160580542073956e-05,-0.0011751438473181972,0.006575528651661922,-0.01578387077220841,0.00490652777296511,0.005740283078040072,0.006544535629539278,0.0071413408754269015,0.005206287023008031,0.007512889242413157
2022-07-15,1.0025665760040283,1.1839643716812134,138.9669952392578,24.229999542236328,-0.0007020012314786962,-0.0020385351116609684,0.00968202398309235,-0.08577247976665912,0.004989984820890396,0.005671026608001929,0.0036737157380788135,0.006798883694309757,0.005761387108145272,0.00759701334410868
2022-07-18,1.009631872177124,1.1888344287872314,138.31399536132812,25.299999237060547,0.00702249344752808,0.004104910996706564,-0.004710031392454987,0.043212849641764174,0.006709316292679691,0.005941965351319969,0.004917928906714226,0.0061433396096220744,0.00711694628523272,0.007390461170586998
2022-07-19,1.0145177841186523,1.194828748703003,138.22900390625,24.5,0.004827628644534584,0.005029513069128131,-0.0006146708322335816,-0.03213124802708314,0.0037572356629688502,0.005679813993461538,0.003476035439178662,0.005237504723407857,0.006622366686652924,0.006709060988715792
2022-07-20,1.0231330394744873,1.2003505229949951,138.1909942626953,23.8799991607666,0.008456116811406341,0.004610748046726619,-0.00027501370411716627,-0.025631864170057687,0.004125261209652556,0.006020149559177815,0.0034190427172083168,0.005007027049999207,0.00585019481075699,0.005133482903842051
2022-07-21,1.0182781219482422,1.1971746683120728,138.39500427246094,23.110000610351562,-0.004756441789894104,-0.0026492789748050086,0.0014752015492010123,-0.032775802683622235,0.0055487038981329884,0.0060002998068543305,0.003813543337863417,0.004981610461170733,0.005300435687486726,0.005106872321260154
2022-07-22,1.0221081972122192,1.1996161937713623,137.09800720214844,23.030000686645508,0.0037542692053991913,0.0020373294494897094,-0.009415895132172919,-0.003467707049144895,0.00515548747831,0.006080369375758804,0.003165374259889269,0.005002491478370113,0.004381912005303084,0.005279695951258916
2022-07-25,1.0200231075286865,1.1986957788467407,136.31199645996094,23.360000610351562,-0.002042072812136406,-0.0007675523287358377,-0.0057497011598444175,0.014227440440233092,0.005355622622582875,0.00600307767943387,0.0033416125409777265,0.005002364313404888,0.004523054128308942,0.005418964245268244
2022-07-26,1.022494912147522,1.2055164575576782,136.43099975585938,24.690000534057617,0.0024203515481354024,0.0056739558232549595,0.0008726405818027777,0.05537314089952161,0.005147416997239693,0.006032630484222373,0.0035125053236680355,0.005189693783878549,0.004755191484755902,0.005047148809545867
2022-07-27,1.0129557847976685,1.2036880254745483,136.97000122070312,23.239999771118164,-0.009373056494817926,-0.001517872349197882,0.003942942134303076,-0.06052340285251661,0.005352868940474787,0.006129274081799568,0.003343439733405058,0.0051604373610947135,0.005577862510315699,0.005094806513316547
2022-07-28,1.0209290981292725,1.2163082361221313,136.11099243164062,22.329999923706055,0.007840516682384753,0.010430036819329042,-0.0062912589474989405,-0.03994385969968467,0.006559317451170161,0.006441265164193078,0.004943210760902951,0.005697690713891186,0.0055276574543803745,0.005277490769828898
2022-07-29,1.0192328691482544,1.2173447608947754,134.39700317382812,21.329999923706055,-0.0016628379501900366,0.0008518263175484606,-0.012672543684753903,-0.045816533528988145,0.0063350981356222955,0.006384993841735538,0.005038700977902176,0.005543831060450238,0.006526009646870596,0.005853427476321069
2022-08-01,1.0208247900009155,1.2167373895645142,133.40699768066406,22.84000015258789,0.0015606629240480755,-0.0004990557469495337,-0.007393541544142634,0.06839886256211848,0.006329756024555208,0.006275323993739011,0.0049905899418277114,0.005445102838926957,0.006677135539445636,0.005935696046247363
2022-08-02,1.0261356830596924,1.2254151105880737,131.57200622558594,23.93000030517578,0.005189064513554008,0.00710664673474007,-0.013850310869694828,0.046619523204595135,0.006688204148280637,0.006360221871357169,0.00521926620994418,0.005627931933036913,0.007056730519479676,0.00646244109704158
2022-08-03,1.015568733215332,1.2142995595932007,133.37899780273438,21.950000762939453,-0.010351198843136136,-0.00911223598694489,0.013640405713453306,-0.08636574039389384,0.007060820416846475,0.006639445739630167,0.007548007909593109,0.005885284542529311,0.01108564151217398,0.007141995198152741
2022-08-04,1.015764594078064,1.2138278484344482,133.96200561523438,21.440000534057617,0.00019283970848837684,-0.00038853905534539973,0.00436153623468865,-0.023508813167236665,0.005791537643485996,0.006641890732586467,0.005784234424785249,0.005883418326968853,0.011848192133896481,0.0070836640609871345
2022-08-05,1.024779200553894,1.215849757194519,132.62100219726562,21.149999618530273,0.00883555172373451,0.0016643436331775655,-0.010060766739851644,-0.013618473656111645,0.007223628693378573,0.005972801493045131,0.005839634442825608,0.0050112119384190116,0.011373280280255225,0.007358106980697861
2022-08-08,1.0170871019363403,1.2059526443481445,135.0570068359375,21.290000915527344,-0.007534415937540125,-0.00817339014734547,0.018201509344009967,0.006597634452187501,0.008158649016598489,0.00600501437987324,0.006844875399532507,0.005333097318748221,0.01413513580748805,0.008385779821075103
2022-08-09,1.0197629928588867,1.208473801612854,134.83999633789062,21.770000457763672,0.0026274810000368686,0.0020884116683321783,-0.001608098958198112,0.022295374365645357,0.007764673542493308,0.006020928736751822,0.005439634320225674,0.005023169072835091,0.011399500431514444,0.008390388489843218
2022-08-10,1.0208144187927246,1.207423210144043,135.18699645996094,19.739999771118164,0.001030518147346478,-0.0008697320539108706,0.002570115746458153,-0.09788587386321505,0.005863630284450129,0.0060228773620458,0.004135009413538899,0.005022314628073419,0.010301346926288485,0.008385486963733379
2022-08-11,1.0300782918930054,1.2212995290756226,132.8300018310547,20.200000762939453,0.009034052397915944,0.011426969163327949,-0.01758885002403311,0.02303561976592722,0.006805370420293955,0.005683374502768643,0.007030936818152645,0.005058063033095206,0.013570835874492686,0.008928909567378799
2022-08-12,1.0316723585128784,1.2196162939071655,132.99400329589844,19.530000686645508,0.0015463236906874298,-0.0013791835174500743,0.0012339102751355384,-0.03373086212935113,0.005910787874874421,0.005654716865524588,0.0071148884802632135,0.005042705977778343,0.012745577349124616,0.008915888102861648
2022-08-15,1.0256409645080566,1.2127974033355713,133.28799438476562,19.950000762939453,-0.005863386210464329,-0.005606701230158866,0.002208119293689548,0.02127740153136365,0.00529910495649445,0.005851680867110758,0.006376209326186098,0.005227334678764671,0.008517476712802556,0.008780762313297236
2022-08-16,1.0161981582641602,1.205690860748291,133.14300537109375,19.690000534057617,-0.00924938057915025,-0.005876863780023253,-0.0010883795663207256,-0.013118261804125196,0.007115913574715559,0.006241025941201872,0.007038177236922986,0.0053949816392727685,0.008536321860758107,0.00842313770889202
2022-08-17,1.0170663595199585,1.209818959236145,134.27699279785156,19.899999618530273,0.0008539974026696639,0.0034179968739065664,0.008480997917666423,0.010608792786787835,0.0071056096632872755,0.0060757759161245125,0.0072344188326815126,0.005377062725360411,0.00974363916996701,0.008682517247434147
2022-08-18,1.0180189609527588,1.2045146226882935,134.94400024414062,19.559999465942383,0.0009361784420449659,-0.004394044900899716,0.004955102523818175,-0.01723307525800178,0.004903853165063001,0.005994813864863188,0.003891100389128878,0.005399002360655868,0.00368103308688456,0.008785464323317687
2022-08-19,1.0089900493621826,1.193274736404419,135.7949981689453,20.600000381469727,-0.008908664203253895,-0.00937527608033214,0.006286502738201765,0.05180445701037145,0.005051104764900781,0.005993188296690479,0.004730388060773954,0.005691032017120259,0.0037141685712593873,0.008924835705154831
2022-08-22,1.0035223960876465,1.1818095445632935,137.04100036621094,23.799999237060547,-0.005433672462005448,-0.009654630777148088,0.009133771689483875,0.14439445430766584,0.005024550615907041,0.00601706957949165,0.005306870493326715,0.006017205880427095,0.004074264538128858,0.009163767698699834
2022-08-23,0.9939467906951904,1.1766505241394043,137.54600524902344,24.110000610351562,-0.009587811226055044,-0.004374912868720123,0.003678290974232238,0.0129411688872171,0.005108455921592932,0.00621956602630065,0.005299824298403946,0.006039285095297158,0.0023051679351401883,0.00897681721296205
2022-08-24,0.9966909885406494,1.18327796459198,136.73300170898438,22.81999969482422,0.0027571059008813115,0.005616659917559838,-0.005928313144572936,-0.05498938644760836,0.005643295849633605,0.006275110127733203,0.006178430579440303,0.00619622016132188,0.005711128763589846,0.008982484408025217
2022-08-25,0.9969095587730408,1.1791757345199585,137.08099365234375,21.780000686645508,0.00021927184316001224,-0.003472858914915492,0.0025418140534383504,-0.04664518202952005,0.005492104214918132,0.006234530129694577,0.0061937265413107186,0.006061413694678022,0.0056724693986754315,0.008996005147519822
2022-08-26,0.9971283078193665,1.1824007034301758,136.56300354003906,25.559999465942383,0.00021940310248669677,0.0027312018049500436,-0.003785873151306839,0.1600364595838233,0.0050293966288918425,0.005961648900534709,0.00605511592440262,0.006111753548828787,0.006052539531001246,0.008994444408625549
2022-08-29,0.993867814540863,1.1694538593292236,137.52000427246094,26.209999084472656,-0.0032752411283479355,-0.011010013196243128,0.006983319609692152,0.02511237378979406,0.004786960196334199,0.005665641721112586,0.006506451352061613,0.0059409241432946186,0.005380524401990326,0.009007057839090588
2022-08-30,1.0014019012451172,1.172250509262085,138.5959930419922,26.209999084472656,0.0075519840269269055,0.002388560486112121,0.007793783964440012,0.0,0.004009045889572774,0.005964185070282265,0.006617883260050263,0.005982301092408384,0.006202458876731724,0.008634420328299707
2022-08-31,1.0025062561035156,1.1659767627716064,138.73399353027344,25.8700008392334,0.0011022011823750134,-0.005366254701387854,0.0009952079209102703,-0.013056953766507983,0.003946574282623474,0.00595633158238775,0.005741334291746763,0.006025009095402193,0.004719107190935609,0.008409979773008471
2022-09-01,1.003905177116394,1.1598505973815918,139.29600524902344,25.559999465942383,0.0013944510247493138,-0.005267957254629027,0.004042819024532293,-0.012055420023286018,0.003911115590976629,0.005827490881286262,0.00583784128902051,0.005709902996287053,0.0047378809316135275,0.0076580299170878
2022-09-02,0.995232880115509,1.154894471168518,140.08099365234375,25.469999313354492,-0.008676090547837427,-0.004282228616863327,0.00561957836337121,-0.003527346582686881,0.006030536989021043,0.005709172609937035,0.004769818466687909,0.005533671957409715,0.0026944119727903802,0.00728908279236317
2022-09-05,0.9909427762031555,1.1474601030349731,140.48699951171875,25.469999313354492,-0.0043199709658943205,-0.006458079094730271,0.0028941729111463745,0.0,0.006172338232679647,0.005748244396354349,0.0035427469097140145,0.005585939392498372,0.002593606841031907,0.007275335282338685
2022-09-06,0.9952229857444763,1.156644344329834,140.42999267578125,26.90999984741211,0.004310029151858244,0.007972112502997038,-0.0004058625024860107,0.05499669703613608,0.005196409900045501,0.005447973323241096,0.006004623320343798,0.005962086975139992,0.002392301541057478,0.006777083025313339
2022-09-07,0.9897951483726501,1.151185154914856,143.1510009765625,24.639999389648438,-0.005468817444529171,-0.004731025059980566,0.019190932196554746,-0.08812684517395283,0.005286774775772024,0.00535292901667001,0.005939963229142657,0.005843750873710409,0.007554753585307061,0.006887919560964564
2022-09-08,0.9995701909065247,1.1519808769226074,144.1280059814453,23.610000610351562,0.009827376612398795,0.0006909810481850537,0.006801811117053405,-0.04270073694573565,0.00766897871467994,0.005801689459731511,0.005856374175887646,0.00580336778531569,0.007451619178229131,0.006873958969488374
2022-09-09,1.0012015104293823,1.1521600484848022,143.8560028076172,22.790000915527344,0.00163069068126299,0.0001555213577262191,-0.0018890163787645617,-0.035348493518901965,0.006309368489432817,0.005812644895298551,0.005635196521000054,0.005818455092843472,0.00844450364318339,0.006953381852723874
2022-09-12,1.0071406364440918,1.1619395017623901,142.5959930419922,23.8700008392334,0.005914473623920646,0.00845210958648409,-0.00879741045863936,0.046300592079318664,0.00570360943006759,0.005593135259508044,0.005622013910870995,0.005515056781736789,0.010621668246421984,0.0058966448539713315
2022-09-13,1.0129557847976685,1.1689754724502563,142.5850067138672,27.270000457763672,0.005757313715473667,0.006037107432488921,-7.704810727104946e-05,0.13316473813460536,0.005807100394624582,0.005754984585158514,0.00520281543778387,0.005791494931779979,0.010596451529900085,0.005924281082783595
2022-09-14,0.9982032775878906,1.1506155729293823,144.4040069580078,26.15999984741211,-0.014670914986609497,-0.015830620647400186,0.012676614897038809,-0.04155569288771608,0.009595430646956301,0.0063926589025391075,0.009472935513251585,0.0064710906122519675,0.008257419018060099,0.00625493702907063
2022-09-15,0.9984025359153748,1.1544944047927856,142.92300415039062,26.270000457763672,0.00019959706297365223,0.0033654233957465755,-0.01030892235208696,0.004196100366660546,0.008452649876702918,0.006140850646050294,0.009603300921004145,0.006533807208339355,0.009135663125306451,0.006865991052807949
2022-09-16,0.9988313317298889,1.1452654600143433,143.36500549316406,26.299999237060547,0.00042938969546725455,-0.008026050425296138,0.003087811428184647,0.0011412890518258574,0.008403334262992725,0.006136060027469924,0.01033237700572112,0.006539780615802971,0.009375067223923427,0.006764812619023668
2022-09-19,1.002234935760498,1.1433144807815552,142.76499938964844,25.760000228881836,0.003401793701857418,-0.0017049696806496952,-0.004193946616884621,-0.02074600005329651,0.007990782734448984,0.006191970712749215,0.008852716125474065,0.0065276656908288995,0.008570582490839522,0.006916912357034213
2022-09-20,1.0029587745666504,1.1443217992782593,143.22300720214844,27.15999984741211,0.0007219640016474552,0.0008806632160785313,0.0032029888911910306,0.05292238695106717,0.007209011238388611,0.005919187653721765,0.007732464513077223,0.006367833858772512,0.008665548397944471,0.006868899032738526
2022-09-21,0.997078537940979,1.138057827949524,143.6020050048828,27.989999771118164,-0.005880143867171973,-0.005488996643074406,0.0026427125053882965,0.030101998277705832,0.003414657117583384,0.005938459479015954,0.004622491346411509,0.006185725193605062,0.00600910079283265,0.006704251312549986
2022-09-22,0.983071506023407,1.1255937814712524,144.3159942626953,27.350000381469727,-0.014147680973100527,-0.011012447666309455,0.004959681042610089,-0.023130752534395428,0.007055452649423996,0.006344050685709118,0.004768655410152342,0.00647668263572838,0.0035408399943987587,0.006723919515104702
2022-09-23,0.9841550588607788,1.126417875289917,142.27999877929688,29.920000076293945,0.0011016046308961233,0.000731873525587816,-0.014208361488135179,0.08981061284051299,0.007145231884624292,0.0063133196687727945,0.005013727742250658,0.006283388619228598,0.00790198664507896,0.007397604722199493
2022-09-26,0.968992292881012,1.0797386169433594,143.51100158691406,32.2599983215332,-0.015526806604905349,-0.0423235851982379,0.008614759871208185,0.07530086501150463,0.007905576153100917,0.007066565599231226,0.017953734239999346,0.010613976456510991,0.008838843182451765,0.007538276442799861
2022-09-27,0.9623712301254272,1.077284336090088,144.45899963378906,32.599998474121094,-0.006856387846966306,-0.0022756196534052665,0.006584029360369881,0.010484220898846989,0.006759155481664342,0.007155014557777924,0.017460850645826295,0.010515900345108423,0.009168643797142885,0.007477752799725105
2022-09-28,0.9596191644668579,1.072754144668579,144.6909942626953,30.18000030517578,-0.0028637682551989094,-0.004214062367812101,0.0016046666684046424,-0.07713277811500176,0.007148286298603757,0.007150998347215234,0.01758988242996231,0.01040656064285527,0.00915422759114572,0.007413727550631743
2022-09-29,0.9708172082901001,1.0835996866226196,144.3979949951172,31.84000015258789,0.011601697507510935,0.010059233554244078,-0.0020270531136921803,0.053543902316957874,0.01000796158066007,0.0074437706935626315,0.020166863394557238,0.010750902993833,0.009028571754345347,0.007363340364739321
2022-09-30,0.9829555749893188,1.1169440746307373,144.43099975585938,31.6200008392334,0.012425726247878138,0.03030790933040455,0.00022854188108303042,-0.006933507445969212,0.012093319943937064,0.007996695711212651,0.026550483869895513,0.01293605711648221,0.004451684742780827,0.007369460034582113
2022-10-03,0.9792688488960266,1.114057183265686,144.8159942626953,30.100000381469727,-0.0037577051702841185,-0.00258797969397181,0.002662048298877374,-0.04926467389430347,0.009166119342461615,0.008001889091899358,0.014608093875068425,0.01291595550046471,0.0031930976259816404,0.00735557698991296
2022-10-04,0.9832068681716919,1.1334141492843628,144.5189971923828,29.06999969482422,0.00401332309708905,0.01722597693882905,-0.002052964096259,-0.034818480355421226,0.007675761885031544,0.007888540603972882,0.014361415961468242,0.013521400862096364,0.0021214858453716774,0.007346073974550772
2022-10-05,0.998432457447052,1.1451343297958374,143.78700256347656,28.549999237060547,0.015366962792935441,0.0102875001201163,-0.005077911680022692,-0.018049794693725838,0.0077611877759674935,0.008531267122606366,0.01200412796333422,0.013661476258049835,0.0028892740685216582,0.0074654301820533
2022-10-06,0.9910998940467834,1.13553786277771,144.44900512695312,30.520000457763672,-0.0073711760409446,-0.008415522130070853,0.004593483880150978,0.06672531203596996,0.009869078176936184,0.008635432257761625,0.015494128700757281,0.013647590615612408,0.003814895984796677,0.007494863651577922
2022-10-07,0.9789045453071594,1.1162084341049194,145.03900146484375,31.360000610351562,-0.012381194971008931,-0.0171688111626325,0.004076142301938708,0.027150993529882227,0.010846518421515162,0.008956481749983885,0.013917317051238602,0.014067729499391087,0.004221138413615435,0.006385788007006204
2022-10-10,0.9735012650489807,1.1072726249694824,145.48199462890625,32.45000076293945,-0.005535011240227645,-0.008037718339912433,0.0030496488264304344,0.034167251716381845,0.01099472742773676,0.008708151359728078,0.014364000218651281,0.014128832477690232,0.0042662792716595555,0.006261025438071051
2022-10-11,0.9710057377815247,1.1076405048370361,145.6739959716797,33.630001068115234,-0.0025667468761050396,0.00033218446898514506,0.0013188900575881787,0.03571809085163382,0.010604367554860257,0.008689112595238564,0.010372020450393558,0.014130046518739095,0.003932776354160893,0.006241892630913725
2022-10-12,0.9700167775154114,1.0967799425125122,145.8699951171875,33.56999969482422,-0.0010190096651593531,-0.009853519740406226,0.0013445598676462484,-0.0017857556117495637,0.004448581685007757,0.008535873449375878,0.006227476147231279,0.014036799378526735,0.0015157626055133815,0.005881143632661909
2022-10-13,0.9707984328269958,1.11055588722229,146.73699951171875,31.940000534057617,0.0008054917847734313,0.012482127445623001,0.005926084801578014,-0.04977364239369622,0.005160836741144904,0.008393774573142238,0.011329211472542539,0.014291104987654858,0.0019485118668152322,0.00596589850396802
2022-10-14,0.975134015083313,1.1303905248641968,147.29299926757812,32.02000045776367,0.004456053379512562,0.017702480978751635,0.003781929877037152,0.0025015623572302516,0.0037346160628537505,0.007992470589557115,0.012238336543544143,0.01456821720692092,0.0019174851349258437,0.0054364334998109245
2022-10-17,0.973937451839447,1.124416708946228,148.6320037841797,31.3700008392334,-0.0012278291632679555,-0.0052987499822580745,0.009049682460919696,-0.02050867290942354,0.002720258713741239,0.007987526662014358,0.011696650942574981,0.014567188100262056,0.0032822412777473147,0.005091442447213607
2022-10-18,0.9846396446228027,1.1353960037231445,148.9709930419922,30.5,0.010928647456162878,0.009717071777970614,0.0022781316588693775,-0.028125365341958763,0.005089280059975622,0.008388576721300518,0.011898159113291205,0.01466212617812206,0.003087863057112875,0.005084462896489538
2022-10-19,0.9863878488540649,1.134429931640625,149.20899963378906,30.760000228881836,0.0017739018816072146,-0.0008512301545261478,0.0015963957890487775,0.00848846846496914,0.004705697100302349,0.008358254861178437,0.009546841296960573,0.014659619141303879,0.00302543685807733,0.004909325401820849
2022-10-20,0.9766482710838318,1.1211013793945312,149.8209991455078,29.979999542236328,-0.009923054996403982,-0.011818685314931483,0.004093237258471009,-0.025684674672851925,0.007668026527243952,0.008575824832198356,0.011815436188464874,0.014857356429346233,0.0029227505784920143,0.004923304369661803
2022-10-21,0.9778899550437927,1.1221455335617065,150.17599487304688,29.690000534057617,0.0012705652009295035,0.0009309311753003248,0.002366663002057412,-0.009720170642020446,0.00745952389717075,0.008525689383561106,0.007953809836046873,0.014826602062470755,0.003034882848716344,0.0049220659634303275
2022-10-24,0.9860085844993591,1.1344685554504395,147.81900024414062,29.850000381469727,0.00826791765473566,0.010921800448920105,-0.01581935147134002,0.005374545854703685,0.008072722115220952,0.008198131292508817,0.009207852031604867,0.014833377500824235,0.008281440871411137,0.006169607187785016
2022-10-25,0.9886503219604492,1.1307740211486816,148.88699340820312,28.459999084472656,0.002675640869900312,-0.0032619354905407583,0.007199030686236885,-0.04768529212537634,0.00662270344107919,0.008213816801154069,0.00818337725944911,0.01485299688759606,0.00904044334573043,0.005263478940087368
2022-10-26,0.9963731169700623,1.146223783493042,147.97999572753906,27.280000686645508,0.0077811010421081125,0.013570500079115987,-0.006110484061749561,-0.04234570234723907,0.007345996961762279,0.007565323213398285,0.010407190494765715,0.011678419214485597,0.009328585795128463,0.005326568129468112
2022-10-27,1.009193778038025,1.1638191938400269,146.13400268554688,27.389999389648438,0.012785248640600487,0.015234132708178815,-0.01255307324914828,0.004024102845698321,0.004642953833373352,0.007718489766727757,0.008175362866175826,0.011916262181339931,0.009726550768647164,0.0059631888957496024
2022-10-28,0.9967803955078125,1.1566041707992554,146.2740020751953,25.75,-0.012376571094321193,-0.006218732669824429,0.0009575620233817958,-0.06174333388150417,0.00974022878166,0.008260709218781,0.010023405047340634,0.01198561792026427,0.009477572588749702,0.005959199280281122
2022-10-31,0.9955002665519714,1.159595012664795,147.81199645996094,25.8799991607666,-0.0012850891507328465,0.0025825443244999026,0.01045958266732056,0.00503581009507937,0.009586991064874071,0.007979258989205047,0.009698461723787386,0.011894075408402888,0.009448056041884496,0.006292884242509286
2022-11-01,0.9886307716369629,1.146815299987793,148.73699951171875,25.809999465942383,-0.006924464393830943,-0.01108202074678242,0.006238470298666639,-0.0027084441661897746,0.010329414447818965,0.007739005462667293,0.011669459716525922,0.010583607829824492,0.009272981993311986,0.006384749499533066
2022-11-02,0.9877909421920776,1.1489498615264893,147.9149932861328,25.860000610351562,-0.0008498484807727607,0.0018595648976521928,-0.005541903303379208,0.0019354039072249207,0.009380791434619017,0.00769177667661406,0.010031968237615206,0.010550238225210373,0.009185478196266278,0.006541234659540278
2022-11-03,0.9814409017562866,1.1384334564208984,147.89199829101562,25.299999237060547,-0.0064492786516353135,-0.009195204950024204,-0.0001554729659424671,-0.021893031368095298,0.004732260496226378,0.007780268824727336,0.006302552623796717,0.010159724020551455,0.006151733001368359,0.006512026076258133
2022-11-04,0.9749630093574524,1.1171187162399292,148.39300537109375,24.549999237060547,-0.006622268577274553,-0.01890036058246865,0.0033819299080670062,-0.03009254241419883,0.003074644571500292,0.007082247901797178,0.009129669374788466,0.010672642920877306,0.006105813227220064,0.006381489944979992
2022-11-07,0.9928810596466064,1.1331573724746704,146.84100341796875,24.350000381469727,0.01821134690851107,0.014255075554298315,-0.010513803988901614,-0.008179957968859137,0.010774775056641648,0.008036270211220066,0.012892554776623124,0.011023965870058293,0.006762862256788705,0.006822798342053021
2022-11-08,1.0018634796142578,1.1517950296401978,146.62399291992188,25.540000915527344,0.00900614640617105,0.016313749464684495,-0.0014789534718659375,0.047714021256488805,0.010765412970288903,0.007745192878491815,0.01508993317625486,0.010864718126775343,0.0053375264012626615,0.006796448622574485
2022-11-09,1.008084774017334,1.1552680730819702,145.2949981689453,26.09000015258789,0.006190521830417323,0.0030107941661715325,-0.00910529272418528,0.0213062185459617,0.010651521494828255,0.007673308848988198,0.015117629919183181,0.010659833442394646,0.00598365661658665,0.007067451667594899
2022-11-10,1.0019538402557373,1.1368157863616943,146.20899963378906,23.530000686645508,-0.006100333328057607,-0.016101230579526046,0.006270956604248148,-0.10327587307618198,0.010566191762969504,0.007800321041055715,0.016541458049610647,0.011331643242741642,0.007419530403247189,0.007191185427764975
2022-11-11,1.0192224979400635,1.1695632934570312,141.73399353027344,22.520000457763672,0.01708814571666528,0.028399241307580026,-0.031085086613265447,-0.0438724083225021,0.00982480636083051,0.008457631391833758,0.016757279238415034,0.0124384753057614,0.013961156665333554,0.009791771850502024
2022-11-14,1.0328551530838013,1.1799131631851196,139.55299377441406,23.729999542236328,0.01328688092947431,0.008810419570846625,-0.015507602999082314,0.05233622755869435,0.008854314663029916,0.008769067755291194,0.016519899008334248,0.012328215711846979,0.014255728431775088,0.010099253496683964
2022-11-15,1.0319278240203857,1.175249695777893,140.11500549316406,24.540000915527344,-0.000898233989768149,-0.003960213183859148,0.004019140386166287,0.03356442543314979,0.009618317231284819,0.008795658357522256,0.01648378785990216,0.011936260328193615,0.01527070636856141,0.010106159768847515
2022-11-16,1.0357863903045654,1.1880435943603516,138.96499633789062,24.110000610351562,0.0037322089642766866,0.010827283791994189,-0.008241476687389383,-0.017677759081951346,0.009663335660051446,0.008757074749682013,0.016731539518299438,0.011976644573372807,0.015275256647348604,0.009853027294765431
2022-11-17,1.0395010709762573,1.191525936126709,139.32200622558594,23.93000030517578,0.003579922982457949,0.002926869089317354,0.002565769010132604,-0.007493802835230841,0.0075068800242035355,0.00857035742264271,0.012080486661152712,0.01186886181321819,0.014420721204489189,0.009860631577318589
2022-11-18,1.036172866821289,1.1860145330429077,140.41200256347656,23.1200008392334,-0.003206868811748218,-0.004636230615124294,0.007793130761294115,-0.03443483456993681,0.006323912062819898,0.008654841883991847,0.007098878945943478,0.011942301497790112,0.009673597566511467,0.01008543378661831
2022-11-21,1.0330898761749268,1.1886366605758667,140.2530059814453,22.360000610351562,-0.0029797984214465644,0.002208432636944497,-0.0011329990857359264,-0.0334244045197189,0.0034170504847597085,0.008309984258856337,0.006264976570244484,0.01153573422344157,0.00607593697973524,0.00997724045764489
2022-11-22,1.0245691537857056,1.1827600002288818,142.09800720214844,21.290000915527344,-0.008282004908750605,-0.0049562964088322664,0.013069033897121244,-0.04903615367539896,0.005105311702457838,0.008623865468718584,0.006492645667502644,0.01164548992536654,0.008182624790271568,0.010498643220391346
2022-11-23,1.0311086177825928,1.1894567012786865,141.15499877929688,20.350000381469727,0.006362364906543442,0.005645958764799293,-0.006658442360343726,-0.04515659127403576,0.0058513399405622,0.00856856438674777,0.004772249959646756,0.011515050417601595,0.007662151598437045,0.01012062211016987
2022-11-24,1.0416233539581299,1.2073503732681274,139.2779998779297,20.350000381469727,0.010145862095391638,0.014931535065003686,-0.013386633815768365,0.0,0.007588495561936614,0.00874151570620826,0.008230296396858723,0.0117584896349498,0.010680977023154667,0.010171743621897433
2022-11-25,1.040810227394104,1.2113430500030518,138.60299682617188,20.5,-0.0007809388137341562,0.003301518351352544,-0.004858226272413718,0.00734395551031755,0.007374123053474381,0.00867962867250407,0.007173990789316497,0.011519389745237082,0.009818254809730696,0.01015719266493357
2022-11-28,1.0367528200149536,1.2054728269577026,139.10000610351562,22.209999084472656,-0.00390593444818525,-0.004857825244634052,0.0035794341635129513,0.08011771054057051,0.007506174150086892,0.008415951735467378,0.008281405742444901,0.011256156644319176,0.010211791222383413,0.010014158263599575
2022-11-29,1.034554123878479,1.1960291862487793,138.718994140625,21.889999389648438,-0.002123004481568896,-0.007864819046805591,-0.002742880806791925,-0.014512713032828004,0.0060203809382803185,0.007894628358128982,0.009031729472308025,0.011315905597038635,0.006156972547020923,0.009988897710897409
2022-11-30,1.0324499607086182,1.1946860551834106,138.7449951171875,20.579999923706055,-0.0020359552381959117,-0.001123622908662077,0.00018741874726261687,-0.06171015695339021,0.005637352073988793,0.007909714646631767,0.008898291371769056,0.011326971701897354,0.006400457028146473,0.009590802220822875
2022-12-01,1.042535424232483,1.207749843597412,137.35899353027344,19.84000015258789,0.009721073718734909,0.010875559413162133,-0.010039791426400721,-0.036619617151066194,0.005451250225419291,0.007845663677277058,0.00734629672071075,0.011144819732626902,0.005154435371699987,0.009481330881886
2022-12-02,1.052842140197754,1.2259259223937988,135.14999389648438,19.059999465942383,0.009837653378816175,0.014937418544267556,-0.016212661760675682,-0.040108239341404936,0.00686960051309964,0.007963986419958878,0.009993500453209679,0.011461513575016966,0.008011295643304635,0.00985023706959874
2022-12-05,1.0544185638427734,1.2297248840332031,134.47500610351562,20.75,0.0014961831121075887,0.0030940593509035936,-0.005006874014367725,0.08495437647046357,0.006022352018129601,0.00769549976233919,0.009148022839613872,0.011136384232567307,0.006472772338838656,0.009811899291828465
2022-12-06,1.0496923923492432,1.2192445993423462,136.65199279785156,22.170000076293945,-0.004492329102575546,-0.008558986741802702,0.0160591419468394,0.06619378039282739,0.00662643993450911,0.007577748241487982,0.009375240361124916,0.010334991303564358,0.012263473558317634,0.010624542576573541
2022-12-07,1.0469011068344116,1.2133007049560547,136.88600158691406,22.68000030517578,-0.002662687988950827,-0.0048869850073768525,0.0017109787375331194,0.022743465245738823,0.006748088331242751,0.006906328676482145,0.010003842204954962,0.010233703225844704,0.012380916267227975,0.010573321816324152
2022-12-08,1.051325798034668,1.2212398052215576,136.38099670410156,22.290000915527344,0.004217558881531055,0.006522075418115743,-0.0036960588791939268,-0.017345303844040455,0.0057003702790023175,0.006762441132842344,0.009323362411988943,0.009837182432772608,0.011749382629084372,0.010566790705767572
2022-12-09,1.0559661388397217,1.2236007452011108,136.61399841308594,22.829999923706055,0.004404086803714652,0.0019313658005533632,0.0017070039358212602,0.023937268728642467,0.004029194238625885,0.006722731255855304,0.006169661312154259,0.00983804728158349,0.008355392688373625,0.010534919847908305
2022-12-12,1.0522217750549316,1.2239153385162354,136.71200561523438,25.0,-0.0035522143897896534,0.0002570715011435776,0.0007171451300234961,0.09080036766832521,0.004364716629824308,0.006595298228268879,0.005894652013409177,0.008932886572798025,0.00747452852581637,0.010372486231000245
2022-12-13,1.0541739463806152,1.2270842790603638,137.50399780273438,22.549999237060547,0.001853566131702255,0.0025858366416515338,0.005776427194872338,-0.10314079275274912,0.003764889706024084,0.005699352803778405,0.004143878336980402,0.0069653836045506816,0.00337850158315947,0.008422583465424804
2022-12-14,1.062665343284607,1.235666275024414,135.58399963378906,21.139999389648438,0.00802275589918932,0.006969468091609345,-0.014061619869776353,-0.06456808054524135,0.004269871827380445,0.005277240321058982,0.0029523611967078216,0.006892642294471687,0.007581517554527728,0.008311980504420802
2022-12-15,1.0676347017288208,1.2419428825378418,135.34800720214844,22.829999923706055,0.004665415530993445,0.0050666756066851445,-0.001742079085301994,0.07690850562966531,0.004306622334487231,0.005300474235533614,0.0026556293828206698,0.006782593457327127,0.007516611082670827,0.008226352419081541
2022-12-16,1.064056158065796,1.2189176082611084,137.75100708007812,22.6200008392334,-0.003357472785711803,-0.018713735557654754,0.017598466274598656,-0.009240949410513871,0.005044988445407243,0.005376219972636489,0.010347225023623015,0.007890966546166146,0.011517509513591241,0.00903399974310589
2022-12-19,1.05850350856781,1.2160272598266602,136.69000244140625,22.420000076293945,-0.005232043416178128,-0.00237405768801193,-0.0077321529069959835,-0.008881086742406634,0.0055028977750658245,0.005518706263805161,0.010349033039880233,0.007915536585876865,0.012284320558273859,0.009139252275108005
2022-12-20,1.0614584684371948,1.2153326272964478,136.9949951171875,21.479999542236328,0.002787749794717641,-0.0005713942660570525,0.0022287871440231795,-0.04283117271744946,0.005546725389816496,0.005457892556260088,0.010147544439067846,0.007826479308330662,0.011963203462569042,0.008963481835449861
2022-12-21,1.062699317932129,1.2189176082611084,131.89199829101562,20.06999969482422,0.0011683215286929897,0.0029454519540691795,-0.037961000252172625,-0.06789610072682875,0.004169811853676202,0.005381503495077257,0.009397672314078117,0.007832979833638488,0.020408894976479675,0.011918062788699812
2022-12-22,1.0610079765319824,1.2077397108078003,132.3699951171875,21.969999313354492,-0.0015928200295245159,-0.009212653491548511,0.003617601920761449,0.09045170754006297,0.0032621782076340477,0.0049899893284701,0.008569401530134777,0.008040627998821773,0.020794151392613317,0.011481371927596122
2022-12-23,1.060333013534546,1.203992486000061,132.35699462890625,20.8700008392334,-0.0006363550446384674,-0.0031074991063580284,-9.8218079721862e-05,-0.05136509384120232,0.0030412010159660352,0.004893307969835125,0.004438767609687374,0.00801372040239957,0.017318830727897982,0.011473098334023803
2022-12-26,1.0667804479599,1.206000566482544,132.7899932861328,20.8700008392334,0.00606216291441548,0.0016664620216506824,0.003266105683848594,0.0,0.003028798366165733,0.004609838008441858,0.0048114016977684575,0.007351999040675011,0.018042911404648743,0.011298038808382208
2022-12-27,1.064022183418274,1.2084153890609741,132.76400756835938,21.649999618530273,-0.0025889456317026356,0.0020003374961951596,-0.00019570948110564671,0.036692675527112,0.003413046934499014,0.0046605203032757244,0.005085952245660506,0.007328943717986409,0.017804559020515875,0.011288904712577805
2022-12-28,1.0637166500091553,1.2027326822280884,133.48599243164062,22.139999389648438,-0.0002871907082003092,-0.004713702507573372,0.005423373768446417,0.022380462884019337,0.0034019791158327994,0.004541366434551283,0.004684851575369529,0.00732456084126285,0.002467399902547326,0.01133869852252678
2022-12-29,1.062925100326538,1.2028483152389526,134.03399658203125,21.440000534057617,-0.0007444128462590291,9.613728332162697e-05,0.004096926879542648,-0.032127538600664425,0.0033106737846419513,0.004503157539767252,0.002973605871385323,0.007116557084415694,0.0025347969864473706,0.011407263258961872
2022-12-30,1.066075325012207,1.2056326866149902,132.91600036621094,21.670000076293945,0.0029593483845724387,0.0023121399872613824,-0.008376121109491486,0.010670457956980314,0.0034282922930306717,0.004456347082687149,0.002914704222113058,0.007122480249173734,0.005556762018765795,0.011490540162290288
2023-01-02,1.0709733963012695,1.2120330333709717,130.84500122070312,21.670000076293945,0.004583966492703552,0.005294662248008485,-0.01570392661691616,0.0,0.0029168536990432183,0.0041249584983663375,0.003695600515965075,0.006825343995430339,0.008936779501922678,0.011741136048909554
2023-01-03,1.0677714347839355,1.206287145614624,130.79400634765625,22.899999618530273,-0.002994245842760573,-0.004751975043441792,-0.00038981093963430763,0.05520807483314222,0.00303719097778952,0.0037379441257936984,0.004403620416419615,0.006041372172607635,0.008922227923850924,0.011319488264840841
2023-01-04,1.0546854734420776,1.1969740390777588,131.2480010986328,22.010000228881836,-0.012331112219669753,-0.007750429470873757,0.003465056688017082,-0.03963998796476396,0.0066484281676766985,0.004640624516166833,0.0052780709773048275,0.006155489845261195,0.00849324508414379,0.011338209087947526
2023-01-05,1.0606365203857422,1.2057054042816162,132.24600219726562,22.459999084472656,0.0056266257915620664,0.007268055390312859,0.007575169518234988,0.02023900261036214,0.00744180894303645,0.004674317583300423,0.0064755074287905275,0.006182589096293444,0.00935739646054359,0.010860887052576856
2023-01-06,1.0522217750549316,1.1912277936935425,133.3070068359375,21.1299991607666,-0.007965313943903736,-0.012080258776410523,0.00799094906454442,-0.06104211663738497,0.007792978128791507,0.004970926421500941,0.008374743797294868,0.006601256566496654,0.009724770353669577,0.011030222742757303
2023-01-09,1.0656323432922363,1.2116365432739258,131.86199951171875,21.969999313354492,0.01266446764454612,0.016987426254529207,-0.010898872744679515,0.03898406323239964,0.010142935525625448,0.005582187754830066,0.011936906490433033,0.007475779247222697,0.007749084179974706,0.011213088358463297
2023-01-10,1.073318362236023,1.2184869050979614,131.72900390625,20.579999923706055,0.007186750031592487,0.005637886399513634,-0.0010091058877573775,-0.06535812844402532,0.010651645087470714,0.005702378090596903,0.011820885617328964,0.007571010013354106,0.007792637771656471,0.011190661829312125
2023-01-11,1.0738946199417114,1.2154507637023926,132.1009979248047,21.09000015258789,0.0005367494741383354,-0.0024948403644767317,0.00281995423178054,0.024479275027050922,0.007782609881789273,0.005621856129281292,0.010936293374276967,0.0075859839677857345,0.007755662173573733,0.011220828434552218
2023-01-12,1.0766000747680664,1.2159533500671387,131.90199279785156,18.829999923706055,0.0025161245552818563,0.0004134124550156082,-0.0015075978048642428,-0.11334766310842777,0.007705029356442361,0.005628827987338974,0.010704667338459154,0.007560515993153073,0.00693770706584444,0.01110088254831354
2023-01-13,1.0860239267349243,1.2217769622802734,129.1719970703125,18.350000381469727,0.00871525666027755,0.004777906122160077,-0.020914341093380754,-0.0258217433282179,0.0048645698666614084,0.005671994087006432,0.007438805691800373,0.007472522788796175,0.009602900873676731,0.011545882664565662
2023-01-16,1.082461953163147,1.2226732969284058,128.0260009765625,18.350000381469727,-0.0032852201698865342,0.0007333630004766032,-0.00891145099456269,0.0,0.004896658979655761,0.005679833411292036,0.003357915005887694,0.007374894862645834,0.009404132309815988,0.011633127419171248
2023-01-17,1.0830129384994507,1.2207776308059692,128.3209991455078,19.360000610351562,0.000508881770290038,-0.0015516305085130006,0.002301554525902067,0.05357951808573416,0.004400450202345513,0.005610066068430152,0.0028046108753958187,0.0061928657989606915,0.009936463479486178,0.010800213033757194
2023-01-18,1.0793308019638062,1.228471040725708,128.281005859375,20.34000015258789,-0.00340569357753422,0.006282281837831211,-0.0003117145281532758,0.049380284747422606,0.00499594277516019,0.005529447609455605,0.0032674346402729896,0.00630422497322722,0.00938458854231231,0.0107685200452636
2023-01-19,1.0797853469848633,1.2347661256790161,128.53900146484375,20.520000457763672,0.00042104731419264534,0.005111240398583857,0.0020091557113832413,0.008810644488462888,0.004925388711900534,0.005513680162389834,0.0033249698990798263,0.006375844100396006,0.009910221564319279,0.010763653134411027
2023-01-20,1.083388328552246,1.2393262386322021,128.3699951171875,19.850000381469727,0.0033312026121230954,0.0036862957768493253,-0.0013156905696919444,-0.03319601625992202,0.002861110120466019,0.005540188371379933,0.0032189918460311237,0.006390092305893289,0.004550221593518222,0.007383650116266917
2023-01-23,1.086507797241211,1.240633249282837,129.35400390625,19.809999465942383,0.002875225962125885,0.0010540581634623405,0.0076361811422504455,-0.002017192599349769,0.002674661404735715,0.005527240194084153,0.0031690234362402223,0.005989864707795066,0.0034704095775637007,0.007556965884619011
2023-01-24,1.0874292850494385,1.2379761934280396,130.5970001220703,19.200000762939453,0.0008477594599432104,-0.0021439899540582775,0.009563384407620118,-0.031276514981302975,0.0026714381341390245,0.005514342560872344,0.0033817513320356495,0.005960154606408449,0.0048428804045848655,0.007888242784167778
2023-01-25,1.088814616203308,1.232923984527588,130.23899841308594,19.079999923706055,0.0012731397801450267,-0.00408937276073297,-0.002745034702238526,-0.006269656748658918,0.0012819792842420066,0.005404503420032647,0.0038576526561073595,0.006067073808911205,0.005412489979919487,0.007851666128604416
2023-01-26,1.0922038555145264,1.2412492036819458,129.23699951171875,18.729999542236328,0.0031079443693967086,0.006729723379269408,-0.0077232876264184906,-0.01851417000564116,0.001141232272376973,0.005364233985757297,0.00435384940187382,0.006186681080179836,0.0072941649729929845,0.007983264572685412
2023-01-27,1.0894432067871094,1.2415266036987305,129.8000030517578,18.510000228881836,-0.0025307945071393893,0.00022345957868152245,0.004346903500194451,-0.011815353065151668,0.0022615517563596443,0.0054147094646749844,0.0040969648258126195,0.006049265809035146,0.007268157849927475,0.007943783921534121
2023-01-30,1.0871455669403076,1.2400301694869995,129.85400390625,19.940000534057617,-0.002111230865447573,-0.001206044858039429,0.0004159447096803371,0.07441665236620917,0.0023870611995155068,0.005444474326189783,0.004125107112806226,0.006069408943862064,0.006609360677988519,0.007863658795524964
2023-01-31,1.0850694179534912,1.2353609800338745,130.47900390625,19.399999618530273,-0.0019115507750811752,-0.0037724906559222383,0.004801551720446293,-0.027454744911028228,0.002492614178777286,0.005461044010337631,0.0043833177456289755,0.006163003143483676,0.005223611085783333,0.007811886304547655
2023-02-01,1.0860947370529175,1.2308903932571411,130.11000061035156,17.8700008392334,0.0009444879359142555,-0.003625414442171439,-0.002832073004919903,-0.08214967027130193,0.0024401062748689085,0.0053957799770151796,0.004290220403267816,0.006167816314623852,0.00523442660682684,0.00709482416693821
2023-02-02,1.1012852191925049,1.2390038967132568,128.6219940185547,18.729999542236328,0.013889426300072026,0.006569943234751122,-0.01150242744343551,0.04700311588127257,0.00697516422038128,0.006019321868782047,0.004224580805420164,0.006163436346113873,0.006668942603064938,0.0074894114917427815
2023-02-03,1.0905125141143799,1.222299575805664,128.74600219726562,18.329999923706055,-0.009830096693875624,-0.013573764934067424,0.0009636644037406369,-0.02158743432649588,0.00863651922452063,0.005765829444032397,0.007202787675781686,0.006671011600616034,0.006147919225874844,0.007441027249179571
2023-02-06,1.079086184501648,1.2045146226882935,132.00900268554688,19.43000030517578,-0.01053322466006526,-0.01465729970751595,0.025028634257210657,0.0582792214064017,0.009924317339861441,0.006228334820409386,0.008670893763806108,0.0072913633345496965,0.013569824200605948,0.009124766223443374
2023-02-07,1.0730764865875244,1.2026747465133667,132.6230010986328,18.65999984741211,-0.005584813467052059,-0.0015286512617146534,0.004640402567275745,-0.040436091853844745,0.010097930540163901,0.006088199095430648,0.008858854834429762,0.0067919236808922515,0.013565532819568196,0.009010866356091277
2023-02-08,1.0729728937149048,1.2054582834243774,131.04200744628906,19.6299991607666,-9.654286024440955e-05,0.0023117810487084333,-0.011992585663986593,0.05067677829384996,0.010026779398855455,0.005491881092589052,0.009523007439756339,0.005725780614797703,0.015123104406075276,0.009075295578672383
2023-02-09,1.0715816020965576,1.2071462869644165,131.38699340820312,20.709999084472656,-0.0012975112698280708,0.0013993207475411966,0.002629177107096402,0.0535576656646979,0.004768216671465274,0.005279939365885775,0.008261608116361042,0.005588515976313472,0.013314959996854803,0.00909457349372498
2023-02-10,1.0742292404174805,1.2116806507110596,131.5189971923828,20.530000686645508,0.0024677288529569175,0.0037492298333046386,0.0010041900906923636,-0.00872936672367463,0.005115049629875512,0.0053065518130600425,0.007471697888336876,0.005636741237246094,0.013312468572561296,0.009074857652442283
2023-02-13,1.0677714347839355,1.2052258253097534,131.55099487304688,20.34000015258789,-0.006029713504830647,-0.005341407135134531,0.0002432636316337316,-0.009297866354522386,0.0036437691644769037,0.005426119938710288,0.0036109858376891604,0.005742319748075993,0.006536813087719143,0.009070526994976904
2023-02-14,1.0730419158935547,1.215214490890503,132.33700561523438,18.90999984741211,0.004923821832561969,0.008253640644064088,0.0059571717184610405,-0.07289852352107458,0.0041347249156895634,0.005178228610264994,0.00491157681067911,0.005936184597957664,0.0068256516918902,0.007866533715722698
2023-02-15,1.0735719203948975,1.2174336910247803,132.99099731445312,18.229999542236328,0.000493805176462593,0.0018245143431681536,0.004929694690595437,-0.03662231102109,0.004139934451968162,0.005145633968795724,0.004910526054528392,0.005949290442916259,0.0024585443699881413,0.00757580753640033
2023-02-16,1.0691757202148438,1.2039779424667358,133.9029998779297,20.170000076293945,-0.004103335609945398,-0.011114084758972895,0.006834219748486119,0.10112779216855393,0.004548679307482618,0.005201566689192845,0.00768407902203615,0.006386372362702909,0.0029834048541138754,0.007653345034966794
2023-02-17,1.0665756464004517,1.197533130645752,134.07400512695312,20.020000457763672,-0.0024348106615187685,-0.00536731007821495,0.0012762682546757474,-0.007464558996273437,0.0042832759163260155,0.005180567534234636,0.007495425564927976,0.006267822698945373,0.00292164788718635,0.007638615947309435
2023-02-20,1.0684444904327393,1.2029786109924316,134.3070068359375,20.020000457763672,0.0017506575018656283,0.004536940680571201,0.0017363506145254151,0.0,0.0035439708634908166,0.005200036598753342,0.007804959163829871,0.006241603932403818,0.002508127463047201,0.00763883484563927
2023-02-21,1.068261981010437,1.2039200067520142,134.33599853515625,22.8700008392334,-0.00017083247061335562,0.0007822479938677567,0.00021583811044149532,0.13309424797811642,0.0023514418089095497,0.0051309580833206695,0.006313022157675495,0.006163889968378705,0.002772389283905731,0.007614163054812589
2023-02-22,1.065200924873352,1.2109322547912598,134.9759979248047,22.290000915527344,-0.0028695678084155025,0.005807616358346708,0.0047528561879186405,-0.02568785625927578,0.002336605525260698,0.005089604676410637,0.0070978997164536,0.006332005653664892,0.002742560783315105,0.0075381348230374725
2023-02-23,1.0605803728103638,1.204993486404419,134.9320068359375,21.139999389648438,-0.004347163411922486,-0.004916360008533124,-0.00032597098626785316,-0.05297123690102279,0.002404371795973146,0.005125030500359038,0.005190389877707505,0.006381138926298982,0.00197897741578582,0.007354117882906735
2023-02-24,1.0598047971725464,1.2017786502838135,134.6280059814453,21.670000076293945,-0.0007315422531570732,-0.0026714934775834737,-0.0022555347152340205,0.024761867498774875,0.0023795987852345438,0.005097899479567143,0.004575117155685989,0.006357975409677151,0.0026193568055664154,0.007341442183768188
2023-02-27,1.0554758310317993,1.1952428817749023,136.39500427246094,20.950000762939453,-0.0040930476331470945,-0.005453254898388347,0.013039655389903941,-0.0337901362836813,0.001911954946287771,0.005037093483287486,0.004665352931394509,0.006165439775338303,0.0061291319038168065,0.007432422937537591
2023-02-28,1.0611205101013184,1.2061562538146973,136.31700134277344,20.700000762939453,0.005333744882631658,0.009089240527596578,-0.0005720535231934581,-0.01200494565700265,0.003995965491756459,0.005239532796532145,0.006646416379433239,0.006574474827483902,0.0062306381815985246,0.007446626218218624
2023-03-01,1.0577309131622314,1.2033549547195435,136.34800720214844,20.579999923706055,-0.003199469102332789,-0.0023252021798852484,0.00022742822538251344,-0.005814010429586383,0.004030081939986945,0.005253689376840266,0.005941085738683553,0.00657793043866882,0.0062279330506647065,0.007448917257826659
2023-03-02,1.066894292831421,1.2029930353164673,136.19400024414062,19.59000015258789,0.008625932198623705,-0.00030080387982428384,-0.001130152198135577,-0.04930048695319493,0.005552792627861143,0.0056552040341330415,0.0055775012822540096,0.006559031428335672,0.006313546710789368,0.007458302506147981
2023-03-03,1.0599732398986816,1.1951572895050049,136.7050018310547,18.489999771118164,-0.006508235473883866,-0.006534847807747233,0.0037449912257611928,-0.057789206725168754,0.0065611976763542326,0.005769805037235444,0.006213870222477668,0.006638961966305054,0.005891421014872932,0.0073890473430688105
2023-03-06,1.0626201629638672,1.2028483152389526,135.86000061035156,18.610000610351562,0.00249404754925224,0.0064145405583472485,-0.006200384644316072,0.006469070430775006,0.006175916696165584,0.004787311859768386,0.006401471760955845,0.0066302230726022525,0.003571998500738389,0.006995191687555037
2023-03-07,1.0688328742980957,1.2026457786560059,135.99899291992188,19.59000015258789,0.005829571489454962,-0.00016839499538946978,0.0010225324524007087,0.05132013629439354,0.006259307991534185,0.004671962369648565,0.004681796305131463,0.00604294680377419,0.00366583134575202,0.006994591858908363
2023-03-08,1.05507493019104,1.1827740669250488,137.39100646972656,19.110000610351562,-0.01295549318169404,-0.01666136170216488,0.010183441841305936,-0.02480744955448138,0.008993728344938579,0.0049308519076728665,0.008689820077375884,0.006273489359665017,0.006059720429125095,0.0052036042988111006
2023-03-09,1.0549525022506714,1.1850166320800781,137.2259979248047,22.610000610351562,-0.00011604393253258556,0.001894226399754082,-0.0012017359605537568,0.16818052309360135,0.0075013228357031485,0.00482666553108165,0.008940530491725983,0.006297681005676233,0.006067638477610733,0.005201694851069653
2023-03-10,1.0584698915481567,1.192250370979309,136.39500427246094,24.799999237060547,0.0033286223856131797,0.006085779355928826,-0.006074067418651538,0.09245130912260863,0.007394918756124423,0.00490418612191343,0.009463276590585457,0.00643278879489654,0.006717524103759276,0.004584304131061159
2023-03-13,1.0683646202087402,1.2079336643218994,134.97999572753906,26.520000457763672,0.00930472022571737,0.013068595008861397,-0.01042853150744912,0.06705556017148671,0.008568639475268293,0.005336190276623113,0.011016834630699685,0.007048553358060613,0.007800561774631179,0.005268735141556276
2023-03-14,1.0725010633468628,1.2171372175216675,133.11399841308594,23.729999542236328,0.0038642763226350934,0.007590373919586269,-0.013920695642442653,-0.11115913142156775,0.008338177849666053,0.005376799670756437,0.011379093625906275,0.007191207920100543,0.009389257738774807,0.006180650279611297
2023-03-15,1.0727657079696655,1.215214490890503,134.39700317382812,26.139999389648438,0.00024672420948644856,-0.0015809613593239665,0.009592238006401105,0.09672663368957514,0.0037869661030569446,0.0052096108487124735,0.005592382711553727,0.007097192263867316,0.00916243337763507,0.006473178715169729
2023-03-16,1.0583354234695435,1.20692777633667,132.9290008544922,22.989999771118164,-0.013542768888188937,-0.00684249393418264,-0.010982972503611663,-0.12840735602736533,0.008573325250662801,0.0058612393860335305,0.0078680345195189,0.007028643267582552,0.009349392460006607,0.006848699657953707
2023-03-17,1.0614134073257446,1.2110495567321777,133.3679962158203,25.510000228881836,0.002904104462518152,0.0034092829006263244,0.0032970387487003677,0.10401121230658243,0.00854209175679189,0.0059055520878202915,0.00775229630452192,0.007059624789889027,0.010311525813666286,0.006803739568864507
2023-03-20,1.0678855180740356,1.2187690734863281,132.28399658203125,24.149999618530273,0.006079118908904215,0.006354007356814938,-0.008161095566255867,-0.054786176823226014,0.0078062373203946255,0.006009260027298835,0.00597870871393722,0.006753956331775657,0.010031031511214962,0.006850941094892673
2023-03-21,1.071914792060852,1.2276264429092407,131.39199829101562,21.3799991607666,0.003766032493777598,0.007241190614039265,-0.006765892315796144,-0.12182849795903451,0.007793910709251384,0.006037671166068858,0.005895418198924589,0.006762428813402316,0.008688790461365139,0.006962341909785221
2023-03-22,1.0774236917495728,1.2225087881088257,132.34800720214844,22.260000228881836,0.0051261462943097014,-0.004177452883434414,0.007249663140565892,0.040335489785902276,0.008147118094130212,0.0061205559952951915,0.006354906906479478,0.006808316657847992,0.007893487862191937,0.00715890106283515
2023-03-23,1.0870392322540283,1.227973222732544,131.1790008544922,22.610000610351562,0.008884978951823826,0.004459892916686311,-0.008872062293078693,0.015600957155038286,0.002322129278391897,0.006380706178872391,0.004527849695057797,0.006854600180361063,0.007406034737747982,0.007364718590988741
2023-03-24,1.0835057497024536,1.228154182434082,130.86500549316406,21.739999771118164,-0.003255851136334388,0.00014735367675537895,-0.0023965097769972237,-0.03923844211971985,0.004530010337204508,0.006391783788071571,0.004765281817409609,0.006767262563001101,0.0066634402257173125,0.007251911015112189
2023-03-27,1.077818512916565,1.2246003150939941,130.8459930419922,20.600000381469727,-0.0052627456329634136,-0.0028978602062813496,-0.0001452934825951709,-0.053862776851436873,0.005927817800825594,0.006429588022676489,0.004838371705516167,0.006701681149743612,0.006303161487857619,0.007253294467790153
2023-03-28,1.0807071924209595,1.229755163192749,131.23300170898438,19.969999313354492,0.0026765316917468037,0.004200577890259956,0.0029533763181943673,-0.031059981269611073,0.00585948799200075,0.006433680378891598,0.003962499204066429,0.006695560289363818,0.006030437090340308,0.007308764639495789
2023-03-29,1.0839520692825317,1.2330456972122192,131.04600524902344,19.1200008392334,0.0029980508706156195,0.002672190050283764,-0.00142593563865182,-0.04349616152765765,0.005614565635548423,0.006349339127846711,0.0030969634888702497,0.00654233067794678,0.004349865038355844,0.006585265378588276
2023-03-30,1.0843634605407715,1.2313603162765503,132.5760040283203,19.020000457763672,0.0003794570093860563,-0.0013677788393613912,0.011607649622835402,-0.005243870331479798,0.0036530250589389248,0.006283637113226554,0.0028964696297420376,0.006334827611012765,0.005674814471022766,0.007180146776212213
2023-03-31,1.0904649496078491,1.2387275695800781,133.2010040283203,18.700000762939453,0.00561102204353346,0.0059651927299983875,0.004703199548052653,-0.016967516525293273,0.004101165947767177,0.006285015206853022,0.0037396674886750413,0.006377778056339147,0.005124110312517656,0.007287056115692737
2023-04-03,1.0803335905075073,1.228697419166565,133.3470001220703,18.549999237060547,-0.009334291021729486,-0.008130099765848544,0.0010954582745071723,-0.008053816734809512,0.00578407679498424,0.00646364548239446,0.005614870659650735,0.006683452523574723,0.00492737265429639,0.007301490920410309
2023-04-04,1.091226577758789,1.2423131465911865,132.2989959716797,19.0,0.010032490718915267,0.011020483211788171,-0.007890272037790932,0.023969231241808685,0.007239288255282083,0.0065624735389750765,0.007271510273113645,0.006792980322593945,0.007232865735794169,0.007365554884301651
2023-04-05,1.0960105657577515,1.249843716621399,131.48500061035156,19.079999923706055,0.004374464508325442,0.006043434152430463,-0.0061717007523073505,0.004201682855065479,0.007315475495170127,0.006590666852926627,0.007498469292401107,0.006781319750929197,0.008002609148514502,0.007364683696473955
2023-04-06,1.090334177017212,1.2463078498840332,130.9340057373047,18.399999618530273,-0.005192595096162501,-0.0028330564135435297,-0.004199358045213842,-0.036290018138616674,0.00805189410067465,0.006657015982552068,0.007722773998896515,0.006840605521282471,0.005249699088845719,0.007364072801943008
2023-04-07,1.0920130014419556,1.243900179862976,131.66900634765625,18.399999618530273,0.001538549661100185,-0.0019337105515148851,0.0055978225369394796,0.0,0.007678598206822127,0.0058933501018277904,0.007621765735739357,0.005568637387084351,0.005562206862244546,0.007069977336860949
2023-04-10,1.0913575887680054,1.2431625127792358,132.0970001220703,18.969999313354492,-0.0006003677951654333,-0.0005932034665262959,0.0032452563222006374,0.030508103867643424,0.005675883374888269,0.005900825179704691,0.005972750775558624,0.005602215660021035,0.005960442573601298,0.0071549596308387135
2023-04-11,1.086932897567749,1.239218831062317,133.468994140625,19.100000381469727,-0.004062541073859795,-0.0031773402136506903,0.010332695110608504,0.006829607274288249,0.003944051056188704,0.006003776588783456,0.0037911752362503274,0.005642432350674191,0.0068711678468031615,0.007526186968580161
2023-04-12,1.0917507410049438,1.2431007623672485,133.593994140625,19.09000015258789,0.004422717649457876,0.0031276669448402016,0.0009361088178678958,-0.0005237092940851025,0.00395986981923035,0.005776092757877281,0.0025564759851278668,0.005061519780137575,0.00539678406497611,0.007231444015110935
2023-04-13,1.0999890565872192,1.2492660284042358,133.0850067138672,17.799999237060547,0.007517639083118104,0.004947328487065645,-0.0038172337767605324,-0.06996623129446441,0.004465500611517771,0.00591371341544358,0.0034395092161571415,0.004935000237561318,0.005267265660391951,0.006632513722926745
2023-04-14,1.1054610013961792,1.2525300979614258,132.48699951171875,17.06999969482422,0.004962212603613521,0.002609382415173389,-0.004503548558272811,-0.041875895507824036,0.004679789164863345,0.0059646399628610815,0.0032386106926384772,0.004903957642520886,0.00602815190625511,0.006334919789860319
2023-04-17,1.098659634590149,1.2400178909301758,133.9709930419922,16.950000762939453,-0.0061715209978287396,-0.01003977631432605,0.011138782962244548,-0.007054640090812043,0.006049731322348347,0.0052517953353346655,0.00613752561084748,0.00519765790722644,0.007531251301291282,0.006372349663991163
2023-04-18,1.0925379991531372,1.2375471591949463,134.4250030517578,16.829999923706055,-0.005587493587279635,-0.001994484507396277,0.003383138715994422,-0.007104875168132019,0.006417075027482739,0.00546671136158778,0.006030710496042184,0.005217385240822804,0.006345462438450657,0.006374268789628907
2023-04-19,1.0975382328033447,1.2425447702407837,134.04400634765625,16.459999084472656,0.004566272411435851,0.004030187551483845,-0.0028382937809233746,-0.02222986404192645,0.006436348841867612,0.005413165857355175,0.006169732525036409,0.00512621295400511,0.006636367649295962,0.006131891654835694
2023-04-20,1.095218300819397,1.2428845167160034,134.70399475097656,17.170000076293945,-0.002115996750198505,0.0002733905801455107,0.00491158801108674,0.04223053972525203,0.005373107520554217,0.0054279578418768805,0.005537498629544568,0.004925687678352424,0.006299563230586155,0.005967048317420362
2023-04-21,1.0970927476882935,1.2440905570983887,133.99600219726562,16.770000457763672,0.0017100195037912675,0.0009698854561310754,-0.005269774471119016,-0.023572076221130268,0.0046371354664045935,0.005351959064306624,0.005312514304725666,0.004810778980973739,0.006515656529769655,0.0059527534139954905
2023-04-24,1.0992271900177002,1.2449734210968018,133.96099853515625,16.889999389648438,0.0019436539865794662,0.0007093944094418424,-0.0002612632789052359,0.007130091551149501,0.003974826500084293,0.005050099430254814,0.0021539275850766195,0.0047406815281874175,0.004226786730222775,0.005573910391076929
2023-04-25,1.1059499979019165,1.25,134.08399963378906,18.760000228881836,0.006097313856667734,0.004029370142046677,0.0009177646149461563,0.1050052610957546,0.003139797603846173,0.005111580611932204,0.0018673479599925357,0.004794005053383133,0.0038590926127720047,0.005523606303870337
2023-04-26,1.0978394746780396,1.2414803504943848,133.71099853515625,18.84000015258789,-0.007360557750447326,-0.006839052703031308,-0.00278572297763892,0.004255321468759127,0.005062592807956464,0.005250327728455069,0.004011864663058466,0.005007700039766519,0.0038512200291529095,0.00558045051396974
2023-04-27,1.1047282218933105,1.2471472024917603,133.46499633789062,17.030000686645508,0.006255217206481515,0.004554206422055878,-0.0018414997717225946,-0.10100574225300608,0.005528003815999997,0.005364250043357473,0.004551062886447452,0.005020284589561107,0.002385115010074962,0.005593512700433556
2023-04-28,1.1032048463821411,1.249750018119812,133.802001953125,15.779999732971191,-0.0013799111710282468,0.0020848407770577434,0.0025218661188764527,-0.07623323649860547,0.005700691587092166,0.0053677734655508125,0.004595622822496453,0.005010505863127288,0.00212143210446624,0.005583140111752014
2023-05-01,1.1010911464691162,1.2557607889175415,136.38600158691406,16.079999923706055,-0.0019178010282847264,0.004798049413432605,0.019128002618212257,0.018832960510421673,0.00582002578268763,0.005398605366048385,0.0049048610160523235,0.005066643048431597,0.008942347177492272,0.006432594835675037
2023-05-02,1.0969241857528687,1.2485953569412231,137.52099609375,17.780000686645508,-0.003791571102515303,-0.005722390196998685,0.008287491832114937,0.10049800969856827,0.004995830955721184,0.005363026048530478,0.005643008858331468,0.005121802497967904,0.008999355148797647,0.0065671988357433484
2023-05-03,1.1010911464691162,1.2476606369018555,136.46600341796875,18.34000015258789,0.0037915711025152355,-0.0007488976173593209,-0.007701079917378767,0.031010206443528907,0.004234162065912611,0.004958741557786415,0.0043727388779253445,0.004768706235954947,0.010252208903754296,0.006851497179357663
2023-05-04,1.1068925857543945,1.256897211074829,134.54400634765625,20.09000015258789,0.005254977698491383,0.007375845644972859,-0.014184194126021524,0.09113771127378989,0.003910970194199365,0.004631999344399713,0.005073181104829565,0.004445300167393476,0.01311919956748464,0.007355486338418242
2023-05-05,1.102292776107788,1.2583364248275757,134.1790008544922,17.190000534057617,-0.004164264686123018,0.0011443977921375638,-0.0027165944698167082,-0.15589433595937743,0.004394572211986794,0.00466251356577867,0.0050661702762969775,0.004275445338047177,0.013236857512820662,0.007236247422805794
2023-05-08,1.10186767578125,1.2630568742752075,135.19900512695312,16.979999542236328,-0.0003857253962110418,0.003744322604767557,0.007573069253575704,-0.012291696538472011,0.004294103410843928,0.004504799236036365,0.004907312903651792,0.004275322811565521,0.009729204593519917,0.007274678417720912
2023-05-09,1.0996140241622925,1.2612725496292114,135.072998046875,17.709999084472656,-0.002047395993579254,-0.0014137021311653383,-0.0009324464815313278,0.04209324617502903,0.0039519880199138675,0.004529416984341023,0.0036014633766090942,0.004262025231396775,0.008086678011664796,0.007230770080617326
2023-05-10,1.096467137336731,1.2624667882919312,135.28799438476562,16.940000534057617,-0.002865913186300644,0.0009464041978610967,0.0015904393697945237,-0.04445167934890709,0.003673144760903544,0.004576733690199932,0.003346334737812554,0.004253608337565839,0.007973216868209981,0.007216640441085608
2023-05-11,1.098406195640564,1.2626996040344238,134.08700561523438,16.93000030517578,0.0017668981432014084,0.00018439635808550813,-0.008916913055822392,-0.0005905065795475104,0.002300553423353289,0.004485288188579335,0.0018718387557324718,0.004167176090887882,0.006027566440736088,0.007208962634886955
2023-05-12,1.0912145376205444,1.2508130073547363,134.4980010986328,17.030000686645508,-0.006568885442957101,-0.00945822610026498,0.003060452325477995,0.0058893208235718105,0.0030991986565519457,0.0046345727557244336,0.004980308603875356,0.004673252161210085,0.006093034799225485,0.007233338041195995
2023-05-15,1.0852696895599365,1.2450973987579346,135.82200622558594,17.1200008392334,-0.0054628127053399055,-0.004579986984963762,0.009795913574146305,0.005270884739881481,0.0032574835657487623,0.00445161041270663,0.004252754794274546,0.004661678446624854,0.0067825010507153415,0.00744300164006602
2023-05-16,1.0873701572418213,1.2525207996368408,136.0449981689453,17.989999771118164,0.0019335633003226245,0.00594440154467944,0.001640449114914031,0.049568615505478746,0.003968356081423925,0.00431576579082533,0.005852418517135105,0.0048076873466385535,0.00670401822357138,0.007344212524881632
2023-05-17,1.0865668058395386,1.2484394311904907,136.42999267578125,16.8700008392334,-0.0007390751916854932,-0.003263844038115435,0.0028259089896546788,-0.06427908893475077,0.003998290111418785,0.004142741786704567,0.005733423215464822,0.004326904679385663,0.006733924060498583,0.0070152424469102125
2023-05-18,1.0838346481323242,1.2482805252075195,137.61399841308594,16.049999237060547,-0.0025176532621469594,-0.0001272917956045378,0.008641044088098224,-0.04982814426410975,0.003462137380941329,0.004012999278600375,0.005702155498997326,0.004297812448760654,0.003736553168613489,0.0071937727864691044
2023-05-19,1.0775396823883057,1.2412338256835938,138.6199951171875,16.809999465942383,-0.005824982238710198,-0.0056611188772104385,0.007283688287324751,0.046265113609435415,0.003263010685784693,0.0040166525031869365,0.0046692815645711875,0.004402596755097834,0.0036092060385574266,0.0072556124386887015
2023-05-22,1.0822745561599731,1.2461059093475342,137.69200134277344,17.209999084472656,0.004384526476817772,0.003917510604816446,-0.00671702477949022,0.02351664137575075,0.003944947639643459,0.004154725410878844,0.0048287896536800545,0.00448308065267378,0.0060439846179437305,0.007418948706058588
2023-05-23,1.0811045169830322,1.243440866470337,138.6719970703125,18.530000686645508,-0.0010816775529980448,-0.0021409872038491264,0.007092094779344213,0.07390052032710898,0.003692230973775455,0.004125247156743941,0.0036076519502031418,0.004503932486833082,0.00628417024796695,0.0073897679437479715
2023-05-24,1.076971173286438,1.2417269945144653,138.59800720214844,20.030000686645508,-0.003830587378759216,-0.0013792808562238844,-0.0005337026636867431,0.07784010660543,0.0038600449358601394,0.004134896573634321,0.0034671552680962635,0.004509752693961697,0.006589894664501876,0.007393191311422874
2023-05-25,1.0757315158843994,1.2371032238006592,139.2830047607422,19.139999389648438,-0.0011517220146606885,-0.0037306113522719894,0.004930160151961516,-0.04545082982256909,0.0038425593043167694,0.0038255138269496568,0.0035923076666561343,0.00447318881999362,0.005999875363144335,0.00742635173760006
2023-05-26,1.0724436044692993,1.2318304777145386,140.01699829101562,17.950000762939453,-0.003061122858548678,-0.0042712804310152805,0.005255962849809231,-0.06419019669813368,0.0032120791209450154,0.003602289900104721,0.0032568501193660517,0.004330348168920529,0.005646294822443058,0.007391370360717212
2023-05-29,1.0723055601119995,1.2346898317337036,140.87100219726562,17.950000762939453,-0.00012872774100586773,0.0023185337571370243,0.006080761984924728,0.0,0.0015354341173595052,0.0032216512167091175,0.0026020084370274683,0.004234843431615825,0.0029703233347759413,0.007383449604943032
2023-05-30,1.0707669258117676,1.234933853149414,140.4409942626953,17.459999084472656,-0.0014359146269737272,0.000197618299498962,-0.0030571626869436265,-0.02767765946212412,0.0014988110694192812,0.003221694780044338,0.0027410154832215716,0.004199887436484385,0.0040743735219280815,0.007476261476849591
2023-05-31,1.073306918144226,1.241187572479248,139.79200744628906,17.940000534057617,0.0023693153366323217,0.005051232594690422,-0.004631774078656705,0.027120388423994002,0.002004113670656172,0.0033144516365152463,0.003970300391452568,0.004215534777478176,0.005123246690167967,0.00657664192330929
2023-06-01,1.0695186853408813,1.244694471359253,139.1269989013672,15.649999618530273,-0.003535739673558048,0.0028214542320027626,-0.004768479665347242,-0.13656199378864806,0.002390298779345729,0.0033052213015948772,0.003523107247910172,0.004106607543173945,0.005428802699355126,0.006487648518450548
2023-06-02,1.0760787725448608,1.2525991201400757,138.7480010986328,14.600000381469727,0.006114947257608808,0.00633059341270591,-0.0027278311308793434,-0.06944933776874568,0.003718063417129262,0.0035019008183202406,0.002400975644445669,0.004328202200170159,0.0045104426224286,0.00627027054368973
2023-06-05,1.0698620080947876,1.2430236339569092,140.20700073242188,14.729999542236328,-0.005793991984985513,-0.007673862692298007,0.010460561224850442,0.008864644555221157,0.004746023119296302,0.0033441897386244025,0.005554920949531965,0.004325971708012743,0.006440843204694996,0.005644684570531934
2023-06-06,1.0711798667907715,1.2433171272277832,139.38299560546875,13.960000038146973,0.001231044453519269,0.00023608451168000868,-0.005894399109482888,-0.053690099330757315,0.004758249942451896,0.0033409190840114613,0.0055529602141868644,0.0043138024800322,0.006789026788680413,0.005806102518795074
2023-06-07,1.0698047876358032,1.2428536415100098,139.52699279785156,13.9399995803833,-0.0012845298458357445,-0.00037285107601695613,0.0010325711603328264,-0.0014337248360685253,0.004596018603304211,0.003334677702938607,0.00516623796208844,0.004206802696215498,0.00660856993059034,0.005658210881001646
2023-06-08,1.0707440376281738,1.2445859909057617,139.8990020751953,13.649999618530273,0.0008775787233301165,0.0013928777633475935,0.0026626692144534536,-0.02102288154628079,0.00431961594390927,0.003363412067706225,0.005027373184780674,0.0042276787800648455,0.006197585675656772,0.005638544025613515
2023-06-09,1.078271746635437,1.2559500932693481,138.86300659179688,13.829999923706055,0.007005755705541979,0.009089395409652331,-0.007432865461309879,0.013100646475644259,0.004630271188816857,0.0037662496413598283,0.005962646299573131,0.00470007676827894,0.007201275699342553,0.005958070961441765
2023-06-12,1.0750954151153564,1.25809907913208,139.37100219726562,15.010000228881836,-0.002950108908663662,0.001709581824986606,0.003651574961287599,0.08187652073388114,0.003773493561097731,0.0037497392984415494,0.0038278456664905315,0.0047177761627463025,0.005107060932244868,0.0055304870374892545
2023-06-13,1.0762988328933716,1.2515331506729126,139.4600067138672,14.609999656677246,0.001118733030584114,-0.005232594132689763,0.0006384119181872803,-0.027010458630547705,0.003771929387645866,0.0035568701055774155,0.0051556470954877195,0.004396525573792757,0.004389876088165979,0.005527407348902908
2023-06-14,1.078934907913208,1.2606843709945679,140.177001953125,13.880000114440918,0.0024462092295930112,0.0072854048022477184,0.005128053785916707,-0.05125723893976474,0.0035827933256853558,0.0034425343285209103,0.005642582562245121,0.004530314469055672,0.004951144056432568,0.00528392481186062
2023-06-15,1.084304690361023,1.26708984375,139.9770050048828,14.5,0.004964585042939019,0.005068084347643957,-0.0014277645669857327,0.04369968610284749,0.0038075268216559177,0.0035921596888445328,0.005644866208994268,0.0044843883070828094,0.004931084171037949,0.005318609707624581
2023-06-16,1.0945948362350464,1.278576135635376,140.26800537109375,13.539999961853027,0.0094453390353827,0.00902425528661218,0.0020767575516081388,-0.06850038475975376,0.004600312835516298,0.004126241240786924,0.005629036441988404,0.0047474636212126425,0.002555430755823715,0.005310734472235054
2023-06-19,1.0942115783691406,1.2830382585525513,141.86700439453125,13.539999961853027,-0.00035019805065028125,0.0034838400661837124,0.01133511325175342,0.0,0.0038436275038661485,0.004080518453390632,0.005537542684722813,0.004765972311357744,0.004962967121155588,0.0055160993404355235
2023-06-20,1.0924304723739624,1.2794759273529053,141.8990020751953,13.880000114440918,-0.0016290790607261115,-0.002780342457470001,0.00022552159222851648,0.024800698656906404,0.00442599821902145,0.003866533944229987,0.004542878528561379,0.004603914832951882,0.005026554010539747,0.005359632552146323
2023-06-21,1.0920368432998657,1.276535987854004,141.3350067138672,13.199999809265137,-0.00036038907566404775,-0.0023004124338375106,-0.003982545098905206,-0.050232148180967114,0.004680537537936336,0.003778097383108553,0.005026302750381165,0.004631450871840329,0.0058568501223372925,0.00519995160110293
2023-06-22,1.0992635488510132,1.2772045135498047,141.68800354003906,12.90999984741211,0.006595838504738627,0.0005235658914480154,0.0024944756887156465,-0.022214622103519467,0.004951758524727106,0.003982956205080599,0.004853536481456442,0.004577275058999974,0.005599340116756828,0.005041295306353121
2023-06-23,1.0958904027938843,1.2747135162353516,143.02999877929688,13.4399995803833,-0.0030732684689764585,-0.0019522555791689974,0.009426907793134157,0.04023311083432769,0.0037274867506996885,0.003944504610029133,0.0026179147096862514,0.004594354043602323,0.00639217150426545,0.005337632982910483
2023-06-26,1.0906671285629272,1.2729610204696655,143.54100036621094,14.25,-0.004777632503592157,-0.001375761320256983,0.0035663212958864598,0.05852160284113717,0.004371905194134117,0.004102168329401094,0.0012811176205894425,0.004500689492319388,0.0049040135584049295,0.005302861360922696
2023-06-27,1.091048002243042,1.2711971998214722,143.4600067138672,13.739999771118164,0.00034915070130469645,-0.0013865654397702324,-0.000564413730236747,-0.03644563657852305,0.004350486177884929,0.004019781212391716,0.0010914295211993962,0.00437083176539999,0.005001172138326598,0.0052445624292468355
2023-06-28,1.0957223176956177,1.2744698524475098,143.8820037841797,13.430000305175781,0.004275092385421326,0.0025711566844827515,0.002937248006142227,-0.02282023687755186,0.004793325633366096,0.004081457702477618,0.001869944088990093,0.004373608464479237,0.0036384703083326745,0.00514438614004084
2023-06-29,1.0915838479995728,1.2642544507980347,144.38900756835938,13.539999961853027,-0.0037840835446616475,-0.008047708662380717,0.003517553184217545,0.008157231408190429,0.003713430413034382,0.0041772774026274445,0.003815468596790711,0.00481615925920235,0.003591177120492441,0.005090515003268046
2023-06-30,1.0868029594421387,1.2614636421203613,144.77999877929688,13.59000015258789,-0.004389391468143035,-0.002209913941933653,0.0027042417453373335,0.0036859747242309056,0.003903293639448965,0.004308628406063705,0.0038157571423381095,0.004778746908535539,0.0017155900366741083,0.004923724665473045
2023-07-03,1.0907504558563232,1.2693254947662354,144.3979949951172,13.569999694824219,0.0036256293054998654,0.0062129853657162,-0.0026419991465990392,-0.0014727880332322733,0.0040351080344483235,0.004254002125173058,0.005365350857525804,0.0049023151163378,0.0026704630261711257,0.00481249842741301
2023-07-04,1.091309905052185,1.269293189048767,144.58399963378906,13.569999694824219,0.0005127715237786305,-2.5451413933077184e-05,0.0012873097135165954,0.0,0.004039154038487597,0.004091118215835014,0.005348192605020369,0.004751426931374873,0.002488436695045694,0.004712055723968209
2023-07-05,1.0884946584701538,1.2717629671096802,144.406005859375,14.180000305175781,-0.002583028033271871,0.00194389945507432,-0.0012318335827415732,0.04397109126777171,0.0033506098944951004,0.0039036765476480354,0.005270810617569824,0.004381820251238589,0.0026075756560637797,0.004342193099037913
2023-07-06,1.0856584310531616,1.2704542875289917,144.48899841308594,15.4399995803833,-0.002609042610231512,-0.001029557716909822,0.0005745516867140612,0.08512897479383684,0.0031713023308671423,0.003968095363766011,0.0032991677281894952,0.00440112910808302,0.0021036827919631864,0.004037194257655609
2023-07-07,1.0890636444091797,1.2742749452590942,143.9510040283203,14.829999923706055,0.0031316333957207934,0.0030028032465891016,-0.003730377229878995,-0.04030936641410981,0.0029929417324414597,0.003979363015824009,0.0028300392739584886,0.004410499102797378,0.0021098370960831803,0.00419565691476034
2023-07-10,1.0969723463058472,1.2838947772979736,142.20899963378906,15.069999694824219,0.007235687276283276,0.007520906293838734,-0.012175187944150229,0.016053841382581882,0.004166342882186759,0.0042087014428939815,0.0033305687818532977,0.004616277701856705,0.005454062645431375,0.005084607865830012
2023-07-11,1.100594401359558,1.2864713668823242,141.2969970703125,14.84000015258789,0.0032964262291078506,0.0020048431257251075,-0.006433766622086157,-0.015379744366417212,0.0042471755735205485,0.004031409514129683,0.0030942166604795668,0.0042909552940597565,0.004990564698889172,0.005012037841926619
2023-07-12,1.101406455039978,1.2934770584106445,140.1179962158203,13.539999961853027,0.0007375598559580265,0.005430890539350536,-0.008379139567882702,-0.09167798335466223,0.0036252007913588212,0.00393791594646577,0.0032722550094954846,0.004388718356116452,0.004805028083599074,0.005331096058031632
2023-07-13,1.1144545078277588,1.29962956905365,138.31500244140625,13.609999656677246,0.011777095963888725,0.004745290550656718,-0.012951187430179112,0.005156526770827636,0.004336212461611483,0.004548720238680776,0.0021512567402643514,0.00419713606676664,0.0038755543026051478,0.006025214516255375
2023-07-14,1.1223469972610474,1.3128528594970703,138.0749969482422,13.34000015258789,0.007056971456513566,0.010123247701705987,-0.0017367166251973244,-0.020037739511752393,0.004213649975227975,0.004694253376996334,0.0030482648696937916,0.004414496161689109,0.004560981522397534,0.00590318588940102
2023-07-17,1.1227755546569824,1.3090204000473022,138.6820068359375,13.479999542236328,0.00038176749039734993,-0.002923453424265665,0.004386598010151639,0.01044001959958077,0.004794428199862059,0.004648271487630112,0.00479414354395578,0.004464993896336137,0.006622882382263577,0.005997828924709052
2023-07-18,1.1237596273422241,1.307172417640686,138.72900390625,13.300000190734863,0.0008760804247072025,-0.0014127266931334872,0.0003388262826078277,-0.013443021956755858,0.0050789931580659435,0.0043045423560647,0.005340173533612907,0.0041699418908761636,0.006946824198966449,0.005974744842565691
2023-07-19,1.1228890419006348,1.303508996963501,139.02699279785156,13.760000228881836,-0.0007750081239522248,-0.0028064880388937166,0.0021456890901762385,0.03400179957037673,0.005370897400719028,0.00431275014924701,0.005733211674920401,0.004207398623340495,0.006754443430599369,0.0054015574368536795
2023-07-20,1.120523452758789,1.2939791679382324,139.59800720214844,13.989999771118164,-0.0021089211406578354,-0.007337759542718182,0.00409880810212766,0.01657692317794938,0.003530700424991927,0.004328795115681443,0.006537289334595428,0.004490586384444505,0.0025849093369790825,0.005502818336262059
2023-07-21,1.113709807395935,1.2872332334518433,139.86399841308594,13.600000381469727,-0.006099333142796828,-0.005226962214834302,0.0019035953790860188,-0.028272951525750628,0.0027940520873915827,0.004589479397960009,0.002340211390269426,0.004619376434634155,0.0016762639230734609,0.0054808653303323645
2023-07-24,1.112532615661621,1.2853471040725708,141.75,13.90999984741211,-0.0010575594390251743,-0.0014663329962630446,0.013394432058636104,0.02253817417444661,0.002614263881513064,0.004423711829187128,0.002577386569703717,0.004635869689917873,0.0052152371654577276,0.006206727958079232
2023-07-25,1.1063170433044434,1.281262755393982,141.52200317382812,13.859999656677246,-0.0056025324565005105,-0.0031826824877288396,-0.0016097381516743281,-0.003601025974701848,0.002540371325235797,0.004553205244698071,0.002299888064245649,0.004671480107369005,0.005647272718514412,0.005845713888106969
2023-07-26,1.1050456762313843,1.2893908023834229,140.91299438476562,13.1899995803833,-0.0011498495492449896,0.006323741331342038,-0.0043125656395275784,-0.049548034075017525,0.0024577352464157207,0.004419332149101723,0.005237240485612678,0.0048309151157495175,0.006795432133828746,0.005827218110016869
2023-07-27,1.1078368425369263,1.292724609375,140.36700439453125,14.40999984741211,0.002522653382695378,0.0025822307003454605,-0.0038821862794259938,0.08846346450642487,0.003586905778749505,0.0044378228070604386,0.004638700569275982,0.004827969041905678,0.007301704331872064,0.005862573276103263
2023-07-28,1.0978755950927734,1.2793776988983154,138.86399841308594,13.329999923706055,-0.009032288158556577,-0.010378304340611356,-0.010765427063173676,-0.07790527095526234,0.004493465052713753,0.004817181269710888,0.006307777764695379,0.005357416767499126,0.008961983073426034,0.0061464133461894945
2023-07-31,1.1024264097213745,1.2853965759277344,140.75799560546875,13.630000114440918,0.004136542263487282,0.004693503157475829,0.013547047075925307,0.022256125637552852,0.005502559818891401,0.004809892299578318,0.006828707129428501,0.005109154466797833,0.009025153920851408,0.006874001737169891
2023-08-01,1.0997591018676758,1.283400535583496,142.322998046875,13.930000305175781,-0.0024224200404568785,-0.0015540664827262747,0.011057036120254103,0.021771555594829822,0.0051278113776587935,0.004733338962575059,0.006675609858479985,0.005092925421451748,0.010594501095407587,0.007314055197269964
2023-08-02,1.1007881164550781,1.2795741558074951,142.97000122070312,16.09000015258789,0.0009352352486126049,-0.0029858918480233304,0.004535717909010211,0.14415316078816753,0.00521582752340422,0.004684286865023326,0.005832133222352341,0.005002767424618325,0.010189631471789095,0.007386676962210811
2023-08-03,1.0944151878356934,1.2720379829406738,143.343994140625,15.920000076293945,-0.00580624720349853,-0.005907006527755758,0.0026124683996537387,-0.010621785279120641,0.00523051838154651,0.004868216927924384,0.005565851162017257,0.005178714600162337,0.009499778537543179,0.007406908662601754
2023-08-04,1.095158338546753,1.2716336250305176,142.59800720214844,17.100000381469727,0.000678808663551108,-0.0003179324817678507,-0.005217761835847311,0.07150230060821486,0.0037682514630097176,0.00483121210491245,0.0039045193803908915,0.005162754644516104,0.007409238818186187,0.0074768613344310285
2023-08-07,1.1002674102783203,1.2747948169708252,141.87600708007812,15.770000457763672,0.004654296286017525,0.0024828450013374393,-0.005076046570797903,-0.08096905581433864,0.0039309658197845794,0.00487256743135687,0.0031132989357926235,0.005183816304180908,0.006894363075224563,0.007532422733696375
2023-08-08,1.100315809249878,1.2782002687454224,142.5240020751953,15.989999771118164,4.3987404008198875e-05,0.002667810692960191,0.004556934568167201,0.013854082529355417,0.0037636796521440937,0.004840767270397643,0.003670629579271463,0.005175538322474484,0.005018872072854004,0.007587466775448453
2023-08-09,1.0958904027938843,1.2741613388061523,143.2779998779297,15.960000038146973,-0.0040300518423631165,-0.003164859789924298,0.005276376980325007,-0.0018779181199778247,0.00412620011593066,0.004684005480971356,0.0036978984238599153,0.004946186729301737,0.00518401120990536,0.0072062466880032875
2023-08-10,1.0977671146392822,1.2720056772232056,143.7270050048828,15.850000381469727,0.0017110349162028462,-0.001693260563366746,0.003128903577491057,-0.006916070021043906,0.003139418070443383,0.0046421608185314754,0.0025625258086253155,0.004925287952955723,0.005243163471962057,0.007065204787048215
2023-08-11,1.0981649160385132,1.2670094966888428,144.85400390625,14.84000015258789,0.0003623075742100826,-0.003935531409398014,0.007810663876548767,-0.0658432763693428,0.0031409149922609608,0.004639560339832921,0.003122471994388713,0.004789895016805544,0.004896183554505533,0.00690770880200039
2023-08-14,1.094439148902893,1.2695027589797974,144.81700134277344,14.819999694824219,-0.0033984892951348677,0.001965898716531198,-0.0002554799272782654,-0.0013486487456545642,0.0025104828480826927,0.003844298711075565,0.002995530999690937,0.004667909332278206,0.002969631775040385,0.006128330194528876
2023-08-15,1.0909883975982666,1.2685203552246094,145.43699645996094,16.459999084472656,-0.003157967124503774,-0.0007741488237465103,0.004272093165504745,0.1049555403517943,0.0025655366238182733,0.0034430789888358904,0.002306412693813024,0.003946445073595559,0.002961479100095563,0.00608348678837214
2023-08-16,1.0904173851013184,1.2701315879821777,145.60800170898438,16.780000686645508,-0.0005235270892915599,0.0012693610703311802,0.0011751122319749133,0.0192546023319537,0.0022272282587865707,0.0034275462089135484,0.0023677014120172045,0.003978646366900581,0.0031003920830217756,0.006071089514292913
2023-08-17,1.0874884128570557,1.2728151082992554,146.33299255371094,17.889999389648438,-0.0026897159765402793,0.0021105604117766566,0.004966704569228319,0.06405412144418428,0.0016928231419872765,0.0034025134271118214,0.002546432779734081,0.004047199701526599,0.003193504971183604,0.006083142715614414
2023-08-18,1.0874648094177246,1.275022268295288,145.71400451660156,17.299999237060547,-2.170477883410121e-05,0.0017325756882546864,-0.0042389681811068015,-0.03353540600052895,0.0015698160800143148,0.003413836849084614,0.0011814100952346723,0.004077558272146155,0.003719070399499466,0.006247216030132493
2023-08-21,1.087559461593628,1.2741937637329102,145.30499267578125,17.1299991607666,8.703551240746353e-05,-0.0006500073600193368,-0.002810896292483653,-0.0098751940591841,0.0015440719008780947,0.003425952232948364,0.0013572587646491897,0.00382433874391255,0.004120268554416804,0.006317104089532335
2023-08-22,1.0898351669311523,1.2760798931121826,146.23800659179688,16.969999313354492,0.0020903019933335067,0.0014791586919311363,0.006400545398707552,-0.009384224560183918,0.0017075094013691379,0.0033297358328737855,0.0010744002877467876,0.003711970485697396,0.004659734632719279,0.006392203707642836
2023-08-23,1.0846692323684692,1.2731555700302124,145.76300048828125,15.979999542236328,-0.004751376251991785,-0.002294275603004071,-0.003253458111395145,-0.060109127091726666,0.0026739643132884772,0.003425326090226494,0.0018841056407557042,0.003727507968015479,0.005046378064359828,0.005952544828014463
2023-08-24,1.086578607559204,1.2720541954040527,144.67300415039062,17.200000762939453,0.001758781883683745,-0.0008654490563892772,-0.007505966463987352,0.07357151648426023,0.0027343279679707547,0.0033281317160534004,0.0016995161735010628,0.003678533078343599,0.005189643689938198,0.006215268242538139
2023-08-25,1.07991361618042,1.2592872381210327,146.06700134277344,15.680000305175781,-0.006152814519424532,-0.010087193587144596,0.009589377782542749,-0.09252339379134855,0.0038141889819348984,0.0035174061037918348,0.004459103330577635,0.00392138553276614,0.00718640927018594,0.006354464972599354
2023-08-28,1.0797386169433594,1.2589701414108276,146.531005859375,15.079999923706055,-0.00016206242353233513,-0.00025183820721287305,0.00317162040847075,-0.0390166768644729,0.0037915740983305146,0.003433275913775027,0.0045033699582539225,0.003841294596915605,0.006996208350377232,0.006239864974119834
2023-08-29,1.0825556516647339,1.2611136436462402,146.46400451660156,14.449999809265137,0.0026055993913908,0.001701136101140356,-0.00045735484611409685,-0.04267495616173323,0.003916580507415372,0.0030375875368760727,0.004552051581337412,0.0032912083003883118,0.006493691470313635,0.005592792432708799
2023-08-30,1.0869210958480835,1.2636793851852417,145.98800659179688,13.880000114440918,0.004024426701278006,0.0020324378219653636,-0.0032552236062648623,-0.040245438035115294,0.0039718265612327455,0.0030292772112208094,0.004960485774770755,0.003130302335591654,0.006493933642088767,0.005129274201886405
2023-08-31,1.0932546854019165,1.271179437637329,146.0989990234375,13.569999694824219,0.005810180468786455,0.0059175479680048035,0.0007599957194207501,-0.022587511965907553,0.004666980118201573,0.003295865437174521,0.005995045755216188,0.0034324320702351064,0.004851741625122226,0.004681013070279525
2023-09-01,1.0844104290008545,1.2672826051712036,145.47300720214844,13.09000015258789,-0.008122741160144649,-0.0030702334417289988,-0.004293915531971763,-0.036012859779136375,0.0054611141020978185,0.0036814041981288958,0.0032985004912892053,0.0034354627180850804,0.0030232105607164365,0.004758399123810823
2023-09-04,1.07758629322052,1.2591445446014404,146.0570068359375,13.09000015258789,-0.006312829592228983,-0.006442369586948309,0.004006451389890082,0.0,0.006359595138579831,0.0037164037251046687,0.004821012945297233,0.0034776776684169054,0.003308059486328608,0.004792993520313271
2023-09-05,1.0794472694396973,1.2623074054718018,146.54299926757812,14.010000228881836,0.0017254962677647017,0.0025087628809751946,0.003321892470350267,0.06792278510731134,0.006267148946764465,0.003741568900667418,0.004903913988158422,0.0035350400708905826,0.003762986171810403,0.004620696962403658
2023-09-06,1.0726161003112793,1.2570552825927734,147.4709930419922,14.449999809265137,-0.006348504572645787,-0.004169411980642347,0.006312603347579566,0.030923024672847757,0.006077947292102105,0.003733189743376389,0.005101500648051176,0.0035669318535823578,0.004047236306527497,0.004516115587785017
2023-09-07,1.0724204778671265,1.2498750686645508,147.70899963378906,14.399999618530273,-0.00018239543948600666,-0.005728307177427921,0.001612620430119665,-0.003466221267795236,0.004333065810534809,0.0037300325595435633,0.0035457477513387435,0.0036448195322484243,0.003998469824150643,0.004472641141670164
2023-09-08,1.0697818994522095,1.2475050687789917,147.33099365234375,13.84000015258789,-0.0024634271506727887,-0.0018979894662347592,-0.002562406432192755,-0.03966521887634129,0.0036173922321274567,0.003687487290801024,0.003609557048072714,0.0036192137290753912,0.003312436421024783,0.0044800726637344995
2023-09-11,1.071811318397522,1.2489992380142212,147.11300659179688,13.800000190734863,0.0018952427901443828,0.0011970092817955962,-0.0014806693306166098,-0.0028943552301342276,0.003435092593780054,0.0036943674339583957,0.0034798409238270566,0.0036437428863321224,0.0036008035140735303,0.004496654911408243
2023-09-12,1.0750375986099243,1.2508755922317505,146.67799377441406,14.229999542236328,0.003005598219411332,0.0015011588157834202,-0.0029613782229797134,0.03068377394831886,0.0037309345962062875,0.0037856247586883517,0.0031989499715164072,0.003607246366061994,0.003866781983881515,0.004308959046976133
2023-09-13,1.075326681137085,1.2491724491119385,147.1580047607422,13.479999542236328,0.00026886842534049965,-0.0013624885243159678,0.003267206303627141,-0.0541453084074137,0.0020931791957616336,0.003754093458343191,0.0029173694699776973,0.003564821907585716,0.002734064870297773,0.004342194336538605
2023-09-14,1.0734220743179321,1.248953938484192,147.3459930419922,12.819999694824219,-0.0017727594378955903,-0.00017493961025252932,0.0012766434967593065,-0.0502006438375704,0.0023310251227016132,0.003724173372101533,0.0015055683731546845,0.0035667876589004126,0.0026749584308332695,0.004272200780936389
2023-09-15,1.0637166500091553,1.2401869297027588,147.48199462890625,13.789999961853027,-0.00908269633529821,-0.007044233732153566,0.0009225826736127158,0.07293726135107188,0.0047924514233182855,0.004126105382432116,0.003473881724524403,0.003781416424628053,0.002444784458345256,0.004270900628435414
2023-09-18,1.0668259859085083,1.2397565841674805,147.8679962158203,14.0,0.002918822702197699,-0.00034706075940116614,0.0026138602922056104,0.015113640576325997,0.0049728343638267645,0.004197591014026648,0.0032729343046005743,0.003718309361548553,0.0024247156443832846,0.004184439464430544
2023-09-19,1.0692671537399292,1.2383747100830078,147.60499572753906,14.109999656677246,0.0022856390003425054,-0.0011152550560248676,-0.0017802003222561014,0.00782641191758886,0.004838919179124505,0.004248364657959178,0.002859027596672769,0.0036606179399567285,0.0019505614763446204,0.0040841922789295
2023-09-20,1.0682048797607422,1.2393569946289062,147.74200439453125,15.140000343322754,-0.0009939536517845262,0.0007928902031578533,0.0009277810627052327,0.07045652915299092,0.004783790290286217,0.004244265066237527,0.0031304454128716665,0.0036861363369667627,0.0015973225240762878,0.004013281885448018
2023-09-21,1.065303087234497,1.2328935861587524,148.3209991455078,17.540000915527344,-0.0027202094957808733,-0.0052287767641613315,0.0039112991639461995,0.1471437684547391,0.004824355580745744,0.004211181544993996,0.0033709392134337666,0.003725983124680682,0.0021396214444328655,0.0038794241523336186
2023-09-22,1.0661548376083374,1.2294225692749023,147.6439971923828,17.200000762939453,0.0007992186092448136,-0.002819312357847609,-0.004574886505379768,-0.01957461096422612,0.002330317992565364,0.004143647378778751,0.0023496029386391626,0.003732552650470097,0.003422314555106326,0.003952171387232608
2023-09-25,1.0648492574691772,1.2241849899291992,148.4340057373047,16.899999618530273,-0.00122531937458651,-0.004269295047977445,0.00533650194842206,-0.017595828819496954,0.0019406094689914937,0.0041051586735587516,0.0024205023481365844,0.0037714845525903384,0.004056376297886477,0.0036363587875092693
2023-09-26,1.0591648817062378,1.2213143110275269,148.81100463867188,18.940000534057617,-0.005352496698744066,-0.002347725242941736,0.0025366219136105906,0.1139625165984174,0.002299693545995564,0.0040598591489934095,0.0023004512794806446,0.0032858405712477227,0.0038326929721514804,0.0031347324738593
2023-09-27,1.0569483041763306,1.2146830558776855,149.0449981689453,18.219999313354492,-0.0020949525340855537,-0.005444399587574013,0.0015711859167157655,-0.03875626180982169,0.0022434458230049226,0.004064453075192952,0.0013955589439806535,0.003385056822687488,0.003814084403423931,0.003096529603490383
2023-09-28,1.0505305528640747,1.2135332822799683,149.4980010986328,17.34000015258789,-0.006090472631852323,-0.0009470109113250844,0.003034760677490007,-0.04950387399329117,0.0028841496260690255,0.004122630439723359,0.0017408361568360784,0.0033072350900325257,0.0037089575046079545,0.0031198613284205475
2023-09-29,1.0562450885772705,1.2204796075820923,149.33700561523438,17.520000457763672,0.005424924814573403,0.005707729970754634,-0.0010774875456852333,0.01032713148414973,0.004572261201895742,0.004219487824386457,0.004364491536465936,0.0035881889282801597,0.0023319981866690097,0.003013414382634949
2023-10-02,1.0565240383148193,1.2193039655685425,149.5399932861328,17.610000610351562,0.0002640607869730246,-0.0009637265513868803,0.0013583360570083216,0.005123845531178813,0.004671998532745846,0.003930131385339895,0.004073231646425719,0.0031801203159247,0.0015888266499212921,0.0030135525182306065
2023-10-03,1.0480751991271973,1.209116816520691,149.8509979248047,19.780000686645508,-0.008028972380780982,-0.00838998651356148,0.002077582557050246,0.11620440374120897,0.005321883090378628,0.0039227115396002835,0.0053452616046704236,0.0034634547185367157,0.0015248189929754064,0.002771116155378165
2023-10-04,1.0472300052642822,1.2078461647033691,149.19200134277344,18.579999923706055,-0.0008067501641140518,-0.0010514450939095596,-0.004407377202571008,-0.06258563162924412,0.005353583598715385,0.003777258793693366,0.004988217414189328,0.003332472044610019,0.0029900997328209454,0.0029608238980777628
2023-10-05,1.0507071018218994,1.2137395143508911,148.96600341796875,18.489999771118164,0.003314779770723716,0.0048673572308590785,-0.0015159610976552065,-0.0048556962591010805,0.005138017563021399,0.0038523061242683697,0.005672075281698726,0.003513752776094468,0.002574092300075786,0.0029571183041991636
2023-10-06,1.0546631813049316,1.2187690734863281,148.46299743652344,17.450000762939453,0.003758088703719646,0.004135291713231567,-0.003382363250042667,-0.057890340650457284,0.0047393747158766255,0.003814860433737235,0.005310945699588602,0.003687035787552601,0.002847544942229552,0.002806524600208764
2023-10-09,1.056747317314148,1.222090482711792,149.16000366210938,17.700000762939453,0.0019741653150437614,0.0027215095330353203,0.004683828180418955,0.014224990313812625,0.004850634936654418,0.003858066388925734,0.005446413044281558,0.003655304811157397,0.0038119353866380022,0.002947519659502441
2023-10-10,1.0578875541687012,1.2250398397445679,148.32699584960938,17.030000686645508,0.0010784244414369746,0.002410462927758579,-0.005600311886137521,-0.03858814768935068,0.0018340191807098938,0.003853526474131091,0.00228475304680361,0.0037209555075470497,0.0040486608395474315,0.0031586849872466956
2023-10-11,1.0604791641235352,1.229135513305664,148.6280059814453,16.09000015258789,0.0024468013261512104,0.003337721861062138,0.0020273121050375267,-0.056778564506664936,0.0010660462297663847,0.0038716594023506558,0.0010115064275643532,0.0038034537340897747,0.004131622807988917,0.0031527214530444937
2023-10-12,1.0624282360076904,1.2316333055496216,149.03599548339844,16.690000534057617,0.0018362293444184133,0.002030091638563178,0.002741277114028936,0.03661179918471129,0.0009909663404183845,0.0038292774993230016,0.0008279708325237327,0.0038198567476593337,0.004368139873827361,0.003091369127307744
2023-10-13,1.0536741018295288,1.2183235883712769,149.7899932861328,19.31999969482422,-0.008273875947999566,-0.010865373307166687,0.0050464111636616465,0.14633104331612187,0.0045469732080895345,0.004162390010788011,0.006052028817465822,0.0043922005514375395,0.004317287344367858,0.003182960655414014
2023-10-16,1.0521553754806519,1.215376853942871,149.5659942626953,17.209999084472656,-0.0014424022728840294,-0.002421609346154062,-0.0014965397357032775,-0.11565025596248249,0.004395060433845921,0.004159779583214787,0.005893287513807784,0.004394893716829866,0.004159817246140396,0.0032181439662186434
2023-10-17,1.0554312467575073,1.2211503982543945,149.5780029296875,17.8799991607666,0.0031086493721078946,0.004739167281894353,8.02868659331054e-05,0.03819216578233453,0.004703165743287916,0.0038170655258048056,0.006317028818144923,0.004371646161999615,0.0025114311370190764,0.0032201270341502405
2023-10-18,1.057305932044983,1.2178784608840942,149.75900268554688,19.219999313354492,0.0017746511949462836,-0.0026829853371925796,0.001209337800026943,0.07226864500819706,0.00460777260239286,0.0037779231409191013,0.005932312120022058,0.004390911246641506,0.0025097717246053957,0.0031929685354235584
2023-10-19,1.053851842880249,1.214343786239624,149.74200439453125,21.399999618530273,-0.0032722255890128117,-0.0029065412398521467,-0.00011351074375074669,0.10743953638554433,0.004497755876155664,0.003775087253409373,0.005523896728764051,0.004413405349229683,0.002485997681597348,0.0031538949879255243
2023-10-20,1.0586491823196411,1.2137248516082764,149.802001953125,21.709999084472656,0.004541865427760706,-0.00050981643196215,0.0004005926216161186,0.014382037517315394,0.003232328110982676,0.0039329662504972145,0.003215968896613147,0.004398454670917426,0.0009849681301911325,0.003153713493128853
2023-10-23,1.0589966773986816,1.2163970470428467,149.8800048828125,20.3700008392334,0.000328189985652953,0.0021992283704641994,0.0005205713367485457,-0.06370967028123974,0.0029939851405853682,0.0039012127577513797,0.0032810750972973738,0.004339054750259008,0.0005083263341176998,0.003067358902769795
2023-10-24,1.0669853687286377,1.2250248193740845,149.7689971923828,18.969999313354492,0.007515330568956494,0.0070678553070097514,-0.0007409181725228495,-0.07120452368766046,0.004103791013316164,0.004237165315327283,0.00414398880821965,0.004603548331083353,0.0007297497734419178,0.0028692898256946326
2023-10-25,1.059535264968872,1.216189980506897,149.85400390625,20.190000534057617,-0.007006876982751212,-0.007238099194775863,0.0005674245023666146,0.0623287110258037,0.005833801144770508,0.00449078305644545,0.005373643966615669,0.004770151337510036,0.0005556195399684435,0.002671674393622923
2023-10-26,1.056725025177002,1.210345983505249,150.09800720214844,20.68000030517578,-0.0026558561409556923,-0.004816749792490422,0.0016269492497756864,0.023979605620941095,0.0057420330233804405,0.00437966100495906,0.005667174038017988,0.004849068053517902,0.0008398808755871277,0.0026444640523167182
2023-10-27,1.0564459562301636,1.213710069656372,150.36599731445312,21.270000457763672,-0.000264123396465434,0.0027755862381520354,0.0017838421863541954,0.028130586336432287,0.005290073310921932,0.004357382683252229,0.005875504060985194,0.004758527047408784,0.0010181681577013718,0.0026493658371613818
2023-10-30,1.0562450885772705,1.2113723754882812,149.73300170898438,19.75,-0.00019015336292734387,-0.0019279302415927048,-0.004218584842235261,-0.07414415938657903,0.005276889776961833,0.004142332655220807,0.0057779691035784635,0.004772041903547328,0.002464947277192359,0.002755217836649636
2023-10-31,1.061503529548645,1.2165746688842773,149.11099243164062,18.139999389648438,0.00496607740248526,0.004285349937422634,-0.004162775145270746,-0.08503408030686435,0.0043477384939287185,0.004116090111362806,0.004893715212751111,0.004698954715705661,0.003057721653903579,0.0028916243402624226
2023-11-01,1.0579099655151367,1.215214490890503,151.29400634765625,16.8700008392334,-0.0033910961552048305,-0.0011186645274341943,0.01453406136968434,-0.07258246473530151,0.003272980716914666,0.004187616899943722,0.0036779319974975387,0.004700355082215491,0.007646912329642717,0.004247735810007159
2023-11-02,1.05870521068573,1.2182197570800781,150.5749969482422,15.65999984741211,0.0007514310744385675,0.0024699806209761694,-0.004763726989359859,-0.07442726548610695,0.0030054553614302466,0.0037784372639197254,0.0026799228640786437,0.004351381710808637,0.008219275053873805,0.004377487084834514
2023-11-03,1.0619093179702759,1.2191851139068604,150.4969940185547,14.90999984741211,0.003021869066246271,0.0007921186084014931,-0.0005181679716025322,-0.04907756227614069,0.0031848351829955085,0.0038054507387199677,0.0025499640940284877,0.004341029973570445,0.00820326195775612,0.004258672489421611
2023-11-06,1.0732147693634033,1.237378716468811,149.44900512695312,14.890000343322754,0.010590070261934715,0.01481250761018666,-0.006987878878628184,-0.0013422487895297923,0.005176900054666613,0.00432963195881883,0.006235298168182037,0.005248632218577343,0.008655039425981345,0.004526986388711342
2023-11-07,1.0721560716629028,1.2345526218414307,149.98899841308594,14.8100004196167,-0.0009869601713547505,-0.0022865488332045178,0.003606715681505788,-0.005387213140145018,0.005347388464008758,0.004301884119166818,0.006884405071305562,0.005237343535054285,0.008502141586994062,0.004512715579488996
2023-11-08,1.0696102380752563,1.2291808128356934,150.39599609375,14.449999809265137,-0.0023773226566195147,-0.004360713251338171,0.0027098419505884965,-0.024608255254246005,0.005105773628071861,0.004342653918573935,0.007487755368877456,0.005316814537354081,0.00461127772043924,0.004443934562205805
2023-11-09,1.0710422992706299,1.2285012006759644,150.86399841308594,15.289999961853027,0.0013379671703129812,-0.0005530513494545907,0.0031069687601952825,0.05650461608727744,0.005070795183736517,0.004344510125698384,0.0075904764398805205,0.005297320690231819,0.004426299244051053,0.004270781009767764
2023-11-10,1.0667576789855957,1.2217023372650146,151.3489990234375,14.170000076293945,-0.0040084442563240764,-0.005549645778618933,0.0032096635871789493,-0.07607195835929698,0.005755061958352341,0.004428313326436731,0.008275084897052047,0.0053791542354588795,0.0045487190603895325,0.004294716939747539
2023-11-13,1.069015622138977,1.2228227853775024,151.468994140625,14.760000228881836,0.0021144041770807375,0.0009167000826235925,0.000792523074434076,0.04079377559244869,0.00254363922862941,0.0044333976445648186,0.0026544158681465813,0.005361636463024227,0.0011050990053435184,0.004273346724555199
2023-11-14,1.0701825618743896,1.228063702583313,151.64599609375,14.15999984741211,0.0010910067705588759,0.0042767588134943095,0.0011678866367299228,-0.04149975718963313,0.002668874576560739,0.004001427209348831,0.003990513168337575,0.0048959896469378495,0.0011344785796372097,0.004165703687183178
2023-11-15,1.0878314971923828,1.2494533061981201,150.48500061035156,14.180000305175781,0.016357010041172345,0.01726739715776456,-0.007685415999248053,0.0014114651359527655,0.007648578397752982,0.005173902886245734,0.008586043485930102,0.0060309131455651,0.004498412554505918,0.00450623004291327
2023-11-16,1.0854581594467163,1.2422360181808472,151.21499633789062,14.319999694824219,-0.002184097901422437,-0.005793104405939185,0.00483922545253891,0.009824597595795924,0.008035856446142757,0.005219160733631903,0.009446297963967327,0.006158016228636874,0.004839876760206681,0.004609309202647272
2023-11-17,1.0853756666183472,1.2414957284927368,150.7050018310547,13.800000190734863,-7.600105306852202e-05,-0.0005961108408937951,-0.003378345223802907,-0.03698853423681555,0.007384354550867516,0.005225636191373013,0.008653754802697474,0.0061181056697038536,0.004802406592609332,0.004678695212454422
2023-11-20,1.090702772140503,1.2454540729522705,149.94200134277344,13.40999984741211,0.004896069984269191,0.0031832952959862074,-0.005075734122270568,-0.028667920069603205,0.0073623420327835675,0.005183430945841268,0.008562188187299143,0.006076582984951459,0.005012258385695922,0.004816467402149456
2023-11-21,1.0945948362350464,1.2509069442749023,148.36199951171875,13.350000381469727,0.0035620486609204824,0.004368662991798845,-0.010593331648098213,-0.004484272494153086,0.007197945123481239,0.005160770562303621,0.008563921168559547,0.006102094490333456,0.005831224852327308,0.005323191755637469
2023-11-22,1.0918222665786743,1.2544218301773071,148.15199279785156,12.850000381469727,-0.002536177693585343,0.0028059297002262,-0.0014165048154796834,-0.03817257239318107,0.003361031526472485,0.005227905709266503,0.0041187729024371195,0.006107381650476357,0.005612338368706512,0.0053225832818534725
2023-11-23,1.0890873670578003,1.2490007877349854,149.4600067138672,12.850000381469727,-0.0025080369331155557,-0.004330911510488993,0.008790118276507438,0.0,0.0034336422143146335,0.00510373443675952,0.0035463047349906045,0.006087050836760619,0.007095986967576674,0.005680222734622948
2023-11-24,1.0906314849853516,1.2533526420593262,149.63499450683594,12.460000038146973,0.0014168049098633336,0.003478212677638341,0.0011701152625100463,-0.030820324606726488,0.003417686531392966,0.004785867128439888,0.0035311775843005224,0.005829730778018512,0.007219236483438159,0.005685015307397338
2023-11-27,1.0940439701080322,1.2600330114364624,149.5709991455078,12.6899995803833,0.0031240227376338517,0.0053158456595098205,-0.0004277679168308524,0.018290732238712026,0.0029709598270299224,0.004715643756413359,0.0038400532097835256,0.0057169993502043884,0.006924883076177885,0.005672734725287403
2023-11-28,1.0958423614501953,1.2634397745132446,148.45199584960938,12.6899995803833,0.0016424521405813044,0.0027000609362243964,-0.007509545057752738,0.0,0.0025945835848409714,0.004697671119854239,0.0036878111125896993,0.005716426338899332,0.005855436347698567,0.005863901371317005
2023-11-29,1.100594401359558,1.2712295055389404,147.06300354003906,12.979999542236328,0.004327051344560121,0.0061465656382314665,-0.009400555242513816,0.022595427349522586,0.002582188188201715,0.0047114592526223695,0.004145888252983504,0.005723184043318231,0.007292052893159603,0.006115595104102625
2023-11-30,1.0973695516586304,1.2696397304534912,147.03900146484375,12.920000076293945,-0.002934399365846547,-0.0012513633290396147,-0.0001632227923654849,-0.004633171749536602,0.0027531630809710934,0.004764987064215045,0.0028840385965235014,0.005748441223021303,0.004821886271746663,0.006070708163725098
2023-12-01,1.0892059803009033,1.2631685733795166,147.99899291992188,12.630000114440918,-0.0074670270195374205,-0.005109878347126903,0.006507601469821409,-0.0227015588361216,0.004878668158922188,0.005036163716866289,0.0047125826396111035,0.005910291397838844,0.006386525803419449,0.005308997654111671
2023-12-04,1.088814616203308,1.2713103294372559,146.39300537109375,13.079999923706055,-0.00035937594202320786,0.0064248189678422435,-0.010910646279863538,0.0350093947727438,0.00450904803339539,0.005047744793189249,0.0049534663946183815,0.00599251187500044,0.007313250833214299,0.005666196536357392
2023-12-05,1.0837758779525757,1.2634079456329346,147.32699584960938,12.850000381469727,-0.004638469420250361,-0.00623533548904559,0.006359755023045028,-0.017740499168593812,0.004478177703781712,0.005183855972034307,0.006033544077618873,0.006238793863399869,0.008346573360751761,0.005895360110823602
2023-12-06,1.0793657302856445,1.2594457864761353,147.18499755859375,12.970000267028809,-0.004077545141317364,-0.0031410163529665526,-0.0009642955478698503,0.009295177888952625,0.0025869304654954016,0.004811671886923895,0.005008864744099286,0.005569179883810921,0.007117874662402469,0.005740285449984372
2023-12-07,1.076669692993164,1.2558711767196655,147.1840057373047,13.0600004196167,-0.0025009224510818134,-0.002842275717326824,-6.738625860519498e-06,0.006915137061659103,0.002634021172653084,0.004841088130375368,0.005010863233135092,0.005585100396823585,0.007116409961302622,0.0056625422968571
2023-12-08,1.079214334487915,1.258954405784607,144.2779998779297,12.350000381469727,0.002360648944021793,0.0024520432997196793,-0.01994155055723488,-0.05589806201597754,0.002877173435925337,0.00482676051044843,0.005046812352962044,0.0054743715115052535,0.010348989253313973,0.006905751482804587
2023-12-11,1.0765769481658936,1.2554770708084106,144.98300170898438,12.630000114440918,-0.0024467931186417952,-0.002765903326801175,0.004874512797379789,0.022418851461215666,0.0027569873587643353,0.004859311722163879,0.0031254604532778094,0.005526042554498806,0.010536469347702169,0.006976546881977693
2023-12-12,1.076658010482788,1.2554612159729004,146.0850067138672,12.069999694824219,7.529351741870235e-05,-1.262861424662276e-05,0.007572184084468728,-0.04535193559782461,0.0025378284813502966,0.004766638123147935,0.0024312931485100113,0.005336998555891762,0.010786101535606026,0.0071848276501227165
2023-12-13,1.0798670053482056,1.2570710182189941,145.27999877929688,12.1899995803833,0.0029760816224084843,0.0012814183591085017,-0.005525783589339935,0.009892899244538936,0.0025803918097070983,0.004784730556510797,0.002380706109475359,0.005336516203029063,0.010901331462418059,0.007210491729610559
2023-12-14,1.0886130332946777,1.2622915506362915,142.7729949951172,12.479999542236328,0.00806654911765613,0.004144333931081155,-0.01740698510721231,0.02351141719134706,0.003909967111357025,0.005052246876869784,0.00261150989994575,0.00533301972120268,0.012521318417051024,0.007890093481382488
2023-12-15,1.0993602275848389,1.2771391868591309,142.2790069580078,12.279999732971191,0.009823959841428205,0.011693806173446725,-0.0034659537785455704,-0.016155425287520307,0.005196519293293801,0.004215553575591257,0.005524491196397669,0.0046206682784145315,0.009845269087027377,0.007815097212550035
2023-12-18,1.0895264148712158,1.2672343254089355,142.31300354003906,12.5600004196167,-0.008985279259387994,-0.007785736989123047,0.00023891452281785374,0.0225452934750457,0.0074596463736902605,0.004647422386334842,0.007049886031765884,0.004776975412223192,0.009135717680374007,0.007668169151416014
2023-12-19,1.092382788658142,1.2651821374893188,142.7220001220703,12.529999732971191,0.002618234905509399,-0.001620735292874377,0.0028698009541015574,-0.002391446852206076,0.00734812038355835,0.004676040168790249,0.007192162109369497,0.004797265831949251,0.007831957016995798,0.007759260851484817
2023-12-20,1.0981045961380005,1.2732689380645752,143.88900756835938,13.670000076293945,0.005224244187125721,0.00637146645092603,0.008143538554759636,0.0870779087201619,0.0074223543500586695,0.004691921770461968,0.007499610409852359,0.004917468940332622,0.009632166274567427,0.008054415528610612
2023-12-21,1.0945708751678467,1.2641266584396362,143.5229949951172,13.649999618530273,-0.003223207515873198,-0.007206065304690368,-0.0025469553660763724,-0.00146416263251253,0.007345483816930542,0.004690805670490964,0.008545327089531199,0.0051538489386359874,0.00468027050823254,0.007818820892962411
2023-12-22,1.100618600845337,1.268499493598938,142.07000732421875,13.029999732971191,0.005509994507838045,0.0034532056783438277,-0.010175320792835015,-0.04648512304109983,0.006232384971097899,0.0047962182597994,0.006294383433416064,0.005169595552867657,0.006786051866166494,0.008034013646557129
2023-12-25,1.102657437324524,1.2677003145217896,142.3419952392578,13.029999732971191,0.0018507322966524104,-0.0006302177778270108,0.0019126337531634695,0.0,0.003522006718649278,0.004761800588340142,0.005182772299845762,0.005063795198274289,0.00685979194208325,0.007725918571832869
2023-12-26,1.1020255088806152,1.27048659324646,142.22999572753906,12.989999771118164,-0.0005732601708578364,0.002195488311232995,-0.0007871436477013161,-0.003074557580709151,0.0037532689979161184,0.004763708020471256,0.005151795046161135,0.005037302707343899,0.00667521786920018,0.0076962576592002705
2023-12-27,1.1043012142181396,1.272718071937561,142.46099853515625,12.430000305175781,0.002062891339460544,0.0017548562208197817,0.0016228322143631343,-0.044066882988488563,0.003256742991430799,0.00474089900986658,0.004245922126366826,0.004935311176798891,0.0049254322457240405,0.007732432826127973
2023-12-28,1.110864281654358,1.2800819873809814,141.3990020751953,12.470000267028809,0.005925594861729413,0.005769300922793701,-0.007482571779554829,0.0032128510314717836,0.002730215899986922,0.004879237516858723,0.0023474878074912216,0.005043971416018306,0.0055221898745400405,0.007731555228381162
2023-12-29,1.1068191528320312,1.2733986377716064,141.42999267578125,12.449999809265137,-0.003648070996618757,-0.005234709678285292,0.0002191472676783911,-0.0016051735149952427,0.0035397147761568985,0.004886868607044859,0.004062391909692148,0.005031086057363461,0.003836372759261645,0.007576137879621211
2024-01-01,1.1055831909179688,1.272999882698059,140.95199584960938,12.449999809265137,-0.0011173031398486696,-0.000313191414149289,-0.00338546580261574,0.0,0.003634875089259269,0.0048455532360117595,0.0040374529870645685,0.0050232560613752185,0.0035878851176970694,0.007574635509670454
2024-01-02,1.1038745641708374,1.2728800773620605,141.12600708007812,13.199999809265137,-0.0015466483428338857,-9.411703455507701e-05,0.0012337810870398963,0.05849620755206713,0.0037334634865192873,0.0045465636061716285,0.003973820464362435,0.004886543339746902,0.003857141707883247,0.0073760111319580435
2024-01-03,1.0941756963729858,1.2623074054718018,142.15499877929688,14.039999961853027,-0.008825030908954975,-0.008340789985565656,0.0072648444731912235,0.06169358073792997,0.005314427550810539,0.004970799219773324,0.005405330770263548,0.005024252536390648,0.005497129658956399,0.007367262771838667
2024-01-04,1.0927767753601074,1.2674272060394287,142.99899291992188,14.130000114440918,-0.0012793338874625213,0.0040477032922905274,0.0059195847139395415,0.006389808914936812,0.003262177987994383,0.004864811581056295,0.004840468734064565,0.004925381629824018,0.00434540144460863,0.007345936487768764
2024-01-05,1.0947387218475342,1.2684078216552734,144.76499938964844,13.350000381469727,0.0017937674187858852,0.0007734065142371079,0.012274146093975136,-0.05678379137481154,0.003946131338334401,0.004768966781271741,0.004570928136155806,0.004871454613706875,0.0059752714508653935,0.007900758340048362
2024-01-08,1.0942236185073853,1.271779179573059,144.71600341796875,13.079999923706055,-0.0004706370138586311,0.002654418667355506,-0.0003385090674162068,-0.020432073224587316,0.004000501694560696,0.004724672888737463,0.004832741256285068,0.004842290546388881,0.005030056197271428,0.00789958149665471
2024-01-09,1.095170259475708,1.274518609046936,144.22999572753906,12.760000228881836,0.0008647516893451855,0.0021516969013110794,-0.003364006770774134,-0.024769044342090624,0.004218134134326587,0.0047109089670620274,0.004947110064885755,0.004837158764205616,0.0062297675756646615,0.006680160195005474
2024-01-10,1.0932426452636719,1.2712942361831665,144.42799377441406,12.6899995803833,-0.0017616554045898074,-0.0025330806181679388,0.0013718524006141532,-0.005501047194517584,0.0014816766531269856,0.00469156839486036,0.0025004458125907516,0.004829788284313597,0.006096758835524417,0.0065993247142160675
2024-01-11,1.0975141525268555,1.274518609046936,145.73399353027344,12.4399995803833,0.0038995772423958907,0.00253308061816794,0.009001927421669186,-0.019897195079787117,0.002165324036830991,0.004738005796132594,0.002172595058595579,0.004845657238681287,0.006580591842448892,0.006685717350653863
2024-01-12,1.0981649160385132,1.2777756452560425,145.04600524902344,12.699999809265137,0.0005927674404056253,0.00255224331726502,-0.004732028116988931,0.02068492486626542,0.002102255955251819,0.004714797988279265,0.0022468639091344366,0.004860659689226308,0.005384880899493706,0.006657176247519785
2024-01-15,1.0945708751678467,1.273658275604248,145.1490020751953,12.699999809265137,-0.003278136931587735,-0.003227497441545451,0.0007098456410151234,0.0,0.002744783531016319,0.004493231696225503,0.002913653351993214,0.004869073475448227,0.005369917348351853,0.005415649378602663
2024-01-16,1.0945708751678467,1.2716174125671387,145.79400634765625,13.84000015258789,0.0,-0.0016036482680172252,0.0044338946837594005,0.08596098276860784,0.002708678073707695,0.00395178782010967,0.0027971721911053916,0.004177556096170819,0.00505486650784781,0.005384594478965712
2024-01-17,1.087878942489624,1.26385498046875,147.24600219726562,14.789999961853027,-0.006132515484610603,-0.006123084891185486,0.00990996239630051,0.06638831292880744,0.003842982358369817,0.003687714727795447,0.0037590632598689744,0.0040467224175808674,0.006064592442032829,0.005695920212852391
2024-01-18,1.0885775089263916,1.2676842212677002,148.1179962158203,14.130000114440918,0.0006419301064366271,0.0030252296442908186,0.0059045554411178165,-0.04565106934788655,0.0029894869043881438,0.0036429419520023426,0.003884734607938442,0.004085789083872704,0.00554455621213412,0.005765752673989468
2024-01-19,1.0879143476486206,1.2709871530532837,148.1280059814453,13.300000190734863,-0.0006093855084178445,0.0026020962639323967,6.757738875514261e-05,-0.06053615522690582,0.0028083612490546325,0.0034390799167062537,0.0038964192771754965,0.0038838715802763427,0.004025600797844699,0.005589490508045565
2024-01-22,1.089229702949524,1.2699863910675049,148.12100219726562,13.1899995803833,0.001208331125892878,-0.0007876996908052492,-4.7283089479703914e-05,-0.008305114652697272,0.002960811009188155,0.0033968264124173537,0.0037060817996868345,0.0035499214627697745,0.00420039459096758,0.005532259594215362
2024-01-23,1.088020920753479,1.2706964015960693,148.14199829101562,12.550000190734863,-0.0011103749904406092,0.0005589131780619033,0.0001417395607992448,-0.0497382541401881,0.002910297735757711,0.0031490258034105076,0.00368249064698634,0.00347689387899712,0.004529017037998091,0.004902827456714465
2024-01-24,1.0857881307601929,1.269196629524231,148.25100708007812,13.140000343322754,-0.002054265784688464,-0.001180972763634456,0.0007355692745924645,0.04594035840873762,0.0013187356831735888,0.0031187492418464262,0.001916565751585904,0.0034842160081896773,0.0025582150688541875,0.004909128098905144
2024-01-25,1.088174819946289,1.271876335144043,147.59100341796875,13.449999809265137,0.002195704525871863,0.0021091142603379023,-0.004461873119109181,0.023318052682289685,0.001737677695418629,0.00317942304480961,0.0016857419192629923,0.0034817353549596295,0.002117514007124364,0.005063187048709377
2024-01-26,1.0847046375274658,1.270825743675232,147.72300720214844,13.260000228881836,-0.0031940891678824117,-0.0008263583353685848,0.0008939893687681354,-0.014227089848027405,0.0022466800478545892,0.003169266603692657,0.0013652432478584659,0.003464989133824413,0.0022232714287388905,0.005065974931521711
2024-01-29,1.0843517780303955,1.2697607278823853,148.13999938964844,13.600000381469727,-0.00032535760494948154,-0.0008384015794420172,0.002818821240365824,0.0253178187724606,0.0020342692577039845,0.002794309537791778,0.0013724898040235675,0.003212096138740345,0.00270236677490585,0.004639952273621579
2024-01-30,1.0834470987319946,1.2713264226913452,147.46800231933594,13.3100004196167,-0.0008346524768681695,0.0012323032736136245,-0.004546549646859611,-0.021554156857807073,0.0020307961805469702,0.002735813431773193,0.0014746419566639226,0.003036630990161535,0.003380335025524189,0.00483971740297366
2024-01-31,1.08433997631073,1.269551157951355,147.36900329589844,14.350000381469727,0.0008237687543271816,-0.0013973636844086586,-0.0006715508926803367,0.07523430485544245,0.0020092396553466913,0.002762015097174997,0.0015239540572366509,0.0030494673288105996,0.0032655003149806823,0.00473196083238065
2024-02-01,1.0803920030593872,1.2678449153900146,146.99600219726562,13.880000114440918,-0.003647544052697876,-0.0013448770071327492,-0.002534277453552071,-0.0333010054652046,0.001915953020824933,0.0028217657975985015,0.0010781854507600117,0.003060536341979401,0.0028734128554343415,0.00482910792573107
2024-02-02,1.0874648094177246,1.27472984790802,146.4510040283203,13.850000381469727,0.006525183225310071,0.005415730105859458,-0.0037144614462211985,-0.0021637031473936137,0.003744060310266386,0.0026832997936852335,0.002890984388336114,0.0026976250527321172,0.0029295899786120658,0.0048104125619384645
2024-02-05,1.0780043601989746,1.2621959447860718,148.50100708007812,13.670000076293945,-0.008737607110913186,-0.009881254817331094,0.0139008108780562,-0.013081603859306986,0.005628281967837642,0.0032308878857195233,0.005592584165695267,0.003364079873644771,0.007638546655196049,0.005431981278026317
2024-02-06,1.0741831064224243,1.2534469366073608,148.63999938964844,13.0600004196167,-0.0035510454839929734,-0.0069557118125811645,0.0009355310555014819,-0.045649500338780576,0.005717707944565886,0.0032417806941110136,0.005894738294184699,0.003650309159651552,0.007110656646394607,0.004893766234456592
2024-02-07,1.075719952583313,1.2606525421142578,147.8179931640625,12.829999923706055,0.0014296890422369148,0.0057321719350388375,-0.0055455299085968475,-0.017767983297182415,0.005790984345943705,0.0032778113979311943,0.007073232615745496,0.0038329461076441794,0.007797910099149699,0.005093590806393872
2024-02-08,1.077574610710144,1.2627378702163696,148.08599853515625,12.789999961853027,0.0017226241286986182,0.0016527990014045676,0.0018114351404217915,-0.003122560072828745,0.005813379728811835,0.0033032543235004975,0.00720559691866971,0.0038185828771040626,0.007599725470821375,0.005002888523299627
2024-02-09,1.0777255296707153,1.2620525360107422,149.25900268554688,12.930000305175781,0.00014004449588293628,-0.0005428840514992043,0.00788989376360218,0.010886603777725476,0.004410218097626625,0.0033000234179974713,0.006362504657890217,0.003789656354723451,0.007386678902694277,0.005202610543562774
2024-02-12,1.0798202753067017,1.2637271881103516,149.16700744628906,13.930000305175781,0.0019417861621718751,0.0013260478172416627,-0.0006165363543965325,0.07449459331360889,0.002282813539707993,0.0031962667968284167,0.004629540973625468,0.003754784138693606,0.004835679955880583,0.00493925088086654
2024-02-13,1.0772264003753662,1.2627538442611694,149.40499877929688,15.850000381469727,-0.0024050255479935757,-0.0007705135204786474,0.0015941975700956206,0.1291247146912568,0.001801732252835038,0.0032006950176465747,0.0026120584217483632,0.003697334008108745,0.004846022158868381,0.0047672483354036874
2024-02-14,1.0708931684494019,1.2590652704238892,150.7239990234375,14.380000114440918,-0.00589655284375755,-0.0029253299304710526,0.008789612104465782,-0.09733116413954013,0.0032888538668966833,0.0033399635153009166,0.0018451732212650123,0.0036874134250505495,0.004180469180364449,0.005020418837846195
2024-02-15,1.0732147693634033,1.2568340301513672,150.54400634765625,14.010000228881836,0.002165564317311912,-0.0017737123715395858,-0.0011949008456804747,-0.02606698356529103,0.003381790112641279,0.0034019909613497864,0.0015778128587841582,0.003689962354129071,0.0047343382222061955,0.005018589179532635
2024-02-16,1.0773887634277344,1.259921908378601,149.9459991455078,14.239999771118164,0.00388170040799465,0.0024538571495232586,-0.003980218847166212,0.016283513224718212,0.004001929191245895,0.0033372633351581474,0.0022082875483805703,0.0035202514653218954,0.004827815733608967,0.0047722431158264194
2024-02-19,1.0784927606582642,1.2611136436462402,150.09100341796875,14.239999771118164,0.0010241725388866125,0.0009454332014087118,0.0009665760057022769,0.0,0.003906949901977078,0.003344154657004791,0.002142157842477461,0.0034585400675217993,0.004753318948733202,0.004636190092420042
2024-02-20,1.0775396823883057,1.2587641477584839,150.27000427246094,15.420000076293945,-0.0008841038873163796,-0.0018647702492627705,0.0011919048817943978,0.0796104831722431,0.003753007484616661,0.0033453962060268345,0.002241282978502471,0.003414819009773961,0.004749122901360316,0.004636221361275184
2024-02-21,1.0813149213790894,1.2627378702163696,149.93899536132812,15.34000015258789,0.0034974498351770826,0.0031518719550776716,-0.002205190688315441,-0.005201567196740616,0.0019404243169666776,0.003433401331197389,0.002333250883400768,0.003497958819802894,0.0021814102000792665,0.004674403088702502
2024-02-22,1.0820403099060059,1.2638070583343506,150.35499572753906,14.539999961853027,0.0006706143712430367,0.0008463638779767105,0.0027706224211555357,-0.05356033640438439,0.0020103092007185477,0.003435158111519306,0.0019313840839947573,0.0035016989248010917,0.00275774373350345,0.004696896750833536
2024-02-23,1.0825674533843994,1.266367793083191,150.48300170898438,13.75,0.0004870568217987158,0.0020241570433191087,0.0008509961524884576,-0.055864645369204845,0.0015930241360463586,0.0034142810229141787,0.00186486035899686,0.0035275745057812926,0.0018070916481485407,0.004697033275527474
2024-02-26,1.0820051431655884,1.2672665119171143,150.4980010986328,13.739999771118164,-0.0005195577476647977,0.0007094306150202441,9.967000920953678e-05,-0.0007275539764438033,0.0017216478757073404,0.0033748653637820695,0.0018702178214638123,0.003498308264343216,0.0018184694508465728,0.004557900510746152
2024-02-27,1.0850930213928223,1.268455982208252,150.5659942626953,13.430000305175781,0.0028497835192923576,0.0009381707825974737,0.0004516857961504224,-0.02282023687755186,0.001699359858102667,0.0033705078556961897,0.0010446930354658381,0.0035026493546499154,0.0017820584069065054,0.004558841683851043
2024-02-28,1.084481120109558,1.268166422843933,150.4949951171875,13.84000015258789,-0.0005640750300102595,-0.0002283030891785893,-0.0004716595595482135,0.03007192795607551,0.0013862348322821823,0.0033720439546617927,0.0008013445358548222,0.003498812112467336,0.001234606585405664,0.004545697152080475
2024-02-29,1.0838816165924072,1.2663036584854126,150.656005859375,13.399999618530273,-0.0005529550220347515,-0.0014699441178294022,0.0010693024894960735,-0.03230828272568483,0.0014725996454085298,0.0033692357628768953,0.0013147791300107323,0.003498823048507057,0.0006131931312080889,0.0043911015590669756
2024-03-01,1.0804970264434814,1.2625465393066406,150.09500122070312,13.109999656677246,-0.0031275423260024677,-0.002971407279430149,-0.0037306959986242953,-0.021879406901220193,0.0021250719206004375,0.003429035860307243,0.001627806382131958,0.0035407463200973614,0.0018818133014198895,0.004492888712713102
2024-03-04,1.084269404411316,1.26603102684021,150.10499572753906,13.489999771118164,0.0034852552521659795,0.0027560868892495243,6.658565583775765e-05,0.028573381665131348,0.002729456045991411,0.003420916325116069,0.002198182135285321,0.0035880762103066358,0.0018791620682979818,0.004433893973514317
2024-03-05,1.0855170488357544,1.269196629524231,150.46600341796875,14.460000038146973,0.0011500159935793875,0.00249729393828425,0.002402147013849368,0.06943756611583544,0.0024415401253105673,0.0031239309908707353,0.0024903043939118645,0.003426086577091328,0.002289674801992236,0.004317639341284136
2024-03-06,1.0855995416641235,1.27048659324646,150.0489959716797,14.5,7.59911547539199e-05,0.0010158462453852882,-0.0027752871889447557,0.0027624300578069465,0.0024160970878927147,0.0024543773704731164,0.002509293056928887,0.0026619369263653873,0.0025873113581082164,0.0033403283086309975
2024-03-07,1.089953899383545,1.2735446691513062,149.2689971923828,14.4399995803833,0.004002993860566666,0.0024041193384420115,-0.005211852028467162,-0.004146545021177181,0.0028739572867417856,0.0024152502763151525,0.0023964069244610843,0.0021453056402842667,0.003059790741416864,0.0035501809688850182
2024-03-08,1.0950144529342651,1.2815583944320679,147.8679962158203,14.739999771118164,0.004632161004990791,0.006272742318300774,-0.009430070235424323,0.020562766827898746,0.0019577295695392084,0.002556090652467173,0.0019566813659762663,0.002207601340745628,0.004606386802343903,0.003925849239167082
2024-03-11,1.0942955017089844,1.2855123281478882,146.7740020751953,15.220000267028809,-0.0006567834304138422,0.003080504800886208,-0.007425955392019473,0.03204549874488908,0.0023609550142820296,0.0025658712405650075,0.0019523922381031245,0.0022559336011290236,0.004582224151405424,0.004208421643645017
2024-03-12,1.093135118484497,1.2819806337356567,146.73199462890625,13.84000015258789,-0.0010609555545411638,-0.0027510857417122766,-0.0002862459169326369,-0.0950474087634793,0.0027047223910337077,0.0025910030349350823,0.003283611061026408,0.0023655706147518865,0.0036304661668675503,0.0037803083267038606
2024-03-13,1.0927767753601074,1.2795906066894531,147.61900329589844,13.75,-0.00032786603029042014,-0.001866063845526117,0.006026895496737306,-0.006524137102079705,0.002759571038899835,0.002582093441262893,0.0037239335203567156,0.0024233137164976068,0.0062113639890858455,0.004049427745757074
2024-03-14,1.0955302715301514,1.2802129983901978,147.62100219726562,14.399999618530273,0.0025165550941543685,0.00048628083168126976,1.3540857133299584e-05,0.04618935597842095,0.0024620166463767074,0.002527211454526284,0.003696934370075952,0.002405025764957605,0.00624152382472086,0.004024930029291526
2024-03-15,1.0883406400680542,1.2745835781097412,148.29600524902344,14.40999984741211,-0.006584324557311425,-0.00440694922098883,0.004562118469059258,0.0006942193314014823,0.0033119555104306497,0.0026162379329950493,0.0029258073213347564,0.0025268136357646295,0.005260525143253442,0.003640564848115846
2024-03-18,1.0882576704025269,1.2731393575668335,148.9550018310547,14.329999923706055,-7.623792150198477e-05,-0.0011337345025853594,0.004433947377701341,-0.00556716290639392,0.00334674749495709,0.0026014654173737717,0.0018224918359557522,0.002502270525587243,0.002888095895021632,0.0038011910801350845
2024-03-19,1.087393879890442,1.272718071937561,149.1439971923828,13.819999694824219,-0.000794052298820581,-0.00033095775767767055,0.0012680041682128064,-0.036238440258669194,0.003349784026661076,0.002512880227212972,0.0018720390138373452,0.0024735495453220998,0.0025118178646963297,0.0037353302902368908
2024-03-20,1.0863306522369385,1.2719409465789795,151.03500366210938,13.039999961853027,-0.0009782543487731165,-0.0006107894040706267,0.012599358914162419,-0.05809524268421421,0.003327128563683429,0.0025261903688596483,0.0018864555419041162,0.0024812261359670046,0.004902895265220418,0.0046308314618789415
2024-03-21,1.0937210321426392,1.2798361778259277,150.75999450683594,12.920000076293945,0.006780030280211767,0.006188045472344951,-0.0018224903199956534,-0.009245049313565606,0.004753132600483988,0.0028576247531447076,0.0038556363387174074,0.002715867426612154,0.005375912605042098,0.004647285765439195
2024-03-22,1.0862362384796143,1.2661913633346558,151.63299560546875,13.0600004196167,-0.006866944757079783,-0.010718615495472988,0.005773966676278202,0.010777651718640221,0.004846850869339902,0.003203944450619603,0.006046085340614289,0.0035991930275095633,0.00542297028604015,0.004764766632144755
2024-03-25,1.0807539224624634,1.25979483127594,151.30499267578125,13.1899995803833,-0.005059854735420729,-0.005064592787560131,-0.0021654798708071023,0.009904778937777805,0.005261621644372747,0.003391837627852877,0.006267137053540767,0.003759757116820183,0.006178503291302116,0.004769495535823613
2024-03-26,1.0838228464126587,1.2637910842895508,151.3730010986328,13.239999771118164,0.0028355898951227965,0.003167125263609993,0.000449378054532235,0.003783598305736472,0.005602663377729973,0.003446201659524781,0.006695622715126776,0.003798845265551028,0.006250627719850306,0.004767999569173819
2024-03-27,1.0832358598709106,1.2628495693206787,151.52999877929688,12.779999732971191,-0.000541735721696503,-0.0007452702156955981,0.0010366202697645337,-0.03536110516659866,0.005599823516027631,0.0034463802620118824,0.006691889985073618,0.0037968804373985855,0.0031813832458800853,0.004770607841773078
2024-03-28,1.0813382863998413,1.261670470237732,151.28700256347656,13.010000228881836,-0.0017533000294245103,-0.0009341174957681968,-0.0016049050542097467,0.017836882062060327,0.0038156209275741386,0.003407929599733937,0.005270801817223139,0.003792104034006009,0.003140254881434984,0.004787830799836995
2024-03-29,1.0794472694396973,1.26262629032135,151.44000244140625,13.010000228881836,-0.0017503055199580492,0.0007572961659915624,0.0010108109843346748,0.0,0.002837790330391587,0.003424013889300163,0.0030038433940261958,0.0037981131174878303,0.0015197767434233164,0.0047881070532384004
2024-04-01,1.0792726278305054,1.2637271881103516,151.3979949951172,13.649999618530273,-0.00016180108386803512,0.0008715311361484782,-0.00027742520366718043,0.04802118356729221,0.0018789376261993589,0.003423171741159311,0.0016469027241922415,0.0037936067846406716,0.0011040186979312957,0.004786204592512141
2024-04-02,1.0737217664718628,1.2545477151870728,151.58099365234375,14.609999656677246,-0.005156421839743476,-0.00729031891449369,0.0012079958435199532,0.0679667085789778,0.0019691817395204366,0.0035315872380740974,0.003359022001277289,0.004052585627971512,0.0012073918562437785,0.0047070845904966544
2024-04-03,1.076855182647705,1.2576876878738403,151.5399932861328,14.329999923706055,0.002914025833319365,0.002499745300946591,-0.0002705214632288229,-0.01935096574743714,0.002926756581007487,0.0035045367545556596,0.0038160154572356476,0.004043772816570806,0.001140831892471093,0.004708932999238594
2024-04-04,1.0838346481323242,1.2651821374893188,151.58099365234375,16.350000381469727,0.006460427276889821,0.005941227395214044,0.00027052146322876803,0.13187268415873488,0.0044396971922900106,0.0037819279350601344,0.004860134267474628,0.0042200584551826655,0.0006983066571412122,0.004688360221869782
2024-04-05,1.0837054252624512,1.26401948928833,151.29200744628906,16.030000686645508,-0.00011923458450640673,-0.0009193796734702314,-0.001908300130446238,-0.019765911218254613,0.004294116991574761,0.003781796870021469,0.004900440006523558,0.004214897014676159,0.0011328063407122614,0.004664549570482047
2024-04-08,1.0830481052398682,1.2625305652618408,151.69000244140625,15.1899995803833,-0.0006067326380173935,-0.001178622363858893,0.0026271871665374895,-0.053824720473343995,0.004323216177332868,0.0036709166048298288,0.0049180935158694445,0.004177241332644633,0.0016886950547411396,0.004514446461452435
2024-04-09,1.0863661766052246,1.2658709287643433,151.84300231933594,14.979999542236328,0.003058958337697158,0.002642274538930613,0.001008126882335904,-0.013921341452394936,0.002852866303872807,0.003584802497174847,0.002941768502029201,0.003967755233106374,0.001666575074517727,0.00390271623493055
2024-04-10,1.0859296321868896,1.2677645683288574,151.77699279785156,15.800000190734863,-0.0004019198697015849,0.0014948005893405114,-0.00043481670236444946,0.053294004573997446,0.0030640976723755446,0.003584210916368564,0.002915973122018004,0.003912494390529684,0.0016832907576655903,0.003421348560474432
2024-04-11,1.074171543121338,1.2537612915039062,152.96400451660156,14.90999984741211,-0.010886717095524747,-0.0111071006729537,0.007790338237742985,-0.0579778335620304,0.005300495205008718,0.004231004309610922,0.005439952061256055,0.004490862080349713,0.0037396519549263074,0.0036439788947430314
2024-04-12,1.0726851224899292,1.2554770708084106,153.19200134277344,17.309999465942383,-0.0013847416017447754,0.0013675700146192826,0.0014894162711598467,0.14925221979285147,0.005230454459742203,0.0042314423060438745,0.005626866886662784,0.00451442458252179,0.0031568929026772868,0.0035251955216244043
2024-04-15,1.0649627447128296,1.2461835145950317,153.2830047607422,19.229999542236328,-0.007225148247919505,-0.0074299439508890884,0.0005938717274232293,0.10518719746045613,0.005600121383055389,0.004370512572572136,0.006238777053880753,0.0047127415086529855,0.0032648929382974954,0.0035142513581806847
2024-04-16,1.0625749826431274,1.2447409629821777,154.20599365234375,18.399999618530273,-0.0022446258334513653,-0.0011582460946599443,0.006003412600000132,-0.04412089191313562,0.004465896564473627,0.0042151783562566075,0.005642440144089675,0.0046588665275594816,0.003598541296117101,0.0035827050198772737
2024-04-17,1.0621461868286133,1.2431007623672485,154.697998046875,18.209999084472656,-0.000403625498250325,-0.0013185733126502507,0.0031854869072353077,-0.010379800419449975,0.004465512139730617,0.004212009189494843,0.005155744274524748,0.004659140540078304,0.003032025991523149,0.0035483275614123346
2024-04-18,1.0669398307800293,1.2453765869140625,154.3419952392578,18.0,0.004503013980535367,0.001829090533587403,-0.002303928118209532,-0.01159908556727462,0.004197389706474371,0.0043786701865770146,0.0036910351085702488,0.004698388888444311,0.003081455971802341,0.003650230836065293
2024-04-19,1.0644185543060303,1.2437657117843628,154.61000061035156,18.709999084472656,-0.0023658880343129613,-0.0012943216267141031,0.0017349325585757176,0.03868633345731804,0.004222221010116789,0.0043903858765030656,0.0033815019356893744,0.004698041730785863,0.0030773493719996685,0.002695191169165548
2024-04-22,1.065825343132019,1.2375777959823608,154.63999938964844,16.940000534057617,0.00132077743040315,-0.004987563076266509,0.00019400989096823794,-0.09938037060315114,0.0028587219831915094,0.004077190897352992,0.0024172756785955435,0.0044809245495120295,0.0031227788044359286,0.002625769003431995
2024-04-23,1.065405249595642,1.2350252866744995,154.81300354003906,15.6899995803833,-0.00039422626838334047,-0.002064634014640608,0.001118128871118239,-0.07665418074960349,0.002574983839775588,0.003875392976287623,0.0024298863860895644,0.003988300296966337,0.002041226818320427,0.0024149278996079934
2024-04-24,1.0704345703125,1.2453300952911377,154.74400329589844,15.970000267028809,0.004709463664304997,0.008309186643746325,-0.00044579992543955846,0.01768843894684457,0.003076895065751764,0.003932937449480381,0.00506359167766836,0.00436217534351189,0.001564207685663002,0.002336050004517206
2024-04-25,1.0699878931045532,1.2459505796432495,155.25900268554688,15.369999885559082,-0.0004173729458229782,0.0004981248168338195,0.003322547546197121,-0.03829442884280131,0.0026562615101951067,0.0038646342323745628,0.005001550073499548,0.004291140771193343,0.0014592443757939593,0.002382391594442647
2024-04-26,1.072961449623108,1.2509069442749023,155.5970001220703,15.029999732971191,0.002775201791036396,0.003970087275056303,0.002174624692266719,-0.022369364106276213,0.002189437896163842,0.003930500068804735,0.005187369667396663,0.004402281136112864,0.0015129482552361543,0.0023920979305643844
2024-04-29,1.0706866979599,1.2510477304458618,158.2239990234375,14.670000076293945,-0.002122318925900117,0.00011254094451066864,0.01674241221831113,-0.0242435886429269,0.0027646331090571204,0.003937183683125091,0.0040586399973881315,0.004402250884430149,0.006937839653495415,0.004014377774779124
2024-04-30,1.0715701580047607,1.2559815645217896,156.31399536132812,15.649999618530273,0.0008247938079739085,0.003936005419215938,-0.012144969277624916,0.0646662952555313,0.002673082137747341,0.003934961894960541,0.0033141598638363337,0.004492738941072176,0.010309652889461628,0.005026836234334745
2024-05-01,1.0666552782058716,1.2490164041519165,157.7220001220703,15.390000343322754,-0.004597165828774006,-0.005561025123984904,0.00896721532497549,-0.01675292245214082,0.0028148056130949226,0.004038049900287279,0.0038952616713465423,0.004624354788058259,0.010622114133285057,0.0052575467966181075
2024-05-02,1.0721560716629028,1.2539342641830444,155.70399475097656,14.680000305175781,0.005143796890728481,0.003929655044253263,-0.012877255174238648,-0.047231926184048506,0.0038619711022657957,0.004073618084270317,0.004167558012125093,0.004459298983537529,0.013010899748811875,0.006126538081700482
2024-05-03,1.073306918144226,1.2540600299835205,153.0449981689453,13.489999771118164,0.0010728188714235368,0.00010029193517220886,-0.017224751397502427,-0.08453739072202397,0.0036710800785580418,0.004028131416567685,0.003892766450291565,0.004423881296107758,0.015133064627296102,0.007280568222347331
2024-05-06,1.0758124589920044,1.2541072368621826,153.5659942626953,13.489999771118164,0.0023316917706926814,3.764252830481354e-05,0.003398420852721841,0.0,0.0035460781074781863,0.0037949134412049385,0.0038947905540684673,0.004211967196497044,0.011438939670535813,0.007307404609411151
2024-05-07,1.0767507553100586,1.2559815645217896,154.23699951171875,13.229999542236328,0.0008717944924890549,0.0014934356162545454,0.004359972615882475,-0.019461709726451316,0.0035457083171289965,0.003803502256576092,0.003486008267650549,0.004229167531960529,0.011594176708721416,0.007327473924820285
2024-05-08,1.0750491619110107,1.25014066696167,154.7480010986328,13.0,-0.0015815538797213848,-0.004661311457654954,0.0033076172097791685,-0.01753758606489831,0.002450466496549491,0.0038130019421040123,0.0031324886954269206,0.004328040481328782,0.010386781150911463,0.007336646470942048
2024-05-09,1.0746910572052002,1.2493284940719604,155.41900634765625,12.6899995803833,-0.0003331609149222311,-0.0006498763265060349,0.004326741914653046,-0.02413510880196279,0.0014869969371577552,0.0037369673900604183,0.002328292155719907,0.004272654645396488,0.009437166808525625,0.007372846918831852
2024-05-10,1.078515887260437,1.2525677680969238,155.38900756835938,12.550000190734863,0.003552685995199825,0.0025894565525882043,-0.0001930373609872797,-0.011093567883784123,0.002045895691756799,0.0038352820183637287,0.002775053374616077,0.004304441490734357,0.0018742096668703696,0.0073706955324744465
2024-05-13,1.077040672302246,1.2522854804992676,155.8179931640625,13.600000381469727,-0.0013687557229370368,-0.00022539252469945095,0.00275691656296556,0.08034914001546065,0.0020980362107225585,0.003039891659063229,0.0027710087906375734,0.0036010788229076554,0.0018654717636243385,0.007228883593518334
2024-05-14,1.079354166984558,1.2561867237091064,156.23300170898438,13.420000076293945,0.0021457068323342014,0.003110456116396519,0.0026598780098176142,-0.013323683562621993,0.002266333312696908,0.003049774761558947,0.003105473093306662,0.003652633573582047,0.001681338710986689,0.007238189802019775
2024-05-15,1.0814552307128906,1.2585265636444092,156.4980010986328,12.449999809265137,0.0019447012704893634,0.0018609203858851499,0.0016947437298890603,-0.07502552963798141,0.0019957748572878935,0.0025626802717553317,0.001686492992725818,0.0032662371043770165,0.0016594093762097638,0.007239825064343831
2024-05-16,1.0889805555343628,1.2690032720565796,154.28199768066406,12.420000076293945,0.006934418446712236,0.008290124425924741,-0.014261155699942825,-0.0024125249424847843,0.0030030359092904613,0.0027971773910317483,0.0031539085243728927,0.0036442748850309676,0.00724883793813219,0.007830434526992787
2024-05-17,1.0867793560028076,1.2672007083892822,155.37899780273438,11.989999771118164,-0.0020233852741519107,-0.0014214660845198069,0.007085197859509535,-0.03523513269813392,0.0035632878947712524,0.00285969266657948,0.003773443696147277,0.003647292196352861,0.008232974202912703,0.0079486942719515
2024-05-20,1.0875475406646729,1.2706480026245117,155.75399780273438,12.149999618530273,0.0007065954020106566,0.0027167075330361812,0.002410545887976819,0.013256188439843044,0.003248701657575756,0.0027534781889253764,0.003495906207873206,0.0036632489675577857,0.008205252581453285,0.007941531445937552
2024-05-21,1.086082935333252,1.2710840702056885,156.3699951171875,11.859999656677246,-0.0013476122728719713,0.00034312631934461636,0.003947137215915688,-0.024157773768248323,0.0035550282415518614,0.00270462615102148,0.0036711694051657145,0.0036327702441576,0.008332012527241792,0.007972997039713093
2024-05-22,1.0855170488357544,1.2711325883865356,156.25100708007812,12.289999961853027,-0.0005211701182829347,3.816998105882251e-05,-0.0007612287211600868,0.03561455585241666,0.0036040405038201204,0.0027199608828322665,0.0038203255844167006,0.0033889771502097297,0.008292341605618097,0.00797742536176797
2024-05-23,1.0825204849243164,1.2721028327941895,156.70399475097656,12.770000457763672,-0.0027643117547025264,0.0007630001113099914,0.0028949081152436344,0.038312785417210074,0.0013455702946745605,0.0028160852732707835,0.0014926619211610538,0.003311363173431636,0.0028295215158773415,0.007993266134326056
2024-05-24,1.0812681913375854,1.2694060802459717,156.97300720214844,11.930000305175781,-0.00115750095218525,-0.0021221673049981716,0.0017152198946640362,-0.06804244420089076,0.0012647896605734333,0.002695969742277305,0.0017306606474732761,0.0029986769555900863,0.0017647733778329807,0.007993700579302812
2024-05-27,1.0847634077072144,1.2736095190048218,156.8699951171875,11.930000305175781,0.003227302320858273,0.003305872436092796,-0.000656456176489288,0.0,0.0022455673759423363,0.0027510542302907216,0.0019397055308601702,0.003041522228920821,0.0021046405221023727,0.007975347442046655
2024-05-28,1.0861891508102417,1.2772371768951416,156.84500122070312,12.920000076293945,0.0013134725606132052,0.002844279385173393,-0.00015934142026378256,0.07972024256920057,0.0023125539995929325,0.0027140120126694298,0.002204642325045785,0.002998300046604035,0.0016215983375777847,0.007967100651115762
2024-05-29,1.0851871967315674,1.275835633277893,157.26199340820312,14.279999732971191,-0.0009228747019577188,-0.001097926978387834,0.002655098037276991,0.10008343395238188,0.002342815801543715,0.0026693061052897884,0.0023760360747853877,0.003025323897717495,0.0016209038221561775,0.007107742430782442
2024-05-30,1.0801819562911987,1.2697993516921997,157.60800170898438,14.470000267028809,-0.004622998667696261,-0.0047424653847218355,0.0021977860413685134,0.013217620885411141,0.0029482599114201914,0.0028919774556647173,0.003411809233732954,0.003171741961202515,0.0014714199798277917,0.006607539821274542
2024-05-31,1.0835410356521606,1.27304208278656,156.9530029296875,12.920000076293945,0.003104909521282527,0.0025504797965046075,-0.0041645322611041195,-0.1133010548377929,0.003283410067869267,0.0027241392322780163,0.0034490539584571046,0.0028931751620996523,0.0027237939505172703,0.0063837112527730736
2024-06-03,1.0853049755096436,1.2743724584579468,157.17999267578125,13.109999656677246,0.0016266164009212727,0.0010444910090572396,0.0014451827014408491,0.014598767328195046,0.0030077210409169245,0.00254938497327376,0.003134905473731106,0.0028119429287975493,0.0027639461407339846,0.005728340709142871
2024-06-04,1.0907385349273682,1.2810165882110596,156.0760040283203,13.15999984741211,0.004993990868639649,0.005200104253249613,-0.007048504927066219,0.0038066427145914943,0.0037401944942251904,0.0027188197602768254,0.0037612293373890777,0.002963271979861067,0.004363534288564585,0.004517930338260239
2024-06-05,1.0881866216659546,1.2773023843765259,155.12399291992188,12.630000114440918,-0.0023423607924120534,-0.0029036304572575603,-0.006118342464911137,-0.04110696887890819,0.0039547871596465715,0.0027700269246707858,0.0040402663901808675,0.003071557273946016,0.004298347445620087,0.004717648862550709
2024-06-06,1.087453007698059,1.2794759273529053,155.9290008544922,12.579999923706055,-0.0006743892561967788,0.0017002205392665447,0.005176029473739594,-0.003966700215845465,0.0029225944620111777,0.002780267892237575,0.0029339451553084734,0.00307398989349147,0.005253502685142913,0.00475285982543975
2024-06-07,1.0894432067871094,1.2793285846710205,155.69700622558594,12.220000267028809,0.0018284745320394033,-0.00011516525108132957,-0.0014889301052845045,-0.029034269612359193,0.0027824698615578074,0.0027565947060761635,0.0029416829226817745,0.0028294724340965425,0.005130824379518361,0.004727686942597361
2024-06-10,1.0778882503509521,1.2729448080062866,156.83299255371094,12.739999771118164,-0.010662943021032207,-0.005002434296836582,0.007269646660601897,0.041672656583176315,0.005884699619990365,0.0036567109694905795,0.003973324495595362,0.0030937515511824374,0.006480636217983899,0.0048866641566188635
2024-06-11,1.0764262676239014,1.2726370096206665,157.0399932861328,12.850000381469727,-0.001357260455041113,-0.00024182949845792112,0.0013190097381551326,0.008597208849178589,0.0047416373864362345,0.003587365112297527,0.002636462691541609,0.003076842618397226,0.005325577668987092,0.004888387052981273
2024-06-12,1.0740330219268799,1.274047613143921,157.10499572753906,12.039999961853027,-0.002225800503826749,0.0011077961164914257,0.00041383720643167754,-0.06510940431526659,0.004743763026540552,0.0036065361479872054,0.0026415958489143304,0.003070406171917225,0.0035903290412185396,0.00486187914803557
2024-06-13,1.0813149213790894,1.27962327003479,156.8000030517578,11.9399995803833,0.0067570780683288145,0.004366784919457973,-0.0019432170429950105,-0.008340363891643488,0.006385295194179178,0.003869347996406518,0.0033685851706586898,0.0031269160964074445,0.0036927653559826936,0.004857862743230198
2024-06-14,1.0738831758499146,1.2755101919174194,157.1280059814453,12.65999984741211,-0.006896604999001071,-0.0032194652305040463,0.0020896704951927293,0.058553331842595924,0.006563673939063445,0.004117881354378696,0.0036727649121061066,0.003233719504830778,0.003397093584804102,0.004864511206100961
2024-06-17,1.0702168941497803,1.2683112621307373,157.54600524902344,12.75,-0.0034198826115551654,-0.005659948337465119,0.0026567145586724474,0.007083866941161012,0.005037614228590854,0.0038310645114517467,0.0038760433122946615,0.003016293349613279,0.0018025613088378267,0.0036607423263184864
2024-06-18,1.0740677118301392,1.2715997695922852,157.6999969482422,12.300000190734863,0.0035917077512611435,0.002589468101853099,0.000976962184412307,-0.035931993719163995,0.005518358533123917,0.00393073039852547,0.004161381247297473,0.0030488948474803627,0.0017894685894699175,0.0033954138318498346
2024-06-19,1.0742292404174805,1.2707449197769165,157.87100219726562,12.300000190734863,0.0001503782682153156,-0.0006724893372324628,0.001083783150066604,0.0,0.0054275493011465776,0.0039241487810507064,0.0041011854804818984,0.0029986371359423344,0.0017747153237106911,0.0033748210308644127
2024-06-20,1.0751532316207886,1.2721998691558838,157.95799255371094,13.279999732971191,0.0008597736998856827,0.001144302891720002,0.0005508699966811659,0.07665984605542543,0.0040739892062675075,0.003931267325785311,0.0033202731752139587,0.003007809516972367,0.0008702470728072096,0.00329173062430024
2024-06-21,1.0706409215927124,1.2660471200942993,158.93099975585938,13.199999809265137,-0.0042057311718622144,-0.004848039720768008,0.006141016466990514,-0.006042308797982368,0.0032100367228369963,0.00401167146098544,0.0036371291266920312,0.00318322871201439,0.0023004389480870764,0.0034926609149184217
2024-06-24,1.0687757730484009,1.2639029026031494,159.86099243164062,13.329999923706055,-0.001743605181274369,-0.0016950674798471975,0.005834496077405718,0.009800313324426333,0.0029166497934900574,0.003991630977339883,0.002846890283205177,0.0031915997538779937,0.0028119862452067744,0.0036311853216767186
2024-06-25,1.0732723474502563,1.268343448638916,159.68600463867188,12.84000015258789,0.004198394017140161,0.0035072026742749614,-0.0010952242522370786,-0.03745181832153341,0.0031227758647568524,0.004116170265647315,0.0031274579137106,0.0032629112785988444,0.003282766962242271,0.003650768051633944
2024-06-26,1.0709619522094727,1.268399715423584,159.68600463867188,12.550000190734863,-0.0021549847749991156,4.436143593429381e-05,0.0,-0.022844629369817324,0.0032358231609587425,0.004053687138259855,0.003134730900272385,0.0031766989253300994,0.0034322778761392,0.003641147904367883
2024-06-27,1.068010926246643,1.262179970741272,160.62100219726562,12.239999771118164,-0.002759294299526374,-0.004915677811488188,0.005838150239253078,-0.025011422391106403,0.003229840366137265,0.0040559982080523105,0.0035474723853367277,0.0032540447016224995,0.003575461673622322,0.0037868195998161606
2024-06-28,1.0708472728729248,1.2645741701126099,160.68699645996094,12.4399995803833,0.0026522078836921812,0.0018950795798899707,0.0004107850654146907,0.016207795195103535,0.003160344696523596,0.004120566185250569,0.0032657265940961877,0.003291911848910671,0.0033669520356092034,0.0037726082836907837
2024-07-01,1.0735257863998413,1.2648621797561646,160.90699768066406,12.220000267028809,0.002498179976998341,0.00022772634291772873,0.0013681925597541034,-0.017843077984553226,0.0031315460865331845,0.004069256217325012,0.0031620558978997333,0.0031472915162342463,0.00268408104776976,0.003763985534273059
2024-07-02,1.0737102031707764,1.2645741701126099,161.51199340820312,12.029999732971191,0.00017177131184862907,-0.0002277263429176806,0.0037528585742197147,-0.015670467805554818,0.002526311858043957,0.004000509233055588,0.0025538845108587106,0.0030878137912606967,0.0024674542863921812,0.0036285922159183443
2024-07-03,1.0748412609100342,1.2690355777740479,161.50399780273438,12.09000015258789,0.001052856180220774,0.0035217833183497855,-4.950594204581382e-05,0.0049751694580224505,0.0022029604320117284,0.003988422631853343,0.003170632980106695,0.0031830095322861163,0.002478933039044021,0.0036397496748500425
2024-07-04,1.0793308019638062,1.2747784852981567,161.62100219726562,12.09000015258789,0.0041682348697401434,0.004515202085104481,0.0007242051815554043,0.0,0.001545580655778458,0.003938417561317658,0.00204669671866017,0.003130692054367443,0.0014956060879337838,0.003140549336594178
2024-07-05,1.0810693502426147,1.2755752801895142,161.35800170898438,12.479999542236328,0.0016094691090687886,0.0006248505035378893,-0.0016285922194964335,0.03174864901379818,0.0015241016948842618,0.003939451404688096,0.0021376788861458876,0.003076680314920525,0.0019787681485766906,0.002735800907486407
2024-07-08,1.082602620124817,1.2806508541107178,160.63800048828125,12.369999885559082,0.0014172852076074353,0.003971151474640594,-0.004472120248593871,-0.00885314910859194,0.0014944307126246827,0.003955151109554126,0.002134493429163968,0.0031751221507929357,0.00302915641297991,0.0029334903820377287
2024-07-09,1.0830950736999512,1.2815583944320679,160.85699462890625,12.510000228881836,0.0004547759228130968,0.0007084045612742142,0.0013623488876781016,0.011254165621822165,0.0014266634078110923,0.003932326920873974,0.0018610332496110803,0.003178038007789059,0.0023309020268572973,0.0028641473271842216
2024-07-10,1.0814785957336426,1.2787723541259766,161.33099365234375,12.850000381469727,-0.0014935765778125393,-0.0021763136714245197,0.002942377634498338,0.026815498252858585,0.002051288058084374,0.0031945582282117495,0.0027432516620969328,0.003015831055811222,0.0028922518525650136,0.002582494131645276
2024-07-11,1.083329677581787,1.285264492034912,161.60699462890625,12.920000076293945,0.0017101581900879357,0.005064008181041365,0.0017093129565335075,0.0054326632319714845,0.0013440717138607802,0.0031925265988423128,0.0028991695079451513,0.003185554337819591,0.003003581242158966,0.00258407688537175
2024-07-12,1.0872756242752075,1.292373776435852,158.2010040283203,12.460000038146973,0.003635807059775768,0.005516136623610601,-0.02130102685560827,-0.03625298783869797,0.0018732430699391549,0.0032170184171853677,0.0032728107338288108,0.0033627033688747618,0.010112918337567025,0.005472643373807062
2024-07-15,1.0885539054870605,1.2966804504394531,158.31300354003906,13.119999885559082,0.0011749830043508219,0.003326834896715343,0.0007077065388275438,0.05161425837245012,0.0018675600890867207,0.002910229416660456,0.003218379068809423,0.003314925281719437,0.0103096900913231,0.0054496669486127445
2024-07-16,1.0901559591293335,1.2970000505447388,158.14100646972656,13.1899995803833,0.0014706445837825762,0.0002464452400995174,-0.0010870273834961272,0.005321160122665793,0.0018352821645205091,0.002431931583470294,0.003288107742904614,0.0032052101812440207,0.010111880716753868,0.005445862229900833
2024-07-17,1.0902509689331055,1.29776930809021,158.35000610351562,14.479999542236328,8.714869009926246e-05,0.0005929294374071152,0.0013207304843832594,0.09330942042807858,0.0012885550552839296,0.0022589307453907146,0.0024526047183881707,0.00286840577309561,0.009880732920478688,0.0054256502047473525
2024-07-18,1.094020128250122,1.3007453680038452,155.68600463867188,15.930000305175781,0.0034511861306799033,0.002290586420191313,-0.016966623442942974,0.09543578773519995,0.0015325778648558718,0.0022509731318753616,0.0021496777262923353,0.002861435113170717,0.01079788421293308,0.006542067207691564
2024-07-19,1.0901559591293335,1.2951691150665283,157.14999389648438,16.520000457763672,-0.0035383348207792247,-0.004296182752173746,0.009359536318619808,0.03636765272324057,0.0025778675970667083,0.002434430043327833,0.002926194349152434,0.0030614147704888474,0.009617793223738624,0.006872148088948565
2024-07-22,1.0899182558059692,1.2933096885681152,157.4219970703125,14.90999984741211,-0.00021806902047437983,-0.0014366946452392363,0.0017293544843670961,-0.10253967725977965,0.002565865077701004,0.0024412435240714486,0.0024912511823151446,0.003099434168138759,0.00968262415030216,0.006882930235105239
2024-07-23,1.0889805555343628,1.2932428121566772,156.89100646972656,14.720000267028809,-0.0008607103043199634,-5.171084788279313e-05,-0.003378740934989083,-0.012824987101443355,0.00249968584356386,0.00222056880555915,0.002471793833529605,0.0028453312195047737,0.009734255412267741,0.006766556791586702
2024-07-24,1.0850694179534912,1.2901561260223389,155.76800537109375,18.040000915527344,-0.003598023824621103,-0.002389632942522615,-0.0071835826594779046,0.20338443394305505,0.002899379388545358,0.002351919759826178,0.002477783883236757,0.0028799078418608173,0.009841526284320806,0.0067474245920644
2024-07-25,1.0839520692825317,1.289989709854126,153.89100646972656,18.459999084472656,-0.0010302791156022808,-0.00012899749008729816,-0.012123153651045401,0.023014614095178493,0.0015984283460722592,0.00224187624843895,0.001765095579942977,0.0028291207173281453,0.008271729386690366,0.007139171436721166
2024-07-26,1.0851283073425293,1.2856775522232056,153.69700622558594,16.389999389648438,0.0010845501051680547,-0.0033483841047993773,-0.0012614293266186736,-0.11893482396303547,0.0017101399826542811,0.0021677885392129086,0.0014304707980286578,0.0029599577572751415,0.005381648244319075,0.007130094057760242
2024-07-29,1.0853756666183472,1.2868356704711914,154.13900756835938,16.600000381469727,0.0002279279649853626,0.000900378910404027,0.0028716695039829967,0.0127313628261293,0.0017668887628971238,0.002037148409980986,0.0017829230207300174,0.002689874486272104,0.005722656087181201,0.007006992079067665
2024-07-30,1.081946611404419,1.286041259765625,153.83299255371094,17.690000534057617,-0.0031643268838695902,-0.0006175271902635282,-0.001987291800812816,0.06359682001889519,0.0020524340344814803,0.0021505102623314036,0.001724391864163496,0.0026980233606553614,0.005806707999680819,0.006988410752331671
2024-07-31,1.0816072225570679,1.2836971282958984,152.6699981689453,16.360000610351562,-0.0003137327528508791,-0.001824413045948143,-0.007588832744888729,-0.07816016987934357,0.0016092205343047506,0.0021072737709958407,0.001636372805378213,0.002752414663884153,0.005865883683547759,0.007044661508904281
2024-08-01,1.082391619682312,1.2853139638900757,149.74400329589844,18.59000015258789,0.000724951551994476,0.001258722325153645,-0.019351525850184004,0.1277844414592625,0.0016918972147411215,0.002108459627746415,0.0019156856952563127,0.002747520150841983,0.008611195813279623,0.007770317109674498
2024-08-02,1.0787602663040161,1.27289617061615,149.2010040283203,23.389999389648438,-0.003360575274129946,-0.009708264882633343,-0.0036327742657681814,0.22968474456012009,0.0019399704662668475,0.0022455058222815476,0.004483047583316655,0.003463985367288665,0.008384216747936586,0.007733358551234619
2024-08-05,1.0910836458206177,1.278788685798645,145.58399963378906,38.56999969482422,0.011358892636365093,0.00461853715364444,-0.024541180060479062,0.500166209806343,0.0060301826598685975,0.003183357829849003,0.005315202906643123,0.0034702676065173355,0.009992111627681039,0.00885501973463476
2024-08-06,1.0950982570648193,1.2788705825805664,145.7899932861328,27.709999084472656,0.0036727188635254445,6.404041614293718e-05,0.0014139469662255812,-0.33068143847259307,0.0055954128007602135,0.0032475829106220935,0.005344285659396313,0.003468617122073034,0.010871889073065943,0.008929537354252774
2024-08-07,1.0926215648651123,1.2684721946716309,144.73199462890625,27.850000381469727,-0.002264177736969769,-0.00816415109817446,-0.007283464786610142,0.0050396542353046,0.005893388511392999,0.003297181941530879,0.006232030818293574,0.0037777113812237128,0.010894850428784193,0.00894754218829719
2024-08-08,1.0928125381469727,1.2680377960205078,146.12399291992188,23.790000915527344,0.00017476919764657832,-0.00034251681007686075,0.00957180858184626,-0.15756761727201954,0.005928792019053999,0.0032975765598400705,0.006035957815435811,0.0037692083022124834,0.012672428032443755,0.00937511094400639
2024-08-09,1.0915720462799072,1.2747459411621094,147.66900634765625,20.3700008392334,-0.001135781683557143,0.005276233763524821,0.01051779773195781,-0.1552020913603775,0.005501864098436479,0.0032886320601831632,0.005374071225697334,0.003940685319789283,0.014476327456512405,0.009786431363370074
2024-08-12,1.091381311416626,1.2750385999679565,147.04200744628906,20.709999084472656,-0.0001747493716200307,0.00022955571532525684,-0.004255014695838352,0.016553359762280576,0.002233358715992268,0.0032780174216650968,0.004820298671879222,0.003767462008094862,0.007992751479974263,0.009702351140646211
2024-08-13,1.0936251878738403,1.2771228551864624,146.98199462890625,18.1200008392334,0.0020538861067455733,0.0016333258835589033,-0.00040821713732640063,-0.1336002842703326,0.0016073004241369969,0.003219019839691846,0.0049233051124621015,0.0035644022014380593,0.008066951772380574,0.008951805117811736
2024-08-14,1.0996986627578735,1.2866700887680054,146.9709930419922,16.190000534057617,0.0055381610934357155,0.0074477759489886925,-7.485269672788923e-05,-0.11262254625371607,0.002641213452147236,0.0034067126053655777,0.0033751050117161235,0.003872251996155157,0.006583827508765615,0.008936482491904492
2024-08-15,1.1013215780258179,1.2828736305236816,147.2530059814453,15.229999542236328,0.0014746939005724669,-0.002954968991830062,0.0019169953963822828,-0.06112666382606371,0.0025667672789950395,0.0034067697481462707,0.004113999785944994,0.003908664128591588,0.005493825398787689,0.008995923899080988
2024-08-16,1.0972732305526733,1.2859420776367188,149.2220001220703,14.800000190734863,-0.003682672252913738,0.0023889986056003128,0.013282894341895599,-0.028639943192801342,0.003362648097887687,0.0035195268281205763,0.003785995946376352,0.003951057764191582,0.006642621358004832,0.009624425166823557
2024-08-19,1.1024993658065796,1.294716238975525,147.95599365234375,14.649999618530273,0.0047515321311987135,0.006799966575764562,-0.008520241437787684,-0.010186884233373265,0.003628272647267913,0.0035854135616530014,0.004239851885820777,0.004206851683587416,0.007829390059659526,0.00918667683031562
2024-08-20,1.1086474657058716,1.2990386486053467,146.69900512695312,15.880000114440918,0.005561019879638232,0.003332939170005577,-0.00853198592097793,0.08062015360140978,0.003958698735469974,0.0036398190666425165,0.004164026639760095,0.004168347321980533,0.00901058047220219,0.008891160650976754
2024-08-21,1.112792730331421,1.3035430908203125,145.3470001220703,16.270000457763672,0.0037320558476400963,0.0034615217992688234,-0.009258915645058914,0.0242624863407933,0.0037130135319950095,0.0036861728447329144,0.003529205965997804,0.004210964021938794,0.009830246442202817,0.008913904683418442
2024-08-22,1.115536093711853,1.309346079826355,145.1179962158203,17.549999237060547,0.0024622620655040902,0.004441825250164031,-0.0015768092994711714,0.07573095707315049,0.003679777193177932,0.0036767665421344824,0.0016829370934943913,0.0042982073436037705,0.009583539049979987,0.008924571943408491
2024-08-23,1.111716389656067,1.3097747564315796,146.20199584960938,15.859999656677246,-0.0034299728738610585,0.00032734389579749305,0.007442020227230961,-0.10125371187992283,0.0035726965183249908,0.003666712762385697,0.0023303857514611038,0.004248086337227013,0.007165535251707973,0.009181707293354357
2024-08-26,1.1187934875488281,1.3212658166885376,144.0,16.149999618530273,0.006345743377981329,0.008735048360165528,-0.015175899148612722,0.018119831488631097,0.003869780569799297,0.0037972808166959063,0.0030340312515598176,0.004574893027451045,0.008657380904190791,0.009349568921378993
2024-08-27,1.1164700984954834,1.3191741704940796,144.51600646972656,15.430000305175781,-0.0020788509279929717,-0.0015843167366987906,0.0035769732585787394,-0.04560633989509903,0.004076092164023399,0.00387049250554982,0.003978460634314906,0.004508392630551655,0.009243164632683883,0.009449270018690177
2024-08-28,1.117793083190918,1.3257501125335693,143.97500610351562,17.110000610351562,0.0011842694816812614,0.004972509520464207,-0.003750557048959057,0.10334943742316474,0.0038665150977614604,0.0038633097939826896,0.0040713400989851965,0.004579861270675116,0.00861755534289958,0.00936510600865427
2024-08-29,1.1124955415725708,1.3193656206130981,144.43299865722656,15.649999618530273,-0.004750552482151741,-0.004827391284991894,0.0031760071227741726,-0.08919223096521478,0.004439458082523265,0.003964801806522492,0.005369479126223565,0.004750921746127801,0.008918557657312944,0.009458568463556197
2024-08-30,1.1080454587936401,1.3166210651397705,144.88999938964844,15.0,-0.004008112199441408,-0.0020823750589683905,0.0031591067117198103,-0.04242069150888951,0.004539751419573847,0.004110441509535532,0.005606712693601418,0.004758957057367259,0.008077507926775177,0.009480558127057993
2024-09-02,1.1044842004776,1.3128528594970703,146.38099670410156,15.0,-0.0032191761828712752,-0.002866130891774321,0.010237959548104983,0.0,0.0023227177907582234,0.00421222562212311,0.0037057406686640325,0.00483516068864191,0.004948624967139993,0.0090467903768323
2024-09-03,1.1067456007003784,1.314198613166809,146.7220001220703,20.719999313354492,0.0020453785580929677,0.0010245355307719748,0.0023268514857738955,0.32304918314980974,0.003133516383270949,0.004107087509607783,0.0038332192088333596,0.0042078895576601145,0.004961427191780238,0.009054443306638389
2024-09-04,1.1048868894577026,1.3114066123962402,145.35299682617188,21.31999969482422,-0.0016808504021881394,-0.0021267491363528425,-0.009374395862537445,0.02854620073156293,0.0026940133951243576,0.0034549065127980976,0.0021071767036140608,0.004211877826360158,0.007071583755156685,0.0076217017413835065
2024-09-05,1.1080454587936401,1.3144749402999878,143.32400512695312,19.899999618530273,0.0028546480269664664,0.0023369898745623546,-0.014057407399414619,-0.0689258724224691,0.0030972936935863885,0.0034242040520997496,0.0022818244433871703,0.004211980426840544,0.009922420439534252,0.008171946568827429
2024-09-06,1.1111111640930176,1.317748785018921,143.39300537109375,22.3799991607666,0.002762948065971709,0.0024875137896371176,0.00048131253428474396,0.11744795282340682,0.0028119409571894056,0.0033961869424685297,0.002514462470152538,0.0036537204990212757,0.009674441163982327,0.008044161430030517
2024-09-09,1.1087212562561035,1.3133355379104614,142.48599243164062,19.450000762939453,-0.002153233494915558,-0.003354701488581269,-0.00634545377458565,-0.14032055609438693,0.0024746748521819444,0.0034512021738666077,0.0026668792284409233,0.0037891054676161607,0.006817886185473577,0.007814999822599157
2024-09-10,1.1037527322769165,1.307138204574585,143.177001953125,19.079999923706055,-0.004491381464581687,-0.004729942368415775,0.004837944591103522,-0.019206447268627396,0.0032384628373792186,0.003604932187408051,0.0033164352086819285,0.00392437234555249,0.0075788093041975965,0.007498748378454581
2024-09-11,1.1020983457565308,1.3080273866653442,142.23399353027344,17.690000534057617,-0.001499998659979876,0.0006800197494208611,-0.00660809758066485,-0.07564112366000948,0.0032235326809724046,0.0036278212423005987,0.003331915589139461,0.003920565862635702,0.007264190005458982,0.0075578960568147315
2024-09-12,1.1010911464691162,1.3039510250091553,142.58999633789062,17.06999969482422,-0.0009143102407975252,-0.003121285342511527,0.0024998104490564273,-0.035677019433049094,0.0026268279785298695,0.0036202911043669633,0.003045315658098867,0.004023003126251721,0.005209260369893661,0.007603396668936466
2024-09-13,1.1077877283096313,1.313232183456421,141.49899291992188,16.559999465942383,0.006063349541865521,0.007092508712099702,-0.007680753726966889,-0.030332402221190383,0.0039643535320339676,0.0036579480935899147,0.0047900223809678255,0.003996281845210482,0.005857064678636361,0.007713399277729383
2024-09-16,1.1088441610336304,1.3137997388839722,140.7899932861328,17.139999389648438,0.0009531874092983568,0.00043208872458298103,-0.005023229096936012,0.034424760852599955,0.0039028445769632297,0.003651882794589374,0.004556385835571964,0.0039037049501334984,0.005676082023972775,0.007699278037257723
2024-09-17,1.1129536628723145,1.3210737705230713,140.7899932861328,17.610000610351562,0.003699262354885196,0.005521365706916534,0.0,0.02705207960763049,0.0031882725134844553,0.003606465462879444,0.004143934929148355,0.004009311048822004,0.004404893020267968,0.00692202761111969
2024-09-18,1.1123099327087402,1.3167423009872437,142.01499938964844,18.229999542236328,-0.000578565328448507,-0.003284136051573509,0.008663310740091773,0.034601606412624705,0.0029797463180231396,0.0034947594912081506,0.004813638764382145,0.003916989309802605,0.00642366645148487,0.00719160816568073
2024-09-19,1.1114816665649414,1.3201146125793457,142.7100067138672,16.329999923706055,-0.0007449134913267066,0.002557828157727889,0.004881964630402027,-0.11006466126974973,0.0029412502868603444,0.0033049841412240368,0.004121562602999924,0.0038962392337892533,0.00676335318789274,0.007167849903901954
2024-09-20,1.1161960363388062,1.328179955482483,142.85800170898438,16.149999618530273,0.004232548367000081,0.006090989979625265,0.0010364957138167092,-0.011083876262113658,0.0023431758884041214,0.0033326665583477077,0.0038561746106821303,0.004022264607169009,0.005170119451523098,0.006953145085223259
2024-09-23,1.1160838603973389,1.331398367881775,144.00399780273438,15.890000343322754,-0.00010050347335537372,0.002420243797317344,0.007989919837975179,-0.01623002389340957,0.0024509373908080676,0.0032921281870774647,0.0037202074389031023,0.003958919306930691,0.003933936571542441,0.007196180814347458
2024-09-24,1.1111727952957153,1.3349887132644653,143.63800048828125,15.390000343322754,-0.004409974978157959,0.002693043015386886,-0.002544812747417805,-0.03197203199588042,0.003072017976356375,0.0033472342152591605,0.0033756735511325723,0.003978710248750458,0.004745012540740419,0.006993357264970587
2024-09-25,1.1191190481185913,1.3427324295043945,142.96299743652344,15.40999984741211,0.00712578174023549,0.005783826929216067,-0.00471041137137772,0.0012986692711907113,0.004507076009079445,0.003421214253626781,0.0018571933043455278,0.0037435929040259648,0.005209555430186994,0.006289760242846094
2024-09-26,1.1131023168563843,1.3315792083740234,144.68299865722656,15.369999885559082,-0.0053908146634261515,-0.00834105168301564,0.011959295413393705,-0.0025990893253781478,0.005403367068796797,0.0035865297844427093,0.005879662298710842,0.004192917320194583,0.007051536757439746,0.00677293817324199
2024-09-27,1.117717981338501,1.341381549835205,145.0760040283203,16.959999084472656,0.004138093124158529,0.007334477600360594,0.002712637802051225,0.09844002627741914,0.005386281586132458,0.0036920962623725323,0.006131187987799177,0.004342464944533309,0.0069895131058677505,0.006740216635684962
2024-09-30,1.1169815063476562,1.338329792022705,142.7830047607422,16.729999542236328,-0.0006591266714528767,-0.002277677512618677,-0.015931742264061386,-0.013654088745303506,0.005401724730482655,0.0035415483754955494,0.0064005467982413255,0.00422503115382431,0.010227004099894252,0.007541667321931309
2024-10-01,1.113660216331482,1.3376137018203735,143.7100067138672,19.260000228881836,-0.0029778807029176247,-0.0005352057852286609,0.006471398262111534,0.14082693061688453,0.005129904917497372,0.003489927881480042,0.006354582388625209,0.004190139852703188,0.010819199336214705,0.007650931343425988
2024-10-02,1.1063904762268066,1.327404260635376,143.73599243164062,18.899999618530273,-0.006549189271602771,-0.007661855397140441,0.00018080417136763822,-0.018868516371758504,0.004248794804265,0.0037117984351043003,0.006347871384173552,0.004498905252204412,0.010491659384127923,0.007278195023982245
2024-10-03,1.1048502922058105,1.326611876487732,146.58200073242188,20.489999771118164,-0.0013930498135304333,-0.0005971208389463094,0.01960677285185657,0.08077504919837869,0.0038789287006938955,0.0036973932413762577,0.005374378997468829,0.004503202483088256,0.012781905144337217,0.008469828959426965
2024-10-04,1.103557825088501,1.3130252361297607,146.83999633789062,19.209999084472656,-0.0011704967526170221,-0.010294415304146726,0.0017585298616380454,-0.06450602195882109,0.0023975801134146634,0.0036884474668210745,0.004449895725463537,0.005029700419691252,0.012787072898340527,0.00821451568888963
2024-10-07,1.0974539518356323,1.3125253915786743,148.82000732421875,22.639999389648438,-0.005546439110082104,-0.00038075408019189096,0.013394037495219528,0.16428729725441985,0.0024300280051507066,0.003805911193499035,0.004734338864825826,0.005004322370951543,0.008152403359990294,0.00798563785817137
2024-10-08,1.0975743532180786,1.3084723949432373,148.14599609375,21.420000076293945,0.00010970371752365722,-0.003092715214653301,-0.004539323559396785,-0.05539315779457903,0.0029427933004762107,0.0037411841286064352,0.004407632848145106,0.0050100703373613595,0.01003387234038931,0.00809344739008263
2024-10-09,1.0975743532180786,1.309483289718628,148.15899658203125,20.860000610351562,0.0,0.0007722780271306751,8.775072044637628e-05,-0.02649158974936262,0.0023067710037296307,0.0037255740845877515,0.004463333016854398,0.004968163207686461,0.010047626776256785,0.007911331335914961
2024-10-10,1.0943313837051392,1.306830883026123,149.16000366210938,20.93000030517578,-0.0029590431965937944,-0.0020275910506728644,0.006733581516722074,0.003350072206641976,0.0023768832644753754,0.0036603556230421605,0.004337427030556134,0.004881764105569018,0.006849344092764283,0.007956477813539876
2024-10-11,1.0933860540390015,1.3062163591384888,148.70399475097656,20.459999084472656,-0.0008642155597103411,-0.00047035039324773247,-0.0030618622580720583,-0.022711835262393478,0.002404596044715496,0.0036536755032238353,0.0015192459634863196,0.004880174158765738,0.007465018291187335,0.007811331709837664
2024-10-14,1.0925379991531372,1.3049037456512451,149.33399963378906,19.700000762939453,-0.000775923506742071,-0.0010054026970305844,0.00422768796623148,-0.037853041304464326,0.0012334721160979795,0.0036527961186043857,0.0014765842764768236,0.004837696800646064,0.0047651104983210185,0.00782503913447107
2024-10-15,1.0909169912338257,1.3067454099655151,149.6699981689453,20.639999389648438,-0.001484810288522294,0.0014103461145052827,0.0022474527367793502,0.0466122365702319,0.0011075345345249058,0.0033643856003863124,0.0013765735355370794,0.004588103697072897,0.0037649289136615933,0.007514187488217461
2024-10-16,1.0884116888046265,1.3065917491912842,149.0989990234375,19.579999923706055,-0.002299151620178001,-0.00011759735927658352,-0.003822350016782611,-0.05272227783622492,0.0009407710914296445,0.0033598484146988438,0.0012618189701901516,0.004585850662723336,0.004589416747143565,0.007460711015605696
2024-10-17,1.0862481594085693,1.29902184009552,149.5760040283203,19.110000610351562,-0.0019897641570457317,-0.005810478134285857,0.003194143504241001,-0.024296843014801575,0.000671894290124341,0.003208951258549769,0.002730030178597002,0.004542929825862346,0.003726961801321503,0.007438620766593571
2024-10-18,1.0829542875289917,1.301574945449829,150.10000610351562,18.030000686645508,-0.0030369451370040068,0.001963477143966601,0.003497127507842794,-0.05817471489231307,0.0008506548352308647,0.0032325006953391492,0.0030861144616468736,0.004542135334517013,0.003259789284681458,0.0073237676543323514
2024-10-21,1.0868619680404663,1.3052616119384766,149.60000610351562,18.3700008392334,0.0036018577389630843,0.0028284619041699837,-0.0033366729631336732,0.018681869613305074,0.0026561244588181017,0.003391578812867815,0.0034498174770674433,0.004551244141078066,0.003626078339065469,0.007406520677939501
2024-10-22,1.0817828178405762,1.298296570777893,150.60499572753906,18.200000762939453,-0.004684178358743221,-0.005350414538428016,0.0066953806379459165,-0.009297308909531486,0.0031322395368523024,0.0032646361845126127,0.004057178561695859,0.004412092071280612,0.004616482691452378,0.007464294222035726
2024-10-23,1.079727053642273,1.2982797622680664,151.13800048828125,19.239999771118164,-0.0019021563077478245,-1.294667105527057e-05,0.0035328429941704808,0.05556979733891606,0.0031176706415939597,0.0032524440529242793,0.004065048230337146,0.004351449952484535,0.0036734293425630476,0.007365189649594075
2024-10-24,1.0780508518218994,1.291372299194336,152.7689971923828,19.079999923706055,-0.0015536373352375663,-0.005334677625628749,0.010733628218841761,-0.008350771319909049,0.0031102099784403505,0.003187332679793395,0.003935890147672291,0.004350868727641492,0.005163642077625172,0.0075008544346744635
2024-10-25,1.0824151039123535,1.2973365783691406,151.7830047607422,20.329999923706055,0.004040108121261029,0.004607926198098944,-0.0064750575943590466,0.06345696186597276,0.003782187371907932,0.002844920314799823,0.004587793484033301,0.004263341912517853,0.007083688879922165,0.007593866443310843
2024-10-28,1.0796570777893066,1.295823574066162,152.95199584960938,19.799999237060547,-0.0025512817216714694,-0.0011669194231956042,0.007672218948976827,-0.026415724719285577,0.0032387296497126032,0.002722523778703014,0.004157753920131511,0.003985556990528318,0.006616358844770368,0.007397997151590501
2024-10-29,1.0816774368286133,1.2974711656570435,153.1790008544922,19.34000015258789,0.0018695482944515605,0.00127065526900785,0.0014830582262771906,-0.023506401253288445,0.002844152438703268,0.0025401604321911137,0.0036258555193326536,0.0035504651539619405,0.006581080168611181,0.007401166422242894
2024-10-30,1.0820636749267578,1.3014055490493774,153.2740020751953,20.350000381469727,0.0003570095333019306,0.0030277591666566096,0.0006200051742889628,0.05090543271914016,0.0026425999380963773,0.0025651001370953727,0.003894829976995505,0.0036740708202853203,0.0066931709871140485,0.006182363616158767
2024-10-31,1.0859178304672241,1.2959579229354858,153.20399475097656,23.15999984741211,0.00355552811789075,-0.004194741445021216,-0.0004568505808661926,0.12934571548232596,0.0026703335754951476,0.0027505148227774732,0.0034806421833410268,0.003721671978184427,0.005048884522450997,0.006185460400517029
2024-11-01,1.0886130332946777,1.2897733449935913,151.97999572753906,21.8799991607666,0.0024788833789448966,-0.004783629151356963,-0.008021427234909126,-0.056853706918779355,0.0023663390265571075,0.0025739019179817795,0.0033832441588551388,0.003538551457074975,0.005604961527650495,0.006591526940747352
2024-11-04,1.087453007698059,1.2953401803970337,152.28700256347656,21.979999542236328,-0.0010661677399958194,0.004306846839542004,0.0020180101151216477,0.004559988951510874,0.0018161077416518373,0.0025708718542985093,0.0041767793100182275,0.0037344512766684535,0.00410521602412849,0.00537708399332753
2024-11-05,1.0874056816101074,1.2954542636871338,152.2760009765625,20.489999771118164,-4.3521069384201406e-05,8.80681911560897e-05,-7.224506450861573e-05,-0.07019597706871061,0.001902193963119956,0.002572725109813207,0.004114575818597331,0.0031207243237386067,0.003937716620262813,0.005390860385247294
2024-11-06,1.093445897102356,1.3043591976165771,151.43499755859375,16.270000457763672,0.005539332429711126,0.006850467456115092,-0.005538196322174355,-0.2306140017140018,0.0026790933449881067,0.00265645558018354,0.0051219304256030895,0.0035036100410805932,0.004188102387746179,0.004917570063425871
2024-11-07,1.073306918144226,1.2883278131484985,154.32000732421875,15.199999809265137,-0.01858962293453205,-0.012366775254517274,0.01887194220063138,-0.06802753406250556,0.00943732158380881,0.004739099240757789,0.0076539527590878354,0.004320393585263998,0.01054403556760466,0.006099927741912204
2024-11-08,1.0795172452926636,1.2982292175292969,153.17999267578125,14.9399995803833,0.005769485943921089,0.007656086935722304,-0.00741476339172595,-0.017253263686007284,0.009957456811430036,0.004952830069960791,0.008192953403108532,0.004667805494048733,0.010410418705448917,0.006405548391407582
2024-11-11,1.0714898109436035,1.2917059659957886,152.9040069580078,14.970000267028809,-0.0074639193703969955,-0.005037396587493651,-0.0018033336789642503,0.0020060646512555826,0.010265461522543269,0.0051379962709219495,0.008400686113475905,0.004761188927177261,0.010509376123526903,0.006332513609011584
2024-11-12,1.066439151763916,1.2874983549118042,153.47999572753906,14.710000038146973,-0.004724823568674232,-0.0032627231448897295,0.0037599185534789832,-0.017520679062518398,0.010146017036554196,0.0052001632720700165,0.008469245379324322,0.00479663511368132,0.010568640223751279,0.00628447714190395
2024-11-13,1.061672568321228,1.2739177942276,154.65499877929688,14.020000457763672,-0.004479643966715406,-0.010604046472454552,0.0076265842440242934,-0.04804262294940944,0.0087041326503408,0.005247744089495722,0.00788173608443085,0.0052454702162146195,0.009976766228535038,0.006397120146535589
2024-11-14,1.0564124584197998,1.27068030834198,155.4290008544922,14.3100004196167,-0.004966864548694718,-0.0025445964368488666,0.004992219421824234,0.020473708634473634,0.005140852765990827,0.005305690914985637,0.006624001544716926,0.005223338045117355,0.00602494496914163,0.006437163825426907
2024-11-15,1.0530084371566772,1.266784906387329,156.46800231933594,16.139999389648438,-0.003227449035962479,-0.0030703120516819542,0.006662489845053109,0.12034200213404177,0.0015456920602700222,0.005316355389604323,0.0033215700597456974,0.0052301898085616244,0.00369646172528572,0.006395579542063698
2024-11-18,1.0533745288848877,1.261765956878662,154.66400146484375,15.579999923706055,0.00034760225258057047,-0.0039698280726231504,-0.011596499551067533,-0.03531258948003348,0.0022050864903885763,0.005329505729104655,0.0033450656775862093,0.005170768131304151,0.007904038736407196,0.007031120381232693
2024-11-19,1.059490442276001,1.2679253816604614,154.61700439453125,16.350000381469727,0.005789229842806905,0.004869714229611471,-0.00030391178109142686,0.04823988512905733,0.004478911375734398,0.005528649376815055,0.005497419087877774,0.00529436709557096,0.007923879933207804,0.007026935304042097
2024-11-20,1.0607603788375854,1.2694543600082397,154.71800231933594,17.15999984741211,0.0011979117760981743,0.0012051633484175173,0.0006530003148785716,0.04835316449300409,0.004183581026722642,0.005456743820107413,0.003686598547627579,0.005246785203926706,0.00714624763316519,0.006951361538142027
2024-11-21,1.0546187162399292,1.2655344009399414,155.2949981689453,16.8700008392334,-0.005806694288349814,-0.003092686052990544,0.003722402060246723,-0.0170441388627829,0.004433608469976671,0.005496905590505726,0.003762452792090685,0.005184772455536842,0.006947910365888524,0.006874618655979736
2024-11-22,1.0469341278076172,1.2584789991378784,154.21800231933594,15.239999771118164,-0.0073132804671590685,-0.00559063607058686,-0.0069593212218917845,-0.10161341106495818,0.005375383535050143,0.005650791123942767,0.0042746711823527525,0.005261722927137945,0.006231509416686346,0.007080037597646182
2024-11-25,1.0479873418807983,1.2593823671340942,154.14599609375,14.600000381469727,0.0010054927377039545,0.0007175677319482824,-0.00046702097044572027,-0.04290198039765308,0.005429204275908722,0.005673812787244896,0.0040554369214564874,0.005204955212447016,0.003897893773790763,0.006734814643325399
2024-11-26,1.0444300174713135,1.2533055543899536,154.3780059814453,14.100000381469727,-0.0034002086829326983,-0.004836911531826118,0.0015039992342176208,-0.03484673040364113,0.0038799215633394065,0.005561891342489975,0.0031337892723316135,0.005096651552823245,0.004022323819284482,0.006559054672693949
2024-11-27,1.0491198301315308,1.2573871612548828,153.00900268554688,14.100000381469727,0.00448025683300722,0.003251381927557341,-0.008907418393878173,0.0,0.004886081242063898,0.005706216939840083,0.0037767914476954712,0.005199287691787602,0.0054643381943139495,0.0066796803635802895
2024-11-28,1.0562450885772705,1.2677645683288574,151.33599853515625,14.100000381469727,0.006768694192798784,0.008219280745922044,-0.010994240059424164,0.0,0.005733007937932963,0.005927285133155876,0.005759207582709575,0.00556542214934327,0.005425676946272562,0.007067702414559777
2024-11-29,1.0563008785247803,1.2696800231933594,151.1739959716797,13.510000228881836,5.281773593705406e-05,0.0015097513732786636,-0.0010710560438017005,-0.04274465552494473,0.003955882608103941,0.005924123634049683,0.004706758785535565,0.005521660004685601,0.005575750721364212,0.0070635639573187895
2024-12-02,1.0545074939727783,1.270163893699646,149.8979949951172,13.34000015258789,-0.0016992399754418089,0.00038102381718997484,-0.008476435237345394,-0.012663116987917826,0.00426162506349591,0.005832908728640636,0.004727969757380506,0.005486464992312094,0.005460958219720365,0.0072585999227722615
2024-12-03,1.0501223802566528,1.265854835510254,149.50799560546875,13.300000190734863,-0.004167117568172117,-0.003398289047822985,-0.002605155691360324,-0.0030030023571751023,0.0044786788894059185,0.0057980203312860135,0.004249943833852897,0.005447748367231766,0.00431577540019541,0.0070989080880730256
2024-12-04,1.0510826110839844,1.2674272060394287,149.64700317382812,13.449999809265137,0.0009139811661724639,0.0012413704477465314,0.0009293348192825132,0.011215042298142144,0.0040683818693757435,0.005822609195540268,0.0041958311060415875,0.005347832552413951,0.005069442868410716,0.007082502994096119
2024-12-05,1.051414132118225,1.2701154947280884,150.56700134277344,13.539999961853027,0.0003153593821823031,0.002118813365050758,0.006128968236142791,0.006669172799957789,0.0020607590577595247,0.005827520416417057,0.002197543531004137,0.005384728891256559,0.00531557613093296,0.007234403696887948
2024-12-06,1.058559536933899,1.2759333848953247,150.20700073242188,12.770000457763672,0.006773005972460674,0.00457014029850008,-0.0023938291194088935,-0.058549558775524854,0.004066577755127743,0.005904215604959463,0.002906134507437469,0.0052487067040481285,0.005351617631811726,0.0071610859240438
2024-12-09,1.0565463304519653,1.2749296426773071,150.02999877929688,14.1899995803833,-0.001903646640996115,-0.0007869824910024361,-0.0011790816849291568,0.1054387557094042,0.004094232538902959,0.004507322090123235,0.0030116099993198367,0.004594560868460859,0.0036118014623818208,0.00572807569467257
2024-12-10,1.0555204153060913,1.2749085426330566,151.4080047607422,14.180000305175781,-0.0009714799294297815,-1.6550104530163482e-05,0.009142945246482943,-0.0007049189751086937,0.003395526097608538,0.004268272740808438,0.0020843426360425727,0.00422423074574016,0.004930695501354766,0.0059666474789698155
2024-12-11,1.0532968044281006,1.2780042886734009,151.8070068359375,13.579999923706055,-0.0021088709645177175,0.002425266949808693,0.0026318110267640423,-0.043234426113106225,0.0036777156357869632,0.004029408207954501,0.002125063556867208,0.004169043431440851,0.004851039473229277,0.005996388513529794
2024-12-12,1.0506850481033325,1.2766337394714355,152.2449951171875,13.920000076293945,-0.0024826807922637144,-0.0010729890640937135,0.0028810110203949042,0.02472854387472121,0.0039037180381067964,0.003952459027087955,0.00241342210722522,0.004125473955039674,0.004510399412485071,0.005970734161532538
2024-12-13,1.0474056005477905,1.2677323818206787,152.58700561523438,13.8100004196167,-0.0031261282522741423,-0.006996944261850604,0.002243928726204531,-0.007933662580971048,0.0007921256295446801,0.003900635232990403,0.0034747019895382063,0.003755054678845432,0.003735572522887166,0.005733124530173014
2024-12-16,1.051005244255066,1.2627378702163696,153.4530029296875,14.6899995803833,0.0034308317144111627,-0.003947501920626198,0.005659388326153405,0.06177396381481069,0.002625266409071771,0.003865217592371328,0.003643761990346838,0.0038079286573895832,0.0029198260482826244,0.005765850733827795
2024-12-17,1.0517348051071167,1.2690355777740479,154.08599853515625,15.869999885559082,0.0006939144774902469,0.0049749479375807626,0.004116528286418835,0.07726356570616974,0.002741076767564035,0.0038105963501973974,0.004797384389927565,0.003912579449813741,0.0013926114079703122,0.005637657336779764
2024-12-18,1.0495051145553589,1.2710840702056885,153.57200622558594,27.6200008392334,-0.0021222625439105583,0.001612910539361842,-0.003341325626639804,0.554109651038965,0.0027427808449068188,0.0038344781850533105,0.004667623393083022,0.003817242824607052,0.0034186923223280927,0.005129501570299792
2024-12-19,1.0350252389907837,1.2567708492279053,154.67300415039062,24.09000015258789,-0.013892921674058333,-0.01132452169921236,0.007143684860665621,-0.13674335540527865,0.00660383638108913,0.004598511610360069,0.006537525164189062,0.004415559659377754,0.004066262298179783,0.005370835815123961
2024-12-20,1.0364949703216553,1.2497968673706055,157.6439971923828,18.360000610351562,0.0014189884036627928,-0.005564581245209979,0.01902607063654062,-0.271622404524963,0.006889351768350601,0.004603923458401207,0.006354887100235008,0.0045325873246630675,0.0080708403162086,0.0067308085649110515
2024-12-23,1.0433076620101929,1.256991982460022,156.5330047607422,16.780000686645508,0.006551310157174737,0.005740519269195101,-0.007072427680230513,-0.08998667647636249,0.007617818350048176,0.0047478143067501,0.007337480189977425,0.004699572247252727,0.01015098023731506,0.006902833850083809
2024-12-24,1.0405826568603516,1.2534469366073608,157.1649932861328,14.270000457763672,-0.002615307224549931,-0.002824245738158877,0.004029285391430342,-0.1620282783920423,0.007525994174125574,0.004526821990583226,0.006561006841816954,0.004587156932053555,0.010150750062402061,0.006743651901768554
2024-12-25,1.0402579307556152,1.2536041736602783,157.10699462890625,14.270000457763672,-0.000312110508902009,0.000125435857673356,-0.0003690984886676413,0.0,0.007569991178293147,0.004517758869204987,0.006360128813888413,0.0045833622699694345,0.009693210378447063,0.006742766293948504
2024-12-26,1.0399551391601562,1.254374623298645,157.13299560546875,14.729999542236328,-0.0002911159457427181,0.0006143988645654343,0.00016548483598429308,0.031726735830086665,0.003443810836470385,0.004465685897394792,0.004229635214502312,0.004467136056765289,0.009728977366615491,0.0067427634176043146
2024-12-27,1.0423181056976318,1.2529758214950562,157.7480010986328,15.949999809265137,0.0022696037204858978,-0.0011157610230433052,0.0039062774929713336,0.07957261787497986,0.003493401865958438,0.004379512489066984,0.003212374333697426,0.004414297307038234,0.004516359238913586,0.006409111274127338
2024-12-30,1.0429377555847168,1.257880687713623,157.8730010986328,17.399999618530273,0.0005943154668251187,0.003906931710046649,0.0007920892821785847,0.08701136702438074,0.0017678486202865203,0.004093763540875627,0.002488911424180005,0.004109749658002505,0.002106734585598518,0.005787375489692304
2024-12-31,1.040615200996399,1.254909873008728,156.9949951171875,17.350000381469727,-0.002229418304886993,-0.002364555276125464,-0.005576992693468303,-0.002877655917339942,0.001632221166538267,0.004105960377094217,0.002356971501626797,0.004109012631467639,0.0034248586545105653,0.005975041104454869
2025-01-02,1.0351860523223877,1.2519248723983765,157.718994140625,17.93000030517578,-0.005230906422146218,-0.0023814908634132866,0.00460100488290266,0.032882776257846205,0.0028785489025399433,0.0042152883020829665,0.0026358001110708632,0.004121976592519611,0.004036173650969296,0.0055478487097613645
2025-01-03,1.0268205404281616,1.2380222082138062,157.36199951171875,16.1299991607666,-0.008113997132924225,-0.011167151921014652,-0.0022660508812771705,-0.10579446452967473,0.004223833630438844,0.004441527312366935,0.005432297395726472,0.004664980401032694,0.004268176162537695,0.005533990898807802
2025-01-06,1.0305347442626953,1.2426837682724,157.4810028076172,16.040000915527344,0.003610662579582716,0.0037582571974487293,0.0007559532890296199,-0.005595180591635829,0.0046289128539022005,0.004533696860154065,0.006159354348565127,0.004752870913644026,0.0038089377215577117,0.0055361994568340475
2025-01-07,1.0386372804641724,1.2510946989059448,157.7429962158203,17.81999969482422,0.007831709997193285,0.006745557103365073,0.001662268541365746,0.10523574540106705,0.006502453425755875,0.004898013136409406,0.006887355328395334,0.004989122539597769,0.0038924910811264884,0.005471359391788435
2025-01-08,1.034554123878479,1.247785210609436,158.23599243164062,17.700000762939453,-0.003939010992033952,-0.0026487789340033175,0.0031204392289603334,-0.006756722233491995,0.006638203489861382,0.004661499793193506,0.006901746433195488,0.00486276901744875,0.002596979628519061,0.005380458334644646
2025-01-09,1.0314701795578003,1.2359870672225952,158.19200134277344,17.700000762939453,-0.0029853923848209975,-0.009500252683064604,-0.000278048023664893,0.0,0.00636497460962261,0.004676694539254654,0.007886250528813255,0.005187398181703138,0.0020304285176480853,0.005355552155322815
2025-01-10,1.0297601222991943,1.2299367189407349,158.04800415039062,19.540000915527344,-0.0016592591806951788,-0.004907175523448499,-0.0009106830244970378,0.09889901078493853,0.004997990532813274,0.004678150314047902,0.006564896608344362,0.005229458459634694,0.0015964037016491872,0.005179533570257508
2025-01-13,1.0244431495666504,1.2204945087432861,157.88699340820312,19.190000534057617,-0.00517668789558367,-0.007706608390577105,-0.00101926508535769,-0.018074355619041128,0.005203016909272182,0.004754040765125598,0.006350614847622835,0.005300755366611024,0.0018110773914652926,0.005215049234806707
2025-01-14,1.0265253782272339,1.2233314514160156,157.36399841308594,18.709999084472656,0.002030483986235354,0.002321723390563335,-0.003317962439353377,-0.02533124649612117,0.0027651639027288567,0.004796071725158302,0.004620954760579181,0.005380666248208912,0.002320251422615992,0.005319432173550334
2025-01-15,1.0306835174560547,1.221344232559204,158.0500030517578,16.1200008392334,0.004042511093745486,-0.0016257529025503698,0.00434987487661892,-0.14899730221337662,0.0037456157814794197,0.004891401067988268,0.004743778725278018,0.005260737224357853,0.0028106586064426584,0.005352243812615445
2025-01-16,1.0295268297195435,1.2243348360061646,156.2550048828125,16.600000381469727,-0.0011228832625102638,0.0024456233657014345,-0.011422138616917665,0.029341929202495187,0.0035554743584706723,0.004802415413503405,0.004459323189824292,0.005306727556873883,0.005742526507467165,0.0059416812214131195
2025-01-17,1.0301949977874756,1.2236906290054321,155.3560028076172,15.970000267028809,0.0006487944949136819,-0.0005263074463972759,-0.005770043722740967,-0.03869073939502857,0.0034967487102040497,0.004801694646080434,0.004138207527290842,0.005118100276257729,0.005824529126306733,0.006053504101456519
2025-01-20,1.0277386903762817,1.2171002626419067,156.30599975585938,15.970000267028809,-0.002387160083696559,-0.0054002023703556305,0.006096347213851665,0.0,0.002538800542429722,0.0048051298405126655,0.0032366100874987778,0.005123340835375443,0.0072559954987801755,0.006111865745126636
2025-01-21,1.0420682430267334,1.233136773109436,155.24899291992188,15.0600004196167,0.013846491055078888,0.013089949434753721,-0.006785388880284009,-0.05866972871283094,0.006524585638762699,0.004886625347076125,0.007011837482963876,0.005621188387325494,0.0075707915098827275,0.006145025223786756
2025-01-22,1.0405935049057007,1.2335399389266968,155.7740020751953,15.100000381469727,-0.0014162053621806219,0.0003268898748534627,0.003376018251839384,0.002652518849032259,0.006760140407826235,0.004893318634470948,0.0068397598672942355,0.005526065449534679,0.00735328000277869,0.0045593939886991956
2025-01-23,1.0410159826278687,1.231420874595642,156.44000244140625,15.020000457763672,0.00040591449116566636,-0.0017193497287703995,0.004266313277148814,-0.005312092270843689,0.006621608561395198,0.004683146800287328,0.007021184735604609,0.005344686647183806,0.006037782500656016,0.00442497411230829
2025-01-24,1.041601538658142,1.2353914976119995,156.15499877929688,14.850000381469727,0.0005623270136917337,0.003219236687975316,-0.001823469601031126,-0.01138278587602501,0.0066268473373805896,0.0046507643027798844,0.006996831814409579,0.00539796273155639,0.005264691587045289,0.004344701010034067
2025-01-27,1.0467586517333984,1.2459352016448975,155.74400329589844,17.899999618530273,0.004938921534779492,0.0084984919521806,-0.0026354410789796996,0.18680080059864573,0.006151269607441889,0.004764935403649949,0.006069249503267617,0.005740268321939328,0.004563885044541471,0.004373363717606767
2025-01-28,1.0445064306259155,1.2460592985153198,154.90899658203125,16.40999984741211,-0.002153932561904579,9.959642408285336e-05,-0.0053758291414328,-0.08690979573202155,0.002758017857181694,0.004792100264105455,0.0039976626705990285,0.0057375019208471345,0.0041172723803477905,0.0044972981363759915
2025-01-29,1.0429050922393799,1.2441680431365967,155.5590057373047,16.559999465942383,-0.0015342817485930794,-0.0015189422352833303,0.004187292089086819,0.00909922090372748,0.002778606820151209,0.004782428344623675,0.00427613017164209,0.005740866805830516,0.0043163487916863365,0.004511226657943821
2025-01-30,1.0425245761871338,1.245530128479004,155.1699981689453,15.84000015258789,-0.0003649282085413558,0.001094177192905815,-0.002503839465900874,-0.044451720687903346,0.0028025155639723157,0.00478136895427587,0.0038776311788073477,0.005673154215108582,0.003524346057681176,0.004516296262771055
2025-01-31,1.0397279262542725,1.2423903942108154,154.0970001220703,16.43000030517578,-0.0026861791364861222,-0.002523984111517385,-0.006939003244346213,0.0365705546041249,0.0030857266050208216,0.004792407617060216,0.004351039623408563,0.005675819487287074,0.004260157706163938,0.00459378387199711
2025-02-03,1.024779200553894,1.2291958332061768,155.36300659179688,18.6200008392334,-0.01448189426502745,-0.010677099756316788,0.008182081723904413,0.12512736629705268,0.005787906300858532,0.0056063996233407685,0.004671546382867349,0.006071608125414494,0.006453653640641133,0.004852195067301139
2025-02-04,1.0327378511428833,1.2431780099868774,155.27699279785156,17.209999084472656,0.007736208334642574,0.011310850813896541,-0.0005537844212755325,-0.0787457598944896,0.007962384694537932,0.005594289814759007,0.007917368046613893,0.006140641321676948,0.005875362675920364,0.004839327688843173
2025-02-05,1.0372798442840576,1.2478163242340088,154.13299560546875,15.770000457763672,0.004388368698745603,0.0037240707809138335,-0.00739473480669403,-0.08738112702359498,0.00851954342096661,0.00561886614726557,0.008087916508166326,0.0061396993159817965,0.006312528238870199,0.005037991649048492
2025-02-06,1.0400848388671875,1.2504063844680786,152.6060028076172,15.5,0.0027005333349387236,0.0020735230314289092,-0.009956382591760201,-0.017269406077245503,0.00869256153599143,0.005393154543530895,0.008115124898293524,0.005980800463678191,0.007309091775281742,0.0053476357366681266
2025-02-07,1.0385725498199463,1.2437502145767212,151.1929931640625,16.540000915527344,-0.0014550635639053737,-0.005337424038008889,-0.009302333790798624,0.06494172102266113,0.008631263089049412,0.0053310183226518764,0.008490476563301715,0.006063860275670214,0.007668228504195475,0.0054899603802483965
2025-02-10,1.0311616659164429,1.2391574382781982,151.8459930419922,15.8100004196167,-0.0071612243912707796,-0.0036995186119546906,0.0043096823732482956,-0.045139067185260916,0.0057465213201502805,0.005519940068431628,0.006619068128680508,0.0057561090691642175,0.006212196101681549,0.00564615980081204
2025-02-11,1.0301525592803955,1.2360633611679077,151.75900268554688,16.020000457763672,-0.0009790906251212763,-0.002500042600269112,-0.0005730495877868701,0.013195292452123142,0.0044624303468748325,0.005512183266285797,0.0038731390516134425,0.005678424061300561,0.006209080164729504,0.005649323953920646
2025-02-12,1.0364949703216553,1.245159387588501,152.73899841308594,15.890000343322754,0.006137893242324767,0.0073319230795485385,0.006436818026066523,-0.008147968059884936,0.004980235478610641,0.005532295177519516,0.005137427573959611,0.005582398857648406,0.007574446059923317,0.005918502057961439
2025-02-13,1.039198637008667,1.2450664043426514,154.2550048828125,15.100000381469727,0.0026050744738818675,-7.467856625217086e-05,0.009876536849527476,-0.050995233071065085,0.004966734058255477,0.005541057590421529,0.004962967436485717,0.005576906355163141,0.007438268542503407,0.006376996961999428
2025-02-14,1.0461673736572266,1.2563445568084717,152.98899841308594,14.770000457763672,0.0066834911027321,0.009017493778223263,-0.008241095814898387,-0.022096641547685154,0.005717372095661618,0.0056477297836525055,0.0058032895692980745,0.005813050985173866,0.007033953890462448,0.006447352929434309
2025-02-17,1.0489217042922974,1.2584155797958374,152.0229949951172,14.770000457763672,0.002629322305061365,0.0016470942301257065,-0.006334220743474638,0.0,0.0031096013549224053,0.005647418514524111,0.0049110762186925705,0.005807945038962592,0.007859286945714118,0.0061584996803508586
2025-02-18,1.048536777496338,1.262148141860962,151.44400024414062,15.350000381469727,-0.0003670411630294712,0.002961690483311621,-0.003815871001560348,0.038517371348564894,0.002898230085191243,0.0056532774802097435,0.0038515610560884293,0.005804810727903124,0.008073320457932655,0.006104023873840492
2025-02-19,1.044833779335022,1.2625784873962402,151.93099975585938,15.270000457763672,-0.0035378371130214345,0.0003409046622784125,0.003210547540408002,-0.005225349676138614,0.003813730069902944,0.005689397415999852,0.003685145183550715,0.0056100169359801,0.007497095733009651,0.005970220527756914
2025-02-20,1.0421009063720703,1.2584155797958374,151.22000122070312,15.65999984741211,-0.002619032156404236,-0.003302595145590119,-0.004690730603149487,0.02521953161034285,0.004169446403089129,0.004914789991926012,0.004502121365784753,0.005084678310818472,0.004357039682334498,0.005894639101702251
2025-02-21,1.0500562191009521,1.2670401334762573,149.4080047607422,18.209999084472656,0.0076049269657811865,0.00683012350083451,-0.012054887549925447,0.15086116264458116,0.004514013379730372,0.005161039099965341,0.0037008723144456657,0.0052352173449359335,0.005479888769112081,0.006233150638117797
2025-02-24,1.0474823713302612,1.2649900913238525,149.38699340820312,18.979999542236328,-0.0024541613434621305,-0.0016192876216685676,-0.0001406405910571407,0.0414149256001298,0.004554971372319426,0.005197081801779669,0.003988642580183071,0.0052325867239628185,0.005723208117163112,0.006094941436153134
2025-02-25,1.0461344718933105,1.261781930923462,149.86399841308594,19.43000030517578,-0.001287627798320897,-0.0025393364308743845,0.003187995508222904,0.02343251003220151,0.004578187072614574,0.005207277330868064,0.0040843425867752685,0.005271832999830003,0.006438469188717524,0.0061984197743724
2025-02-26,1.0524100065231323,1.2674431800842285,149.0780029296875,19.100000381469727,0.005980862832362414,0.0044766743701063864,-0.005258527012394742,-0.017129924070949657,0.004942312795957984,0.005256957219095402,0.004574684743056043,0.005063622941765634,0.005772488406342167,0.006238958171060538
2025-02-27,1.0488777160644531,1.2682307958602905,148.83799743652344,21.1299991607666,-0.0033620277203350937,0.0006212279724159363,-0.0016112296405123299,0.10100543688551947,0.0051035909755970145,0.0052894161967144675,0.00400233449750786,0.005061516046329781,0.005816655251518043,0.006193082501604841
2025-02-28,1.039511799812317,1.259890079498291,150.01199340820312,19.6299991607666,-0.008969571024957386,-0.0065983764504147615,0.00785679803780547,-0.07363482637456453,0.005358083515454483,0.0056313138010861555,0.004081370875822059,0.005283399772290225,0.004972556363011242,0.006408180296736682
2025-03-03,1.0413846969604492,1.260398268699646,150.77099609375,22.780000686645508,0.0018000872765831179,0.0004032786237381453,0.005046856524927184,0.14882402262573163,0.0056037567797950485,0.005646242387320239,0.004121016248293416,0.005282193838724752,0.005258394602972809,0.006560685176333113
2025-03-04,1.0485037565231323,1.270147681236267,149.30499267578125,23.510000228881836,0.006812887153838506,0.007705420859787906,-0.009770958932373444,0.031542884125980525,0.006636251877676144,0.00579623946729562,0.005356480307600618,0.005447342780291837,0.007247874118068913,0.00670269190208435
2025-03-05,1.062699317932129,1.2794268131256104,149.7989959716797,21.93000030517578,0.013448043458163524,0.00727899724454682,0.0033032240547285043,-0.06957029594178693,0.008708181983310182,0.005432921558759293,0.005889243530850225,0.004934829890847291,0.0069196007463066325,0.006445074980744066
2025-03-06,1.0794938802719116,1.2891913652420044,148.8979949951172,24.8700008392334,0.01568010434631488,0.007602997779672843,-0.006032894448428495,0.12580671521442058,0.00989019796698628,0.006081813415366754,0.006326975460705883,0.004650393807514219,0.00758199006464548,0.00650595935860926
2025-03-07,1.0787951946258545,1.2885303497314453,148.10800170898438,23.3700008392334,-0.000647444013491739,-0.0005128680269933294,-0.005319725244147384,-0.062209107098641185,0.007099335914192335,0.0060829080852504045,0.004169472908893837,0.0046482288894994315,0.006401494552710692,0.00643728896753939
2025-03-10,1.086059331893921,1.2932428121566772,147.60800170898438,27.860000610351562,0.00671099553549719,0.003650566771888138,-0.0033816260918960264,0.17573880579798803,0.0064364307711341755,0.006171143060761088,0.0035845590239727324,0.00467025860250726,0.004811673771646387,0.006189031694847342
2025-03-11,1.0839403867721558,1.2875481843948364,147.06900024414062,26.920000076293945,-0.001952945686590632,-0.004413094288955413,-0.003658256751530727,-0.03432248264884245,0.007984723510243158,0.006185183536476451,0.005167846234493492,0.004609284655509631,0.0037043067409185284,0.00596367433862184
2025-03-12,1.0914170742034912,1.294481635093689,148.04200744628906,24.229999542236328,0.006874012208263975,0.0053705556082757205,0.00659420152147821,-0.10527799167462569,0.007074370533949349,0.005919491735164406,0.004804792814563531,0.004519987709512294,0.005127305382084464,0.006083897907692721
2025-03-13,1.0886249542236328,1.2964283227920532,148.2790069580078,24.65999984741211,-0.002561529979828587,0.0015027060734097918,0.0015996135996676848,0.017590975612529973,0.004714192371273437,0.005974178006625714,0.003804564515093279,0.004410062302015182,0.004891042969679599,0.006111336058190315
2025-03-14,1.085564136505127,1.2958402633666992,147.94900512695312,21.770000457763672,-0.0028155966319873735,-0.00045370255117957214,-0.0022280267503777865,-0.12464959527480426,0.005068719722920855,0.0060200221203006235,0.0037983047769277046,0.004286541899635865,0.004347236543851118,0.005880404668071725
2025-03-17,1.0881274938583374,1.2930588722229004,148.59800720214844,20.510000228881836,0.002358530074516342,-0.0021487065105698262,0.004377067273538216,-0.059620313029912886,0.004195052044667147,0.006019271432469314,0.003721395350634171,0.00435234681212061,0.004318887254844867,0.0054792701152535225
2025-03-18,1.091917634010315,1.2985326051712036,149.37899780273438,21.700000762939453,0.0034771243239103676,0.004224231431186543,0.005241964150373842,0.05639971246110034,0.0041424899876771485,0.005941096329002655,0.003135865882625294,0.0040811229615614975,0.0035023543880816355,0.005466634445891399
2025-03-19,1.093948245048523,1.3000519275665283,149.45199584960938,19.899999618530273,0.0018579471337151732,0.0011693462724085301,0.0004885574112296461,-0.0865925831437999,0.002937721661778363,0.005939144637293262,0.002377232692203945,0.004081581250406407,0.0030177602187850994,0.005346906370174049
2025-03-20,1.0911908149719238,1.3010668754577637,148.49000549316406,19.799999237060547,-0.002523804174013747,0.0007803933765462794,-0.006457590370353227,-0.005037813392920311,0.002928043071705202,0.005996056577716364,0.00235011118537217,0.004070341916374569,0.004825343777787013,0.0054471648967641785
2025-03-21,1.0856702327728271,1.2967981100082397,148.5959930419922,19.280000686645508,-0.005072068371072948,-0.0032863673172924307,0.0007135142944957295,-0.02661357437140071,0.0036468678378381537,0.006069716465325058,0.0029634638387377632,0.004186268272317155,0.00461728063189232,0.0053831758076699696
2025-03-24,1.0835762023925781,1.2924572229385376,149.677001953125,17.479999542236328,-0.0019306529647782715,-0.00335300353069292,0.007248484860063822,-0.09801098075725649,0.003458742171701203,0.006047895631845932,0.003233420756080267,0.004188871956925993,0.005291458728045375,0.005592081529180591
2025-03-25,1.0803569555282593,1.2924238443374634,150.7740020751953,17.149999618530273,-0.0029753684650426575,-2.5826024646625106e-05,0.007302388623376669,-0.019059192670720065,0.0025233385683870726,0.005982460277275549,0.002212057128887245,0.004001959522802945,0.005723481294537138,0.005190282237356398
2025-03-26,1.0787487030029297,1.2943308353424072,149.9499969482422,18.329999923706055,-0.0014897398063046796,0.0014744276799013361,-0.005480155836218757,0.06654090632055294,0.0013912103507163133,0.00595717429776313,0.002287803402937854,0.003963327800034014,0.006631247762930817,0.0053401169804166634
2025-03-27,1.0742061138153076,1.2877637147903442,150.47300720214844,18.690000534057617,-0.004219871121378601,-0.005086672532309545,0.003481829121322984,0.01944959235261349,0.001509301334696687,0.006050758661110325,0.0026910278034818136,0.004107532576945414,0.0053228770842354695,0.005348383148886629
2025-03-28,1.080100178718567,1.295202612876892,150.8470001220703,21.649999618530273,0.005471904928493531,0.0057599811300563615,0.0024823649467725184,0.14701678678666755,0.003783418841418149,0.006032569286152198,0.0042475209999931155,0.0041690031786989845,0.00521950850330322,0.005226496802850415
2025-03-31,1.082391619682312,1.2938284873962402,149.61700439453125,22.280000686645508,0.002119260589161071,-0.0010614979553816785,-0.008187354091515992,0.02868400904935161,0.003970931178794449,0.005948632420301725,0.003941069242523438,0.004191367361262452,0.006493128595777782,0.005534157513165179
2025-04-01,1.0818880796432495,1.292089819908142,149.91299438476562,21.770000457763672,-0.00046531882945168224,-0.0013447197811203386,0.00197636355480717,-0.02315654960427546,0.003683579197938618,0.005500088782084248,0.00400459872268492,0.0038815190811678927,0.005307931827194295,0.005285021554838431
2025-04-02,1.0795987844467163,1.292306900024414,149.7830047607422,21.510000228881836,-0.0021182604350527302,0.000167992874397492,-0.0008674765932522412,-0.01201494235336976,0.0037689445183723526,0.0055637106494473235,0.003921896808036,0.0038839895256408503,0.004736249687998174,0.005163504482306661
2025-04-03,1.090869426727295,1.3046314716339111,147.8719940185547,30.020000457763672,0.010385541263550277,0.009491687806518618,-0.012840617543616413,0.3333458875335828,0.004990149052453783,0.005770250172964213,0.004805279531515566,0.0040432576111465775,0.006744016815382315,0.005464361521813485
2025-04-04,1.1043744087219238,1.308866262435913,146.2310028076172,45.310001373291016,0.012304011200254634,0.003240710296409008,-0.011159411895395622,0.41166394753389157,0.006512502781017969,0.005664469468668587,0.004514755725530683,0.0038416132148192347,0.006479402721614567,0.005849207330635007
2025-04-07,1.098454475402832,1.2910722494125366,145.43299865722656,46.97999954223633,-0.005374859221748646,-0.013688239761824513,-0.005472092117328731,0.03619418049913722,0.007896829675356145,0.004929562440628875,0.008498370013964886,0.004695019349839156,0.0063859540809869594,0.005827849593315788
2025-04-08,1.0915361642837524,1.2734960317611694,147.78900146484375,52.33000183105469,-0.006318140368247303,-0.013707174789800387,0.016070100532667674,0.1078478858876829,0.008899134512193936,0.005151636230487401,0.010414604757970245,0.0055393248032999465,0.011593475096094525,0.0067899729686715675
2025-04-09,1.0980443954467773,1.2790995836257935,145.84500122070312,33.619998931884766,0.00594474617600662,0.004390480679481615,-0.013241168458047303,-0.4424487591644147,0.008746351420985204,0.0051103080208639625,0.010886002612391027,0.00556810966766515,0.012358827705386525,0.007321593190338504
2025-04-10,1.0952062606811523,1.2825446128845215,147.3990020751953,40.720001220703125,-0.0025880638328910897,0.002689703230717074,0.010598787250872375,0.19159830601000538,0.008048078395201245,0.0051265862675528755,0.009406908721577118,0.00553623223927066,0.01321300858227307,0.0076563262347348554
2025-04-11,1.1257838010787964,1.2992074489593506,143.7469940185547,37.560001373291016,0.02753679368654884,0.012908340573233526,-0.025088441266922064,-0.08077971131758639,0.014101324745394153,0.007634860824899169,0.01180485307849798,0.006100410310954578,0.016930578683875663,0.009200882844137642
2025-04-14,1.1343141794204712,1.3085237741470337,143.6959991455078,30.889999389648438,0.007548715960574773,0.0071451879251820845,-0.0003548173014798214,-0.19550720373103717,0.013141767003333834,0.007688561866263605,0.009950151369944584,0.0062754028502148675,0.016930683006861652,0.009180579017594212
2025-04-15,1.1339668035507202,1.3174536228179932,143.2209930419922,30.1200008392334,-0.0003062899835378224,0.006801188085595999,-0.003311107744918702,-0.025243056376930858,0.011900846712212641,0.007634180858646596,0.0038771915084326192,0.006416227045841173,0.013518791526706257,0.009187979672566831
2025-04-16,1.1292672157287598,1.323101282119751,143.18099975585938,32.63999938964844,-0.004152990399168905,0.004277637176199527,-0.0002792807829447953,0.08034908060172265,0.013058231046437685,0.007744352369148296,0.0038949166126318628,0.006424164514552266,0.013085895961499991,0.009099931215494881
2025-04-17,1.1396790742874146,1.3233989477157593,141.92799377441406,29.649999618530273,0.009177768277881679,0.00022495036570017988,-0.008789719560252247,-0.09607639881843334,0.012247030747201838,0.00790089365481085,0.004626764644048302,0.006386360364135227,0.010389116536989748,0.009082807777140968
2025-04-21,1.1396790742874146,1.3233989477157593,141.92799377441406,33.81999969482422,0.0,0.0,0.0,0.13159022186892802,0.005666983940726953,0.007911801497747202,0.003449123117056245,0.006388548098250657,0.0037413511123583054,0.009076194035579136
2025-04-22,1.1512778997421265,1.3379716873168945,140.87600708007812,30.56999969482422,0.01012583360643525,0.010951413572844626,-0.007439721810117332,-0.10103320852701309,0.006325233265040051,0.0080365927521002,0.004622761940355097,0.006744482295434397,0.004033761624557753,0.009099755016257196
2025-04-23,1.1351252794265747,1.327316164970398,142.68800354003906,28.450000762939453,-0.014129519405897227,-0.007995818618505575,0.012780332170880352,-0.07187093853069917,0.010042983357524524,0.008648282711676638,0.006911773648498599,0.006967094693553206,0.008562174670335716,0.009643325121584086
2025-04-24,1.132733702659607,1.326453447341919,143.22300720214844,26.469999313354492,-0.0021091061414329868,-0.0006501827851734576,0.003742453186093828,-0.07213619709070036,0.009861246981947869,0.008652252098179795,0.006764971693087861,0.006909211261061903,0.008802475030766395,0.009514008923343354
2025-04-25,1.1371906995773315,1.3326226472854614,142.87899780273438,24.84000015258789,0.003927005358487813,0.004640116185411086,-0.002404803595796858,-0.063556727090384,0.008959492062492936,0.008587515727191911,0.0070030692854442435,0.006941965164498292,0.007575545458903423,0.009284196056926989
2025-04-28,1.1343141794204712,1.3290096521377563,143.84100341796875,25.149999618530273,-0.0025327013127678976,-0.002714873401281407,0.0067104437853408765,0.012402618169858071,0.009000101041163028,0.008612451823886851,0.00723897160876448,0.006996844399924603,0.007868512652376444,0.0094565937032845
2025-04-29,1.1409143209457397,1.3436164855957031,142.17799377441406,24.170000076293945,0.005801755768966738,0.01093080598881168,-0.011628796691263078,-0.03974568350601866,0.00779798636475544,0.008516621307596702,0.007231782087218033,0.007143156711686976,0.00930669464217241,0.00959553731029134
2025-04-30,1.1389262676239014,1.3410794734954834,142.2989959716797,24.700000762939453,-0.0017440288024672278,-0.0018899815055920617,0.000850699416293441,0.021691076650220915,0.003897154502625866,0.00854524395389209,0.005724836429537471,0.007134023950421362,0.0070583480664072554,0.009560809186354685
2025-05-01,1.1324899196624756,1.3323917388916016,143.00900268554688,24.600000381469727,-0.005667270687163898,-0.006499239748322551,0.004977134765874248,-0.004056816076951518,0.004760426580410502,0.00871740334257616,0.006895748203510073,0.00732171070814146,0.007264475390969297,0.00960968412630199
2025-05-02,1.1296498775482178,1.3286387920379639,145.447998046875,22.68000030517578,-0.0025109355398079715,-0.0028206736437501032,0.016911036867376387,-0.08126296612994292,0.004262815219573191,0.008756406416217164,0.00668634134428777,0.007354124546673003,0.010346781175875891,0.010402687673444903
2025-05-05,1.1323232650756836,1.3271929025650024,144.62399291992188,23.639999389648438,0.002363767033181694,-0.0010888412987544538,-0.005681398887649577,0.04145667440402957,0.004474789040013111,0.00870892488030993,0.006596631631570388,0.007367944610812752,0.010875337123953315,0.010442071917134775
2025-05-06,1.1313369274139404,1.3292568922042847,143.6540069580078,24.760000228881836,-0.0008714538758396441,0.001553946217000642,-0.006729543169774497,0.046289290341108305,0.0028982106842598996,0.008531981371218317,0.0029273951339477485,0.007133753204600326,0.0095878901360715,0.010207266991017839
2025-05-07,1.1342755556106567,1.335594892501831,143.03500366210938,23.549999237060547,0.002594115160183952,0.004756746536188404,-0.0043182977713351655,-0.05010366899456484,0.0034695275234453895,0.008199584922600504,0.004273887475429223,0.007165199984632682,0.01002053969568407,0.009995094325839645
2025-05-08,1.1306205987930298,1.3294159173965454,143.84800720214844,22.479999542236328,-0.0032274857133955054,-0.004637119034920772,0.005667855437230528,-0.04649978340350906,0.002704251518096351,0.00812989716371631,0.0036975041563758796,0.006517080904966429,0.010093027377920744,0.010040061238686731
2025-05-09,1.122422695159912,1.323539137840271,146.01499938964844,21.899999618530273,-0.007277214631164086,-0.004430372204926768,0.014952115379834693,-0.026139385258591493,0.004129525807062129,0.008175204707066343,0.004012488117587592,0.005753123890739151,0.00933910491295769,0.009954674639948776
2025-05-12,1.12296462059021,1.3289036750793457,145.81199645996094,18.389999389648438,0.00048270107969245125,0.004044984138729205,-0.0013912555405692958,-0.1746796139768351,0.0037855178076968104,0.008109094712844328,0.004533278876839976,0.005746045747180257,0.008777457455121861,0.009547475609422363
2025-05-13,1.1095577478408813,1.3177834749221802,148.30999755859375,18.219999313354492,-0.012010660324811111,-0.008403158335535134,0.016986564855993525,-0.009287151281460961,0.005895369160310037,0.008545818362213629,0.0058245738930377804,0.006132130727266362,0.009504387356211242,0.00997312080507585
2025-05-14,1.1185556650161743,1.3304418325424194,147.5279998779297,18.6200008392334,0.008076757706772764,0.009559952464159556,-0.0052866738469833354,0.02171646277508113,0.007650883187080167,0.00634870970446914,0.0073571390715533175,0.005864226227069517,0.009782669627802009,0.008333324269473847
2025-05-15,1.1181930303573608,1.3263479471206665,146.64999389648438,17.829999923706055,-0.00032425159137525964,-0.0030818310829799586,-0.005969233641529366,-0.04335388932444697,0.007719353531551006,0.00610278177206277,0.007183765129699127,0.0057650390971197025,0.01121598051132662,0.008467458376017874
2025-05-16,1.1192693710327148,1.3306896686553955,145.61300659179688,17.239999771118164,0.0009621084651180851,0.003268094793421258,-0.007096291043424032,-0.03365017563674573,0.0072313689398521225,0.006112174107326048,0.006941534141375872,0.005632185020504985,0.010036146012789685,0.008595125175525046
2025-05-19,1.1187559366226196,1.3305498361587524,145.29800415039062,18.139999389648438,-0.00045882807253922446,-0.00010508824667516826,-0.002165628339158659,0.05088715908092825,0.007209567879026205,0.0060602381427754355,0.006743300700123145,0.005567654690320654,0.01005829740352342,0.008615297443275846
2025-05-20,1.1233429908752441,1.3360053300857544,144.97500610351562,18.09000015258789,0.00409175580635506,0.004091797242936738,-0.002225478558294508,-0.0027601031981324977,0.003630614114210728,0.005766353891531204,0.004759359699239795,0.0056273712803617286,0.0022432749358033866,0.008382710900474225
2025-05-21,1.1287955045700073,1.3397821187973022,144.3280029296875,20.8700008392334,0.004842086185194891,0.0028229381382441415,-0.004472848413655731,0.14295345345940377,0.002491018686196633,0.005883807354139161,0.0029627858782726134,0.00564921898620554,0.002205547103835221,0.008461118225306303
2025-05-22,1.133118748664856,1.3419036865234375,143.7550048828125,20.280000686645508,0.003822646550956042,0.0015822645326673207,-0.0039780118018536564,-0.028677548720296264,0.0022788578451532534,0.005484952348601542,0.0016367408505282156,0.005160503519915589,0.0020201590689139337,0.008332535930577182
2025-05-23,1.1281843185424805,1.3419216871261597,143.85800170898438,22.290000915527344,-0.004364242923425007,1.3414138564443992e-05,0.0007162181696524641,0.0945029758899914,0.003920146921943489,0.004685141819183009,0.0018094659819666722,0.00483174701152927,0.002035918878745376,0.00790057913198545
2025-05-26,1.1372811794281006,1.3535828590393066,142.86700439453125,22.290000915527344,0.008030940913750891,0.008652365049242331,-0.006912555511087243,0.0,0.004593454798232422,0.004985644310228828,0.0032850703587220826,0.005124700191933691,0.0028347247636724255,0.008009902667562938
2025-05-27,1.1388484239578247,1.3565207719802856,142.65499877929688,18.959999084472656,0.0013771138296125233,0.0021681193724225737,-0.0014850389941216573,-0.16180673993166564,0.004634454047233291,0.004923693526461342,0.00330116805141137,0.005066020192444498,0.0029275788876554775,0.00799976565026814
2025-05-28,1.1337097883224487,1.3513330221176147,144.177001953125,19.309999465942383,-0.004522343467707766,-0.0038316368638122377,0.010612605670588398,0.018291620243806275,0.00540206027802289,0.0049915093139017725,0.004527983173815687,0.005108417417997794,0.0066845822472871635,0.008198092278001935
2025-05-29,1.123368263244629,1.3431472778320312,145.69700622558594,19.18000030517578,-0.009163703876655521,-0.006075954215461138,0.010487440482411908,-0.006754983416935554,0.006612988790281532,0.005176072432169966,0.005722573592191448,0.004771223318996763,0.007699081114524083,0.008045159598975048
2025-05-30,1.1378376483917236,1.3498992919921875,143.7790069580078,18.56999969482422,0.012798111458263317,0.00501441629991563,-0.013251718609846698,-0.032320726435630054,0.008945539188173212,0.005913072415099807,0.006109021897010833,0.004868170336343363,0.010584780096616285,0.008608981940178744
2025-06-02,1.1353315114974976,1.346728801727295,143.81500244140625,18.360000610351562,-0.0022049726468498553,-0.002351449006381333,0.0002503215116446751,-0.011372940494915069,0.00828230452014032,0.005801284706177264,0.004522690187940303,0.004668619482506134,0.009896235233314878,0.008549930082003245
2025-06-03,1.1453442573547363,1.3556748628616333,142.45199584960938,17.690000534057617,0.008780564361130163,0.0066208419794309015,-0.00952269664267117,-0.03717488007439647,0.009269668888186084,0.006052070559568249,0.0056131557904443245,0.0047826923744987175,0.01105170442745282,0.00793296510148979
2025-06-04,1.1384464502334595,1.353143334388733,143.83700561523438,17.610000610351562,-0.006040683214396936,-0.001869102335823403,0.009675681313417504,-0.004532581194009188,0.009522848246319065,0.006200661907113979,0.00535167130846208,0.004801122238563817,0.010826389487820736,0.00816860692075225
2025-06-05,1.1422044038772583,1.3552155494689941,142.73199462890625,18.479999542236328,0.0032955128033733162,0.0015302369984823547,-0.007712044653470919,0.04822208427528902,0.007710390874416526,0.0062285101567955015,0.004010673141321755,0.0048009664593945765,0.009150142360404973,0.008208319126938769
2025-06-06,1.1453834772109985,1.3579576015472412,143.54200744628906,16.770000457763672,0.002779412678818525,0.0020212886234695178,0.005659018794563182,-0.09709743831107769,0.00566342712039843,0.006231694006740359,0.0036125065433253974,0.004730666170120404,0.008296370178253862,0.008250826318560823
2025-06-09,1.1407841444015503,1.3538211584091187,144.6909942626953,17.15999984741211,-0.004023623614523357,-0.003050725529186999,0.007972667222109297,0.022989482036049294,0.005995251532022502,0.006256286802562529,0.0037929347656948257,0.00465606709983967,0.00911027924827726,0.008338250432043377
2025-06-10,1.1428048610687256,1.3556748628616333,144.5399932861328,16.950000762939453,0.0017697730981871202,0.001368302243058468,-0.0010441549957104527,-0.01231320633011249,0.004284031536651241,0.006020034831122595,0.0022967343008859532,0.004505997082663107,0.0072011339636050406,0.0076670151547325776
2025-06-11,1.143746018409729,1.3508219718933105,144.83799743652344,17.260000228881836,0.0008232114164616173,-0.0035861088819740057,0.002059619358000751,0.018123820078471166,0.0029270711096072203,0.006019569407019883,0.0027329912582714135,0.0045611103084316216,0.006139558256890568,0.007682372787741642
2025-06-12,1.1509333848953247,1.3567416667938232,144.2030029296875,18.020000457763672,0.006264395784009404,0.004372716672874474,-0.004393809373813192,0.04309057866717449,0.003720720383027317,0.005390827422657707,0.0034275455884746485,0.004134446493923971,0.004979949004921275,0.006677442192354044
2025-06-13,1.1600254774093628,1.3627691268920898,143.19400024414062,20.81999969482422,0.007868715947294892,0.004432760466996532,-0.007021693476768505,0.14443177094572332,0.004714024391485849,0.0053792129373372004,0.003882891149275987,0.003777176843838518,0.005837958291041021,0.006737040124381952
2025-06-16,1.1556684970855713,1.3557006120681763,144.09100341796875,19.110000610351562,-0.003763006263429779,-0.005200374793670563,0.006244712236178958,-0.08570225833796581,0.004623878102113011,0.0054883098808108325,0.004476645633716373,0.003913190882088025,0.0052317567630386815,0.006841170602523648
2025-06-17,1.1551345586776733,1.3565576076507568,144.72900390625,21.600000381469727,-0.00046212368991682803,0.0006319424934323783,0.004417987049663807,0.12248154215971613,0.004826465974248782,0.005503316376523071,0.004443779336269685,0.003880495073796417,0.0057233132662630245,0.006776695308486596
2025-06-18,1.1482638120651245,1.3430029153823853,145.37600708007812,20.139999389648438,-0.005965765260147934,-0.010042231736888377,0.00446048308062232,-0.06998547536577886,0.0060830761249110535,0.005714675855868246,0.006330869708097107,0.004524865924333928,0.006005649682024406,0.006835739240038901
2025-06-19,1.1477497816085815,1.3416515588760376,144.9550018310547,20.139999389648438,-0.00044775907821049477,-0.0010067266632918174,-0.0029001762208778798,0.0,0.005257061839743467,0.005686546177453664,0.005566267618604346,0.004458110068108251,0.005716542234915127,0.006847816631816718
2025-06-20,1.1512778997421265,1.3476725816726685,145.21800231933594,20.6200008392334,0.003069228728114232,0.00447772937891749,0.0018127155630360985,0.02355366230380821,0.003468628766805213,0.0056415493615827395,0.0055797584101122365,0.004518174054023605,0.0035604639039187283,0.00678340773015264
2025-06-23,1.1500862836837769,1.3435983657836914,146.2239990234375,19.829999923706055,-0.0010355737465834497,-0.003027728594355309,0.0069036082303221245,-0.0390655806044794,0.003232955314926266,0.005616581325042971,0.005371103167379886,0.0045609645245529296,0.0037277649945984155,0.0068545382589945475
2025-06-24,1.1599044799804688,1.3545364141464233,145.92799377441406,17.479999542236328,0.008500688032483909,0.008107903552166324,-0.0020263791287339944,-0.12613859464476848,0.005365372517716974,0.0057353319604966715,0.007006614182881999,0.0048730616188667215,0.004175690304165492,0.006880530741861179
2025-06-25,1.161224365234375,1.361488938331604,144.95700073242188,16.760000228881836,0.00113727887091598,0.005119642469265145,-0.00667615495361159,-0.04206223532916502,0.003842302277191598,0.0055325404234810825,0.004604380353424188,0.0046417683858381055,0.005156737785255427,0.006868332498550617
2025-06-26,1.1683744192123413,1.369187831878662,144.9040069580078,16.59000015258789,0.006138461676132699,0.005638832124558204,-0.00036564956029608227,-0.010194995310435646,0.0038173477273127977,0.005642207777778326,0.004195575556917896,0.0047668343056098,0.004993294007428421,0.006855818945222085
2025-06-27,1.1692214012145996,1.37247633934021,144.69400024414062,16.31999969482422,0.000724660809128604,0.0023989145520633957,-0.001450332843847373,-0.01640878256347104,0.004031033473658692,0.005499513422278267,0.0042469238671998125,0.004686460412358149,0.004897977045540286,0.006499315024367246
